{
    "FactionId": 0,
    "BuildingType": 18,
    "Quality": 4,
    "NameSeed": 0,
    "RmbSubRecord": {
        "XPos": 1536,
        "ZPos": 1088,
        "YRotation": 512,
        "Exterior": {
            "Header": {
                "Num3dObjectRecords": 1,
                "NumFlatObjectRecords": 0,
                "NumSection3Records": 0,
                "NumPeopleRecords": 0,
                "NumDoorRecords": 0
            },
            "Block3dObjectRecords": [
                {
                    "ModelId": "332",
                    "ModelIdNum": 332,
                    "ObjectType": 4,
                    "XPos": 0,
                    "YPos": 0,
                    "ZPos": 0,
                    "XRotation": 0,
                    "YRotation": 0,
                    "ZRotation": 0
                }
            ],
            "BlockFlatObjectRecords": [],
            "BlockSection3Records": [],
            "BlockPeopleRecords": [],
            "BlockDoorRecords": []
        },
        "Interior": {
            "Header": {
                "Num3dObjectRecords": 22,
                "NumFlatObjectRecords": 6,
                "NumSection3Records": 4,
                "NumPeopleRecords": 1,
                "NumDoorRecords": 2
            },
            "Block3dObjectRecords": [
                {
                    "ModelId": "8000",
                    "ModelIdNum": 8000,
                    "ObjectType": 13,
                    "XPos": 61,
                    "YPos": -63,
                    "ZPos": -128,
                    "XRotation": 0,
                    "YRotation": -1536,
                    "ZRotation": 0
                },
                {
                    "ModelId": "8000",
                    "ModelIdNum": 8000,
                    "ObjectType": 13,
                    "XPos": 61,
                    "YPos": -63,
                    "ZPos": 0,
                    "XRotation": 0,
                    "YRotation": -1536,
                    "ZRotation": 0
                },
                {
                    "ModelId": "3000",
                    "ModelIdNum": 3000,
                    "ObjectType": 13,
                    "XPos": -3,
                    "YPos": -64,
                    "ZPos": 0,
                    "XRotation": 0,
                    "YRotation": 0,
                    "ZRotation": 0
                },
                {
                    "ModelId": "3000",
                    "ModelIdNum": 3000,
                    "ObjectType": 13,
                    "XPos": -3,
                    "YPos": -64,
                    "ZPos": -128,
                    "XRotation": 0,
                    "YRotation": 0,
                    "ZRotation": 0
                },
                {
                    "ModelId": "3002",
                    "ModelIdNum": 3002,
                    "ObjectType": 13,
                    "XPos": -64,
                    "YPos": -64,
                    "ZPos": -186,
                    "XRotation": 0,
                    "YRotation": -512,
                    "ZRotation": 0
                },
                {
                    "ModelId": "3004",
                    "ModelIdNum": 3004,
                    "ObjectType": 13,
                    "XPos": 64,
                    "YPos": -64,
                    "ZPos": 70,
                    "XRotation": 0,
                    "YRotation": -512,
                    "ZRotation": 0
                },
                {
                    "ModelId": "3004",
                    "ModelIdNum": 3004,
                    "ObjectType": 13,
                    "XPos": 122,
                    "YPos": -64,
                    "ZPos": 128,
                    "XRotation": 0,
                    "YRotation": 0,
                    "ZRotation": 0
                },
                {
                    "ModelId": "3006",
                    "ModelIdNum": 3006,
                    "ObjectType": 13,
                    "XPos": -122,
                    "YPos": -64,
                    "ZPos": 0,
                    "XRotation": 0,
                    "YRotation": -1024,
                    "ZRotation": 0
                },
                {
                    "ModelId": "3019",
                    "ModelIdNum": 3019,
                    "ObjectType": 13,
                    "XPos": 0,
                    "YPos": -64,
                    "ZPos": 186,
                    "XRotation": 0,
                    "YRotation": -1536,
                    "ZRotation": 0
                },
                {
                    "ModelId": "4000",
                    "ModelIdNum": 4000,
                    "ObjectType": 13,
                    "XPos": -7,
                    "YPos": -64,
                    "ZPos": -64,
                    "XRotation": 0,
                    "YRotation": -512,
                    "ZRotation": 0
                },
                {
                    "ModelId": "1002",
                    "ModelIdNum": 1002,
                    "ObjectType": 13,
                    "XPos": -64,
                    "YPos": 0,
                    "ZPos": 0,
                    "XRotation": 0,
                    "YRotation": 0,
                    "ZRotation": 0
                },
                {
                    "ModelId": "1000",
                    "ModelIdNum": 1000,
                    "ObjectType": 5,
                    "XPos": 64,
                    "YPos": 0,
                    "ZPos": 128,
                    "XRotation": 0,
                    "YRotation": 0,
                    "ZRotation": 0
                },
                {
                    "ModelId": "2102",
                    "ModelIdNum": 2102,
                    "ObjectType": 13,
                    "XPos": -64,
                    "YPos": -128,
                    "ZPos": -1,
                    "XRotation": 0,
                    "YRotation": 0,
                    "ZRotation": 0
                },
                {
                    "ModelId": "2100",
                    "ModelIdNum": 2100,
                    "ObjectType": 13,
                    "XPos": 64,
                    "YPos": -128,
                    "ZPos": 127,
                    "XRotation": 0,
                    "YRotation": 0,
                    "ZRotation": 0
                },
                {
                    "ModelId": "4000",
                    "ModelIdNum": 4000,
                    "ObjectType": 13,
                    "XPos": 0,
                    "YPos": -64,
                    "ZPos": 71,
                    "XRotation": 0,
                    "YRotation": -1024,
                    "ZRotation": 0
                },
                {
                    "ModelId": "4000",
                    "ModelIdNum": 4000,
                    "ObjectType": 13,
                    "XPos": -7,
                    "YPos": -64,
                    "ZPos": 64,
                    "XRotation": 0,
                    "YRotation": -512,
                    "ZRotation": 0
                },
                {
                    "ModelId": "41119",
                    "ModelIdNum": 41119,
                    "ObjectType": 3,
                    "XPos": -62,
                    "YPos": 1,
                    "ZPos": 142,
                    "XRotation": 0,
                    "YRotation": -1384,
                    "ZRotation": 0
                },
                {
                    "ModelId": "41832",
                    "ModelIdNum": 41832,
                    "ObjectType": 0,
                    "XPos": 93,
                    "YPos": -27,
                    "ZPos": -157,
                    "XRotation": 0,
                    "YRotation": 0,
                    "ZRotation": 0
                },
                {
                    "ModelId": "41818",
                    "ModelIdNum": 41818,
                    "ObjectType": 0,
                    "XPos": 102,
                    "YPos": -12,
                    "ZPos": -101,
                    "XRotation": 0,
                    "YRotation": -2012,
                    "ZRotation": 0
                },
                {
                    "ModelId": "41007",
                    "ModelIdNum": 41007,
                    "ObjectType": 0,
                    "XPos": 104,
                    "YPos": -13,
                    "ZPos": -19,
                    "XRotation": 0,
                    "YRotation": -1532,
                    "ZRotation": 0
                },
                {
                    "ModelId": "41036",
                    "ModelIdNum": 41036,
                    "ObjectType": 0,
                    "XPos": 38,
                    "YPos": -36,
                    "ZPos": -50,
                    "XRotation": 0,
                    "YRotation": 0,
                    "ZRotation": 0
                },
                {
                    "ModelId": "41037",
                    "ModelIdNum": 41037,
                    "ObjectType": 3,
                    "XPos": 112,
                    "YPos": 2,
                    "ZPos": 160,
                    "XRotation": 0,
                    "YRotation": -1536,
                    "ZRotation": 0
                },
                {
                    "ModelId": "41111",
                    "ModelIdNum": 41111,
                    "ObjectType": 0,
                    "XPos": 21,
                    "YPos": -16,
                    "ZPos": 140,
                    "XRotation": 0,
                    "YRotation": -512,
                    "ZRotation": 0
                },
                {
                    "ModelId": "41114",
                    "ModelIdNum": 41114,
                    "ObjectType": 0,
                    "XPos": 63,
                    "YPos": -8,
                    "ZPos": 160,
                    "XRotation": 0,
                    "YRotation": -412,
                    "ZRotation": 0
                },
                {
                    "ModelId": "41114",
                    "ModelIdNum": 41114,
                    "ObjectType": 0,
                    "XPos": 56,
                    "YPos": -8,
                    "ZPos": 126,
                    "XRotation": 0,
                    "YRotation": -504,
                    "ZRotation": 0
                },
                {
                    "ModelId": "41114",
                    "ModelIdNum": 41114,
                    "ObjectType": 0,
                    "XPos": -22,
                    "YPos": -8,
                    "ZPos": 166,
                    "XRotation": 0,
                    "YRotation": -542,
                    "ZRotation": 0
                },
                {
                    "ModelId": "41114",
                    "ModelIdNum": 41114,
                    "ObjectType": 0,
                    "XPos": -20,
                    "YPos": -8,
                    "ZPos": 124,
                    "XRotation": 0,
                    "YRotation": -389,
                    "ZRotation": 0
                },
                {
                    "ModelId": "41032",
                    "ModelIdNum": 41032,
                    "ObjectType": 0,
                    "XPos": -14,
                    "YPos": -36,
                    "ZPos": -67,
                    "XRotation": 0,
                    "YRotation": -1536,
                    "ZRotation": 0
                },
                {
                    "ModelId": "41005",
                    "ModelIdNum": 41005,
                    "ObjectType": 0,
                    "XPos": -34,
                    "YPos": -38,
                    "ZPos": -176,
                    "XRotation": 0,
                    "YRotation": -1024,
                    "ZRotation": 0
                },
                {
                    "ModelId": "79027",
                    "ModelIdNum": 79027,
                    "ObjectType": 0,
                    "XPos": 64,
                    "YPos": -72,
                    "ZPos": 72,
                    "XRotation": 0,
                    "YRotation": 0,
                    "ZRotation": 0
                },
                {
                    "ModelId": "42073",
                    "ModelIdNum": 42073,
                    "ObjectType": 0,
                    "XPos": 82,
                    "YPos": -10,
                    "ZPos": 30,
                    "XRotation": 0,
                    "YRotation": -1024,
                    "ZRotation": 0
                },
                {
                    "ModelId": "41116",
                    "ModelIdNum": 41116,
                    "ObjectType": 3,
                    "XPos": -110,
                    "YPos": 8,
                    "ZPos": 127,
                    "YScale": 1.0573,
                    "ZScale": 0.9671301,
                    "XRotation": 0,
                    "YRotation": -511,
                    "ZRotation": 0
                },
                {
                    "ModelId": "45076",
                    "ModelIdNum": 45076,
                    "ObjectType": 0,
                    "XPos": -114,
                    "YPos": -14,
                    "ZPos": 127,
                    "XScale": 0.456264,
                    "XRotation": 0,
                    "YRotation": 0,
                    "ZRotation": 0
                },
                {
                    "ModelId": "45081",
                    "ModelIdNum": 45081,
                    "ObjectType": 0,
                    "XPos": -100,
                    "YPos": -56,
                    "ZPos": 84,
                    "XRotation": 0,
                    "YRotation": -510,
                    "ZRotation": -510
                },
                {
                    "ModelId": "45081",
                    "ModelIdNum": 45081,
                    "ObjectType": 0,
                    "XPos": -104,
                    "YPos": -49,
                    "ZPos": 88,
                    "XScale": 0.5,
                    "YScale": 0.9,
                    "XRotation": 0,
                    "YRotation": -512,
                    "ZRotation": -511
                },
                {
                    "ModelId": "45129",
                    "ModelIdNum": 45129,
                    "ObjectType": 0,
                    "XPos": -106,
                    "YPos": -4,
                    "ZPos": 63,
                    "YScale": 1.5,
                    "ZScale": 3.0,
                    "XRotation": 0,
                    "YRotation": -511,
                    "ZRotation": -512
                },
                {
                    "ModelId": "69465",
                    "ModelIdNum": 69465,
                    "ObjectType": 0,
                    "XPos": -114,
                    "YPos": 13,
                    "ZPos": 127,
                    "XScale": 0.42474,
                    "YScale": 0.68878,
                    "ZScale": 0.86648,
                    "XRotation": 0,
                    "YRotation": 0,
                    "ZRotation": 0
                }
            ],
            "BlockFlatObjectRecords": [
                {
                    "Position": 0,
                    "XPos": 64,
                    "YPos": -82,
                    "ZPos": 128,
                    "TextureArchive": 210,
                    "TextureRecord": 13,
                    "FactionID": -32752,
                    "Flags": 17
                },
                {
                    "Position": 0,
                    "XPos": -64,
                    "YPos": -82,
                    "ZPos": -64,
                    "TextureArchive": 210,
                    "TextureRecord": 13,
                    "FactionID": -32752,
                    "Flags": 17
                },
                {
                    "Position": 0,
                    "XPos": -64,
                    "YPos": 0,
                    "ZPos": -128,
                    "TextureArchive": 199,
                    "TextureRecord": 8,
                    "FactionID": 0,
                    "Flags": 0
                },
                {
                    "Position": 0,
                    "XPos": -64,
                    "YPos": 0,
                    "ZPos": 0,
                    "TextureArchive": 199,
                    "TextureRecord": 8,
                    "FactionID": 0,
                    "Flags": 0
                },
                {
                    "Position": 0,
                    "XPos": 107,
                    "YPos": -25,
                    "ZPos": -20,
                    "TextureArchive": 210,
                    "TextureRecord": 4,
                    "FactionID": 0,
                    "Flags": 0
                },
                {
                    "Position": 0,
                    "XPos": 102,
                    "YPos": -1,
                    "ZPos": 88,
                    "TextureArchive": 205,
                    "TextureRecord": 0,
                    "FactionID": 0,
                    "Flags": 0
                },
                {
                    "Position": 0,
                    "XPos": 104,
                    "YPos": 3,
                    "ZPos": 122,
                    "TextureArchive": 205,
                    "TextureRecord": 17,
                    "FactionID": 0,
                    "Flags": 0
                },
                {
                    "Position": 0,
                    "XPos": 30,
                    "YPos": -27,
                    "ZPos": 158,
                    "TextureArchive": 56790,
                    "TextureRecord": 2,
                    "FactionID": 0,
                    "Flags": 0
                },
                {
                    "Position": 0,
                    "XPos": -76,
                    "YPos": -90,
                    "ZPos": 124,
                    "TextureArchive": 56790,
                    "TextureRecord": 11,
                    "FactionID": 0,
                    "Flags": 0
                },
                {
                    "Position": 0,
                    "XPos": -61,
                    "YPos": -85,
                    "ZPos": 136,
                    "TextureArchive": 56790,
                    "TextureRecord": 12,
                    "FactionID": 0,
                    "Flags": 0
                },
                {
                    "Position": 0,
                    "XPos": 46,
                    "YPos": -1,
                    "ZPos": -106,
                    "TextureArchive": 199,
                    "TextureRecord": 11,
                    "FactionID": 0,
                    "Flags": 0
                },
                {
                    "Position": 0,
                    "XPos": 66,
                    "YPos": -1,
                    "ZPos": -20,
                    "TextureArchive": 199,
                    "TextureRecord": 18,
                    "FactionID": 0,
                    "Flags": 0
                },
                {
                    "Position": 0,
                    "XPos": -24,
                    "YPos": -1,
                    "ZPos": 92,
                    "TextureArchive": 199,
                    "TextureRecord": 20,
                    "FactionID": 0,
                    "Flags": 0
                },
                {
                    "Position": 0,
                    "XPos": 20,
                    "YPos": -27,
                    "ZPos": 134,
                    "TextureArchive": 10021,
                    "TextureRecord": 6,
                    "FactionID": 0,
                    "Flags": 0
                },
                {
                    "Position": 0,
                    "XPos": -66,
                    "YPos": -1,
                    "ZPos": -60,
                    "TextureArchive": 199,
                    "TextureRecord": 4,
                    "FactionID": 0,
                    "Flags": 0
                }
            ],
            "BlockSection3Records": [
                {
                    "XPos": 64,
                    "YPos": 0,
                    "ZPos": 128
                },
                {
                    "XPos": -64,
                    "YPos": 0,
                    "ZPos": 128
                },
                {
                    "XPos": 64,
                    "YPos": 0,
                    "ZPos": 0
                },
                {
                    "XPos": 64,
                    "YPos": 0,
                    "ZPos": -128
                }
            ],
            "BlockPeopleRecords": [
                {
                    "Position": 3140,
                    "XPos": -56,
                    "YPos": 0,
                    "ZPos": 78,
                    "TextureArchive": 182,
                    "TextureRecord": 46,
                    "FactionID": 419,
                    "Flags": 9
                }
            ],
            "BlockDoorRecords": [
                {
                    "Position": 0,
                    "XPos": 7,
                    "YPos": -45,
                    "ZPos": 23,
                    "YRotation": -512,
                    "OpenRotation": 90,
                    "DoorModelIndex": 0
                },
                {
                    "Position": 1,
                    "XPos": 7,
                    "YPos": -45,
                    "ZPos": -105,
                    "YRotation": -512,
                    "OpenRotation": 90,
                    "DoorModelIndex": 0
                }
            ]
        }
    },
    "AutoMapData": null
}