{
    "FactionId": 0,
    "BuildingType": 18,
    "Quality": 5,
    "NameSeed": 0,
    "RmbSubRecord": {
        "XPos": 1536,
        "ZPos": 2816,
        "YRotation": 1024,
        "Exterior": {
            "Header": {
                "Num3dObjectRecords": 1,
                "NumFlatObjectRecords": 0,
                "NumSection3Records": 0,
                "NumPeopleRecords": 0,
                "NumDoorRecords": 0
            },
            "Block3dObjectRecords": [
                {
                    "ModelId": "339",
                    "ModelIdNum": 339,
                    "ObjectType": 4,
                    "XPos": 64,
                    "YPos": 0,
                    "ZPos": 0,
                    "XRotation": 0,
                    "YRotation": 0,
                    "ZRotation": 0
                }
            ],
            "BlockFlatObjectRecords": [],
            "BlockSection3Records": [],
            "BlockPeopleRecords": [],
            "BlockDoorRecords": []
        },
        "Interior": {
            "Header": {
                "Num3dObjectRecords": 18,
                "NumFlatObjectRecords": 7,
                "NumSection3Records": 7,
                "NumPeopleRecords": 1,
                "NumDoorRecords": 3
            },
            "Block3dObjectRecords": [
                {
                    "ModelId": "3700",
                    "ModelIdNum": 3700,
                    "ObjectType": 13,
                    "XPos": 125,
                    "YPos": -64,
                    "ZPos": -64,
                    "XRotation": 0,
                    "YRotation": 0,
                    "ZRotation": 0
                },
                {
                    "ModelId": "3704",
                    "ModelIdNum": 3704,
                    "ObjectType": 13,
                    "XPos": 122,
                    "YPos": -64,
                    "ZPos": -192,
                    "XRotation": 0,
                    "YRotation": 0,
                    "ZRotation": 0
                },
                {
                    "ModelId": "3719",
                    "ModelIdNum": 3719,
                    "ObjectType": 13,
                    "XPos": 0,
                    "YPos": -64,
                    "ZPos": -250,
                    "XRotation": 0,
                    "YRotation": -512,
                    "ZRotation": 0
                },
                {
                    "ModelId": "3719",
                    "ModelIdNum": 3719,
                    "ObjectType": 13,
                    "XPos": -122,
                    "YPos": -64,
                    "ZPos": -128,
                    "XRotation": 0,
                    "YRotation": -1024,
                    "ZRotation": 0
                },
                {
                    "ModelId": "3731",
                    "ModelIdNum": 3731,
                    "ObjectType": 13,
                    "XPos": 0,
                    "YPos": -64,
                    "ZPos": -6,
                    "XRotation": 0,
                    "YRotation": -1536,
                    "ZRotation": 0
                },
                {
                    "ModelId": "1707",
                    "ModelIdNum": 1707,
                    "ObjectType": 13,
                    "XPos": 0,
                    "YPos": 0,
                    "ZPos": -128,
                    "XRotation": 0,
                    "YRotation": 0,
                    "ZRotation": 0
                },
                {
                    "ModelId": "2707",
                    "ModelIdNum": 2707,
                    "ObjectType": 13,
                    "XPos": 0,
                    "YPos": -128,
                    "ZPos": -129,
                    "XRotation": 0,
                    "YRotation": 0,
                    "ZRotation": 0
                },
                {
                    "ModelId": "16113",
                    "ModelIdNum": 16113,
                    "ObjectType": 13,
                    "XPos": 189,
                    "YPos": -63,
                    "ZPos": 64,
                    "XRotation": 0,
                    "YRotation": -1024,
                    "ZRotation": 0
                },
                {
                    "ModelId": "4706",
                    "ModelIdNum": 4706,
                    "ObjectType": 13,
                    "XPos": 127,
                    "YPos": -64,
                    "ZPos": -128,
                    "XRotation": 0,
                    "YRotation": -512,
                    "ZRotation": 0
                },
                {
                    "ModelId": "41051",
                    "ModelIdNum": 41051,
                    "ObjectType": 3,
                    "XPos": 93,
                    "YPos": 1,
                    "ZPos": 240,
                    "XRotation": 0,
                    "YRotation": -1024,
                    "ZRotation": 0
                },
                {
                    "ModelId": "41025",
                    "ModelIdNum": 41025,
                    "ObjectType": 3,
                    "XPos": 116,
                    "YPos": 1,
                    "ZPos": 125,
                    "XRotation": 0,
                    "YRotation": -1536,
                    "ZRotation": 0
                },
                {
                    "ModelId": "41049",
                    "ModelIdNum": 41049,
                    "ObjectType": 3,
                    "XPos": -112,
                    "YPos": 2,
                    "ZPos": 35,
                    "XRotation": 0,
                    "YRotation": -498,
                    "ZRotation": 0
                },
                {
                    "ModelId": "41120",
                    "ModelIdNum": 41120,
                    "ObjectType": 3,
                    "XPos": 112,
                    "YPos": 2,
                    "ZPos": -160,
                    "XRotation": 0,
                    "YRotation": -1522,
                    "ZRotation": 0
                },
                {
                    "ModelId": "41112",
                    "ModelIdNum": 41112,
                    "ObjectType": 3,
                    "XPos": -45,
                    "YPos": 2,
                    "ZPos": -110,
                    "XRotation": 0,
                    "YRotation": -1522,
                    "ZRotation": 0
                },
                {
                    "ModelId": "41106",
                    "ModelIdNum": 41106,
                    "ObjectType": 3,
                    "XPos": -88,
                    "YPos": 2,
                    "ZPos": -104,
                    "XRotation": 0,
                    "YRotation": -1573,
                    "ZRotation": 0
                },
                {
                    "ModelId": "3700",
                    "ModelIdNum": 3700,
                    "ObjectType": 13,
                    "XPos": 125,
                    "YPos": -64,
                    "ZPos": 192,
                    "XRotation": 0,
                    "YRotation": 0,
                    "ZRotation": 0
                },
                {
                    "ModelId": "4700",
                    "ModelIdNum": 4700,
                    "ObjectType": 13,
                    "XPos": 121,
                    "YPos": -64,
                    "ZPos": 128,
                    "XRotation": 0,
                    "YRotation": -512,
                    "ZRotation": 0
                },
                {
                    "ModelId": "3704",
                    "ModelIdNum": 3704,
                    "ObjectType": 13,
                    "XPos": 122,
                    "YPos": -64,
                    "ZPos": 64,
                    "XRotation": 0,
                    "YRotation": 0,
                    "ZRotation": 0
                },
                {
                    "ModelId": "3704",
                    "ModelIdNum": 3704,
                    "ObjectType": 13,
                    "XPos": 64,
                    "YPos": -64,
                    "ZPos": 6,
                    "XRotation": 0,
                    "YRotation": -512,
                    "ZRotation": 0
                },
                {
                    "ModelId": "3700",
                    "ModelIdNum": 3700,
                    "ObjectType": 13,
                    "XPos": 3,
                    "YPos": -64,
                    "ZPos": 64,
                    "XRotation": 0,
                    "YRotation": -1024,
                    "ZRotation": 0
                },
                {
                    "ModelId": "3700",
                    "ModelIdNum": 3700,
                    "ObjectType": 13,
                    "XPos": -3,
                    "YPos": -64,
                    "ZPos": 64,
                    "XRotation": 0,
                    "YRotation": 0,
                    "ZRotation": 0
                },
                {
                    "ModelId": "3704",
                    "ModelIdNum": 3704,
                    "ObjectType": 13,
                    "XPos": -64,
                    "YPos": -64,
                    "ZPos": 6,
                    "XRotation": 0,
                    "YRotation": -512,
                    "ZRotation": 0
                },
                {
                    "ModelId": "3704",
                    "ModelIdNum": 3704,
                    "ObjectType": 13,
                    "XPos": -64,
                    "YPos": -64,
                    "ZPos": 122,
                    "XRotation": 0,
                    "YRotation": -1536,
                    "ZRotation": 0
                },
                {
                    "ModelId": "3704",
                    "ModelIdNum": 3704,
                    "ObjectType": 13,
                    "XPos": -122,
                    "YPos": -64,
                    "ZPos": 64,
                    "XRotation": 0,
                    "YRotation": -1024,
                    "ZRotation": 0
                },
                {
                    "ModelId": "3719",
                    "ModelIdNum": 3719,
                    "ObjectType": 13,
                    "XPos": 0,
                    "YPos": -64,
                    "ZPos": 250,
                    "XRotation": 0,
                    "YRotation": -1536,
                    "ZRotation": 0
                },
                {
                    "ModelId": "3704",
                    "ModelIdNum": 3704,
                    "ObjectType": 13,
                    "XPos": -122,
                    "YPos": -64,
                    "ZPos": 192,
                    "XRotation": 0,
                    "YRotation": -1024,
                    "ZRotation": 0
                },
                {
                    "ModelId": "3704",
                    "ModelIdNum": 3704,
                    "ObjectType": 13,
                    "XPos": -64,
                    "YPos": -64,
                    "ZPos": 134,
                    "XRotation": 0,
                    "YRotation": -512,
                    "ZRotation": 0
                },
                {
                    "ModelId": "4702",
                    "ModelIdNum": 4702,
                    "ObjectType": 13,
                    "XPos": 0,
                    "YPos": -64,
                    "ZPos": 129,
                    "XRotation": 0,
                    "YRotation": -1024,
                    "ZRotation": 0
                },
                {
                    "ModelId": "41113",
                    "ModelIdNum": 41113,
                    "ObjectType": 13,
                    "XPos": 84,
                    "YPos": -11,
                    "ZPos": -159,
                    "XRotation": 0,
                    "YRotation": -403,
                    "ZRotation": 0
                },
                {
                    "ModelId": "41124",
                    "ModelIdNum": 41124,
                    "ObjectType": 0,
                    "XPos": -82,
                    "YPos": -33,
                    "ZPos": -21,
                    "XRotation": 0,
                    "YRotation": -1024,
                    "ZRotation": 0
                },
                {
                    "ModelId": "41124",
                    "ModelIdNum": 41124,
                    "ObjectType": 0,
                    "XPos": -18,
                    "YPos": -33,
                    "ZPos": -21,
                    "XRotation": 0,
                    "YRotation": -1024,
                    "ZRotation": 0
                },
                {
                    "ModelId": "41037",
                    "ModelIdNum": 41037,
                    "ObjectType": 0,
                    "XPos": 61,
                    "YPos": -36,
                    "ZPos": -18,
                    "XRotation": 0,
                    "YRotation": -1024,
                    "ZRotation": 0
                },
                {
                    "ModelId": "1707",
                    "ModelIdNum": 1707,
                    "ObjectType": 13,
                    "XPos": 0,
                    "YPos": 0,
                    "ZPos": 128,
                    "XRotation": 0,
                    "YRotation": 0,
                    "ZRotation": 0
                },
                {
                    "ModelId": "2707",
                    "ModelIdNum": 2707,
                    "ObjectType": 13,
                    "XPos": 0,
                    "YPos": -126,
                    "ZPos": 128,
                    "XRotation": 0,
                    "YRotation": 0,
                    "ZRotation": 0
                },
                {
                    "ModelId": "41000",
                    "ModelIdNum": 41000,
                    "ObjectType": 0,
                    "XPos": -70,
                    "YPos": -11,
                    "ZPos": 174,
                    "XRotation": 0,
                    "YRotation": -1024,
                    "ZRotation": 0
                },
                {
                    "ModelId": "41003",
                    "ModelIdNum": 41003,
                    "ObjectType": 0,
                    "XPos": 59,
                    "YPos": -62,
                    "ZPos": 25,
                    "XRotation": 0,
                    "YRotation": 0,
                    "ZRotation": 0
                },
                {
                    "ModelId": "41114",
                    "ModelIdNum": 41114,
                    "ObjectType": 0,
                    "XPos": 156,
                    "YPos": -8,
                    "ZPos": 232,
                    "XRotation": 0,
                    "YRotation": -1891,
                    "ZRotation": 0
                },
                {
                    "ModelId": "41005",
                    "ModelIdNum": 41005,
                    "ObjectType": 0,
                    "XPos": 239,
                    "YPos": -38,
                    "ZPos": 88,
                    "XRotation": 0,
                    "YRotation": -512,
                    "ZRotation": 0
                },
                {
                    "ModelId": "41105",
                    "ModelIdNum": 41105,
                    "ObjectType": 0,
                    "XPos": 236,
                    "YPos": -16,
                    "ZPos": 3,
                    "XRotation": 0,
                    "YRotation": -512,
                    "ZRotation": 0
                },
                {
                    "ModelId": "69436",
                    "ModelIdNum": 69436,
                    "ObjectType": 0,
                    "XPos": 136,
                    "YPos": -70,
                    "ZPos": 64,
                    "XScale": 1.637,
                    "YScale": 1.637,
                    "ZScale": 1.637,
                    "XRotation": 0,
                    "YRotation": -512,
                    "ZRotation": 0
                },
                {
                    "ModelId": "69439",
                    "ModelIdNum": 69439,
                    "ObjectType": 0,
                    "XPos": -120,
                    "YPos": -76,
                    "ZPos": 192,
                    "XRotation": 0,
                    "YRotation": -512,
                    "ZRotation": 0
                },
                {
                    "ModelId": "41811",
                    "ModelIdNum": 41811,
                    "ObjectType": 3,
                    "XPos": -88,
                    "YPos": 0,
                    "ZPos": 228,
                    "XRotation": 0,
                    "YRotation": -512,
                    "ZRotation": 0
                },
                {
                    "ModelId": "45081",
                    "ModelIdNum": 45081,
                    "ObjectType": 0,
                    "XPos": -61,
                    "YPos": -52,
                    "ZPos": -235,
                    "XScale": 0.5,
                    "YScale": 0.73406,
                    "ZScale": 1.0659,
                    "XRotation": 0,
                    "YRotation": -256,
                    "ZRotation": -512
                },
                {
                    "ModelId": "41117",
                    "ModelIdNum": 41117,
                    "ObjectType": 3,
                    "XPos": -90,
                    "YPos": 6,
                    "ZPos": -220,
                    "XScale": 0.8679899,
                    "ZScale": 0.8558099,
                    "XRotation": 0,
                    "YRotation": -256,
                    "ZRotation": 0
                },
                {
                    "ModelId": "45076",
                    "ModelIdNum": 45076,
                    "ObjectType": 0,
                    "XPos": -91,
                    "YPos": -12,
                    "ZPos": -219,
                    "XScale": 0.8749299,
                    "ZScale": 0.40775,
                    "XRotation": 0,
                    "YRotation": -256,
                    "ZRotation": 0
                },
                {
                    "ModelId": "45129",
                    "ModelIdNum": 45129,
                    "ObjectType": 0,
                    "XPos": -25,
                    "YPos": -3,
                    "ZPos": -267,
                    "XScale": 0.6999999,
                    "YScale": 1.79274,
                    "ZScale": 3.0,
                    "XRotation": 0,
                    "YRotation": -256,
                    "ZRotation": -512
                },
                {
                    "ModelId": "45081",
                    "ModelIdNum": 45081,
                    "ObjectType": 0,
                    "XPos": -53,
                    "YPos": -58,
                    "ZPos": -239,
                    "YScale": 0.9381299,
                    "ZScale": 0.9218099,
                    "XRotation": 0,
                    "YRotation": -256,
                    "ZRotation": -512
                },
                {
                    "ModelId": "69465",
                    "ModelIdNum": 69465,
                    "ObjectType": 0,
                    "XPos": -87,
                    "YPos": 1,
                    "ZPos": -215,
                    "XScale": 0.20702,
                    "YScale": 0.6,
                    "ZScale": 0.78394,
                    "XRotation": 0,
                    "YRotation": -768,
                    "ZRotation": 0
                }
            ],
            "BlockFlatObjectRecords": [
                {
                    "Position": 0,
                    "XPos": 1,
                    "YPos": -75,
                    "ZPos": -127,
                    "TextureArchive": 210,
                    "TextureRecord": 22,
                    "FactionID": 24592,
                    "Flags": 17
                },
                {
                    "Position": 0,
                    "XPos": -32,
                    "YPos": -80,
                    "ZPos": 192,
                    "TextureArchive": 210,
                    "TextureRecord": 22,
                    "FactionID": 24588,
                    "Flags": 17
                },
                {
                    "Position": 0,
                    "XPos": 192,
                    "YPos": 0,
                    "ZPos": -64,
                    "TextureArchive": 199,
                    "TextureRecord": 8,
                    "FactionID": 0,
                    "Flags": 0
                },
                {
                    "Position": 0,
                    "XPos": 192,
                    "YPos": 0,
                    "ZPos": 192,
                    "TextureArchive": 199,
                    "TextureRecord": 8,
                    "FactionID": 0,
                    "Flags": 0
                },
                {
                    "Position": 0,
                    "XPos": 4,
                    "YPos": 0,
                    "ZPos": 224,
                    "TextureArchive": 199,
                    "TextureRecord": 8,
                    "FactionID": 0,
                    "Flags": 0
                },
                {
                    "Position": 0,
                    "XPos": 66,
                    "YPos": 0,
                    "ZPos": -200,
                    "TextureArchive": 199,
                    "TextureRecord": 8,
                    "FactionID": 0,
                    "Flags": 0
                },
                {
                    "Position": 0,
                    "XPos": 100,
                    "YPos": -1,
                    "ZPos": -234,
                    "TextureArchive": 205,
                    "TextureRecord": 0,
                    "FactionID": 0,
                    "Flags": 0
                },
                {
                    "Position": 0,
                    "XPos": 60,
                    "YPos": -1,
                    "ZPos": -234,
                    "TextureArchive": 205,
                    "TextureRecord": 0,
                    "FactionID": 0,
                    "Flags": 0
                },
                {
                    "Position": 0,
                    "XPos": -55,
                    "YPos": -28,
                    "ZPos": -87,
                    "TextureArchive": 200,
                    "TextureRecord": 0,
                    "FactionID": 0,
                    "Flags": 0
                },
                {
                    "Position": 0,
                    "XPos": -34,
                    "YPos": -29,
                    "ZPos": -90,
                    "TextureArchive": 205,
                    "TextureRecord": 13,
                    "FactionID": 0,
                    "Flags": 0
                },
                {
                    "Position": 0,
                    "XPos": -26,
                    "YPos": 0,
                    "ZPos": -206,
                    "TextureArchive": 201,
                    "TextureRecord": 8,
                    "FactionID": 0,
                    "Flags": 0
                },
                {
                    "Position": 0,
                    "XPos": -96,
                    "YPos": -1,
                    "ZPos": 92,
                    "TextureArchive": 211,
                    "TextureRecord": 12,
                    "FactionID": 0,
                    "Flags": 0
                },
                {
                    "Position": 0,
                    "XPos": -75,
                    "YPos": -1,
                    "ZPos": 37,
                    "TextureArchive": 199,
                    "TextureRecord": 18,
                    "FactionID": 0,
                    "Flags": 0
                },
                {
                    "Position": 0,
                    "XPos": -46,
                    "YPos": -28,
                    "ZPos": -122,
                    "TextureArchive": 204,
                    "TextureRecord": 3,
                    "FactionID": 0,
                    "Flags": 0
                },
                {
                    "Position": 0,
                    "XPos": 56,
                    "YPos": -1,
                    "ZPos": 237,
                    "TextureArchive": 205,
                    "TextureRecord": 20,
                    "FactionID": 0,
                    "Flags": 0
                },
                {
                    "Position": 0,
                    "XPos": 192,
                    "YPos": -82,
                    "ZPos": 160,
                    "TextureArchive": 210,
                    "TextureRecord": 22,
                    "FactionID": 0,
                    "Flags": 0
                },
                {
                    "Position": 0,
                    "XPos": -86,
                    "YPos": -25,
                    "ZPos": -102,
                    "TextureArchive": 199,
                    "TextureRecord": 8,
                    "FactionID": 0,
                    "Flags": 0
                },
                {
                    "Position": 0,
                    "XPos": 28,
                    "YPos": -1,
                    "ZPos": -106,
                    "TextureArchive": 199,
                    "TextureRecord": 18,
                    "FactionID": 0,
                    "Flags": 0
                },
                {
                    "Position": 0,
                    "XPos": 60,
                    "YPos": -1,
                    "ZPos": 132,
                    "TextureArchive": 199,
                    "TextureRecord": 11,
                    "FactionID": 0,
                    "Flags": 0
                },
                {
                    "Position": 0,
                    "XPos": 184,
                    "YPos": -1,
                    "ZPos": 68,
                    "TextureArchive": 199,
                    "TextureRecord": 4,
                    "FactionID": 0,
                    "Flags": 0
                }
            ],
            "BlockSection3Records": [
                {
                    "XPos": 192,
                    "YPos": 0,
                    "ZPos": 64
                },
                {
                    "XPos": -64,
                    "YPos": 0,
                    "ZPos": 192
                },
                {
                    "XPos": -64,
                    "YPos": 0,
                    "ZPos": 64
                },
                {
                    "XPos": 64,
                    "YPos": 0,
                    "ZPos": 64
                },
                {
                    "XPos": -64,
                    "YPos": 0,
                    "ZPos": -64
                },
                {
                    "XPos": 64,
                    "YPos": 0,
                    "ZPos": -64
                },
                {
                    "XPos": -64,
                    "YPos": 0,
                    "ZPos": -192
                }
            ],
            "BlockPeopleRecords": [
                {
                    "Position": 5381,
                    "XPos": 18,
                    "YPos": 0,
                    "ZPos": -180,
                    "TextureArchive": 182,
                    "TextureRecord": 24,
                    "FactionID": 0,
                    "Flags": 1
                }
            ],
            "BlockDoorRecords": [
                {
                    "Position": 0,
                    "XPos": 7,
                    "YPos": -45,
                    "ZPos": 87,
                    "YRotation": -512,
                    "OpenRotation": 91,
                    "DoorModelIndex": 0
                },
                {
                    "Position": 1,
                    "XPos": 124,
                    "YPos": -45,
                    "ZPos": 169,
                    "YRotation": -1536,
                    "OpenRotation": 91,
                    "DoorModelIndex": 0
                },
                {
                    "Position": 2,
                    "XPos": 121,
                    "YPos": -45,
                    "ZPos": -87,
                    "YRotation": -1536,
                    "OpenRotation": 91,
                    "DoorModelIndex": 0
                }
            ]
        }
    },
    "AutoMapData": null
}