{
    "FactionId": 0,
    "BuildingType": 18,
    "Quality": 7,
    "NameSeed": 0,
    "RmbSubRecord": {
        "XPos": 384,
        "ZPos": 2304,
        "YRotation": 512,
        "Exterior": {
            "Header": {
                "Num3dObjectRecords": 2,
                "NumFlatObjectRecords": 0,
                "NumSection3Records": 0,
                "NumPeopleRecords": 0,
                "NumDoorRecords": 0
            },
            "Block3dObjectRecords": [
                {
                    "ModelId": "338",
                    "ModelIdNum": 338,
                    "ObjectType": 4,
                    "XPos": 64,
                    "YPos": 0,
                    "ZPos": 0,
                    "XRotation": 0,
                    "YRotation": 0,
                    "ZRotation": 0
                },
                {
                    "ModelId": "41902",
                    "ModelIdNum": 41902,
                    "ObjectType": 67,
                    "XPos": 240,
                    "YPos": -65,
                    "ZPos": -240,
                    "XRotation": 0,
                    "YRotation": 0,
                    "ZRotation": 0
                }
            ],
            "BlockFlatObjectRecords": [],
            "BlockSection3Records": [],
            "BlockPeopleRecords": [],
            "BlockDoorRecords": []
        },
        "Interior": {
            "Header": {
                "Num3dObjectRecords": 19,
                "NumFlatObjectRecords": 7,
                "NumSection3Records": 7,
                "NumPeopleRecords": 1,
                "NumDoorRecords": 3
            },
            "Block3dObjectRecords": [
                {
                    "ModelId": "3700",
                    "ModelIdNum": 3700,
                    "ObjectType": 13,
                    "XPos": 125,
                    "YPos": -64,
                    "ZPos": -64,
                    "XRotation": 0,
                    "YRotation": 0,
                    "ZRotation": 0
                },
                {
                    "ModelId": "3704",
                    "ModelIdNum": 3704,
                    "ObjectType": 13,
                    "XPos": 122,
                    "YPos": -64,
                    "ZPos": -192,
                    "XRotation": 0,
                    "YRotation": 0,
                    "ZRotation": 0
                },
                {
                    "ModelId": "3719",
                    "ModelIdNum": 3719,
                    "ObjectType": 13,
                    "XPos": 0,
                    "YPos": -64,
                    "ZPos": -250,
                    "XRotation": 0,
                    "YRotation": -512,
                    "ZRotation": 0
                },
                {
                    "ModelId": "3719",
                    "ModelIdNum": 3719,
                    "ObjectType": 13,
                    "XPos": -122,
                    "YPos": -64,
                    "ZPos": -128,
                    "XRotation": 0,
                    "YRotation": -1024,
                    "ZRotation": 0
                },
                {
                    "ModelId": "3731",
                    "ModelIdNum": 3731,
                    "ObjectType": 13,
                    "XPos": 0,
                    "YPos": -64,
                    "ZPos": -6,
                    "XRotation": 0,
                    "YRotation": -1536,
                    "ZRotation": 0
                },
                {
                    "ModelId": "1707",
                    "ModelIdNum": 1707,
                    "ObjectType": 13,
                    "XPos": 0,
                    "YPos": 0,
                    "ZPos": -128,
                    "XRotation": 0,
                    "YRotation": 0,
                    "ZRotation": 0
                },
                {
                    "ModelId": "2707",
                    "ModelIdNum": 2707,
                    "ObjectType": 13,
                    "XPos": 0,
                    "YPos": -126,
                    "ZPos": -129,
                    "XRotation": 0,
                    "YRotation": 0,
                    "ZRotation": 0
                },
                {
                    "ModelId": "16113",
                    "ModelIdNum": 16113,
                    "ObjectType": 13,
                    "XPos": 189,
                    "YPos": -63,
                    "ZPos": 64,
                    "XRotation": 0,
                    "YRotation": -1024,
                    "ZRotation": 0
                },
                {
                    "ModelId": "4706",
                    "ModelIdNum": 4706,
                    "ObjectType": 13,
                    "XPos": 127,
                    "YPos": -64,
                    "ZPos": -128,
                    "XRotation": 0,
                    "YRotation": -512,
                    "ZRotation": 0
                },
                {
                    "ModelId": "41036",
                    "ModelIdNum": 41036,
                    "ObjectType": 3,
                    "XPos": 113,
                    "YPos": 2,
                    "ZPos": 132,
                    "XRotation": 0,
                    "YRotation": -1527,
                    "ZRotation": 0
                },
                {
                    "ModelId": "41008",
                    "ModelIdNum": 41008,
                    "ObjectType": 3,
                    "XPos": -100,
                    "YPos": 2,
                    "ZPos": 74,
                    "XRotation": 0,
                    "YRotation": -503,
                    "ZRotation": 0
                },
                {
                    "ModelId": "41112",
                    "ModelIdNum": 41112,
                    "ObjectType": 3,
                    "XPos": -96,
                    "YPos": 2,
                    "ZPos": -144,
                    "ZScale": 1.213448,
                    "XRotation": 0,
                    "YRotation": -502,
                    "ZRotation": 0
                },
                {
                    "ModelId": "41106",
                    "ModelIdNum": 41106,
                    "ObjectType": 3,
                    "XPos": -56,
                    "YPos": 2,
                    "ZPos": -144,
                    "XRotation": 0,
                    "YRotation": -566,
                    "ZRotation": 0
                },
                {
                    "ModelId": "41102",
                    "ModelIdNum": 41102,
                    "ObjectType": 3,
                    "XPos": -96,
                    "YPos": 2,
                    "ZPos": -80,
                    "XRotation": 0,
                    "YRotation": -822,
                    "ZRotation": 0
                },
                {
                    "ModelId": "41045",
                    "ModelIdNum": 41045,
                    "ObjectType": 3,
                    "XPos": 108,
                    "YPos": 2,
                    "ZPos": -170,
                    "XRotation": 0,
                    "YRotation": -1536,
                    "ZRotation": 0
                },
                {
                    "ModelId": "3100",
                    "ModelIdNum": 3100,
                    "ObjectType": 13,
                    "XPos": 125,
                    "YPos": -64,
                    "ZPos": 192,
                    "XRotation": 0,
                    "YRotation": 0,
                    "ZRotation": 0
                },
                {
                    "ModelId": "4100",
                    "ModelIdNum": 4100,
                    "ObjectType": 13,
                    "XPos": 121,
                    "YPos": -64,
                    "ZPos": 128,
                    "XRotation": 0,
                    "YRotation": -512,
                    "ZRotation": 0
                },
                {
                    "ModelId": "3104",
                    "ModelIdNum": 3104,
                    "ObjectType": 13,
                    "XPos": 122,
                    "YPos": -64,
                    "ZPos": 64,
                    "XRotation": 0,
                    "YRotation": 0,
                    "ZRotation": 0
                },
                {
                    "ModelId": "3105",
                    "ModelIdNum": 3105,
                    "ObjectType": 13,
                    "XPos": 0,
                    "YPos": -64,
                    "ZPos": 6,
                    "XRotation": 0,
                    "YRotation": -512,
                    "ZRotation": 0
                },
                {
                    "ModelId": "3119",
                    "ModelIdNum": 3119,
                    "ObjectType": 13,
                    "XPos": 0,
                    "YPos": -64,
                    "ZPos": 250,
                    "XRotation": 0,
                    "YRotation": -1536,
                    "ZRotation": 0
                },
                {
                    "ModelId": "3105",
                    "ModelIdNum": 3105,
                    "ObjectType": 13,
                    "XPos": -122,
                    "YPos": -64,
                    "ZPos": 128,
                    "XRotation": 0,
                    "YRotation": -1024,
                    "ZRotation": 0
                },
                {
                    "ModelId": "1107",
                    "ModelIdNum": 1107,
                    "ObjectType": 13,
                    "XPos": 0,
                    "YPos": 0,
                    "ZPos": 128,
                    "XRotation": 0,
                    "YRotation": 0,
                    "ZRotation": 0
                },
                {
                    "ModelId": "2107",
                    "ModelIdNum": 2107,
                    "ObjectType": 13,
                    "XPos": 0,
                    "YPos": -126,
                    "ZPos": 128,
                    "XRotation": 0,
                    "YRotation": 0,
                    "ZRotation": 0
                },
                {
                    "ModelId": "41101",
                    "ModelIdNum": 41101,
                    "ObjectType": 0,
                    "XPos": 228,
                    "YPos": -15,
                    "ZPos": -99,
                    "XRotation": 0,
                    "YRotation": -1853,
                    "ZRotation": 0
                },
                {
                    "ModelId": "41015",
                    "ModelIdNum": 41015,
                    "ObjectType": 3,
                    "XPos": 146,
                    "YPos": -2,
                    "ZPos": 60,
                    "XRotation": 0,
                    "YRotation": -1537,
                    "ZRotation": 0
                },
                {
                    "ModelId": "41831",
                    "ModelIdNum": 41831,
                    "ObjectType": 0,
                    "XPos": 151,
                    "YPos": -12,
                    "ZPos": 127,
                    "XRotation": 0,
                    "YRotation": -1566,
                    "ZRotation": 0
                },
                {
                    "ModelId": "41825",
                    "ModelIdNum": 41825,
                    "ObjectType": 0,
                    "XPos": 152,
                    "YPos": -28,
                    "ZPos": 125,
                    "XRotation": 0,
                    "YRotation": -2020,
                    "ZRotation": 0
                },
                {
                    "ModelId": "41130",
                    "ModelIdNum": 41130,
                    "ObjectType": 0,
                    "XPos": 0,
                    "YPos": -22,
                    "ZPos": 230,
                    "XRotation": 0,
                    "YRotation": 0,
                    "ZRotation": 0
                },
                {
                    "ModelId": "41004",
                    "ModelIdNum": 41004,
                    "ObjectType": 3,
                    "XPos": 42,
                    "YPos": 3,
                    "ZPos": 26,
                    "XRotation": 0,
                    "YRotation": 0,
                    "ZRotation": 0
                },
                {
                    "ModelId": "41027",
                    "ModelIdNum": 41027,
                    "ObjectType": 3,
                    "XPos": -91,
                    "YPos": 1,
                    "ZPos": -16,
                    "XRotation": 0,
                    "YRotation": 0,
                    "ZRotation": 0
                },
                {
                    "ModelId": "41018",
                    "ModelIdNum": 41018,
                    "ObjectType": 3,
                    "XPos": -70,
                    "YPos": 0,
                    "ZPos": 18,
                    "XRotation": 0,
                    "YRotation": 0,
                    "ZRotation": 0
                },
                {
                    "ModelId": "51117",
                    "ModelIdNum": 51117,
                    "ObjectType": 0,
                    "XPos": 218,
                    "YPos": 0,
                    "ZPos": 81,
                    "XRotation": -58,
                    "YRotation": -512,
                    "ZRotation": 0
                },
                {
                    "ModelId": "69428",
                    "ModelIdNum": 69428,
                    "ObjectType": 0,
                    "XPos": -120,
                    "YPos": -72,
                    "ZPos": 188,
                    "XRotation": 0,
                    "YRotation": -512,
                    "ZRotation": 0
                },
                {
                    "ModelId": "42072",
                    "ModelIdNum": 42072,
                    "ObjectType": 0,
                    "XPos": -78,
                    "YPos": -13,
                    "ZPos": 130,
                    "XRotation": 0,
                    "YRotation": 0,
                    "ZRotation": 0
                },
                {
                    "ModelId": "74802",
                    "ModelIdNum": 74802,
                    "ObjectType": 0,
                    "XPos": -64,
                    "YPos": 2,
                    "ZPos": 112,
                    "XRotation": -1536,
                    "YRotation": -511,
                    "ZRotation": 0
                },
                {
                    "ModelId": "45081",
                    "ModelIdNum": 45081,
                    "ObjectType": 0,
                    "XPos": 46,
                    "YPos": -60,
                    "ZPos": -16,
                    "XRotation": 0,
                    "YRotation": 0,
                    "ZRotation": -512
                },
                {
                    "ModelId": "45081",
                    "ModelIdNum": 45081,
                    "ObjectType": 0,
                    "XPos": 42,
                    "YPos": -54,
                    "ZPos": -16,
                    "XScale": 0.5,
                    "YScale": 0.9,
                    "XRotation": 0,
                    "YRotation": 0,
                    "ZRotation": -512
                },
                {
                    "ModelId": "41116",
                    "ModelIdNum": 41116,
                    "ObjectType": 3,
                    "XPos": 4,
                    "YPos": 10,
                    "ZPos": -6,
                    "YScale": 1.18403,
                    "ZScale": 1.24675,
                    "XRotation": 0,
                    "YRotation": -1024,
                    "ZRotation": 0
                },
                {
                    "ModelId": "45076",
                    "ModelIdNum": 45076,
                    "ObjectType": 0,
                    "XPos": 4,
                    "YPos": -15,
                    "ZPos": -7,
                    "XScale": 0.91785,
                    "ZScale": 0.3,
                    "XRotation": 0,
                    "YRotation": -1024,
                    "ZRotation": 0
                },
                {
                    "ModelId": "45129",
                    "ModelIdNum": 45129,
                    "ObjectType": 0,
                    "XPos": -58,
                    "YPos": -2,
                    "ZPos": -13,
                    "YScale": 1.5,
                    "ZScale": 3.3429,
                    "XRotation": 0,
                    "YRotation": -1024,
                    "ZRotation": -512
                },
                {
                    "ModelId": "69465",
                    "ModelIdNum": 69465,
                    "ObjectType": 0,
                    "XPos": 4,
                    "YPos": 1,
                    "ZPos": -7,
                    "XScale": 0.3377,
                    "YScale": 0.62,
                    "ZScale": 0.8006099,
                    "XRotation": 0,
                    "YRotation": -511,
                    "ZRotation": 0
                }
            ],
            "BlockFlatObjectRecords": [
                {
                    "Position": 0,
                    "XPos": 0,
                    "YPos": -80,
                    "ZPos": -128,
                    "TextureArchive": 210,
                    "TextureRecord": 22,
                    "FactionID": 24588,
                    "Flags": 17
                },
                {
                    "Position": 0,
                    "XPos": 0,
                    "YPos": -82,
                    "ZPos": 130,
                    "TextureArchive": 210,
                    "TextureRecord": 22,
                    "FactionID": 24588,
                    "Flags": 17
                },
                {
                    "Position": 0,
                    "XPos": 192,
                    "YPos": -80,
                    "ZPos": 66,
                    "TextureArchive": 210,
                    "TextureRecord": 13,
                    "FactionID": 16396,
                    "Flags": 17
                },
                {
                    "Position": 0,
                    "XPos": 192,
                    "YPos": 0,
                    "ZPos": -64,
                    "TextureArchive": 199,
                    "TextureRecord": 8,
                    "FactionID": 0,
                    "Flags": 0
                },
                {
                    "Position": 0,
                    "XPos": 192,
                    "YPos": 0,
                    "ZPos": 192,
                    "TextureArchive": 199,
                    "TextureRecord": 8,
                    "FactionID": 0,
                    "Flags": 0
                },
                {
                    "Position": 0,
                    "XPos": 64,
                    "YPos": 0,
                    "ZPos": 192,
                    "TextureArchive": 199,
                    "TextureRecord": 8,
                    "FactionID": 0,
                    "Flags": 0
                },
                {
                    "Position": 0,
                    "XPos": 50,
                    "YPos": 0,
                    "ZPos": -230,
                    "TextureArchive": 199,
                    "TextureRecord": 8,
                    "FactionID": 0,
                    "Flags": 0
                },
                {
                    "Position": 0,
                    "XPos": 152,
                    "YPos": -34,
                    "ZPos": 126,
                    "TextureArchive": 210,
                    "TextureRecord": 4,
                    "FactionID": 0,
                    "Flags": 0
                },
                {
                    "Position": 0,
                    "XPos": 0,
                    "YPos": -27,
                    "ZPos": 230,
                    "TextureArchive": 213,
                    "TextureRecord": 5,
                    "FactionID": 0,
                    "Flags": 0
                },
                {
                    "Position": 0,
                    "XPos": 78,
                    "YPos": -1,
                    "ZPos": -41,
                    "TextureArchive": 199,
                    "TextureRecord": 20,
                    "FactionID": 0,
                    "Flags": 0
                },
                {
                    "Position": 0,
                    "XPos": -68,
                    "YPos": -1,
                    "ZPos": -48,
                    "TextureArchive": 199,
                    "TextureRecord": 20,
                    "FactionID": 0,
                    "Flags": 0
                },
                {
                    "Position": 0,
                    "XPos": -34,
                    "YPos": -1,
                    "ZPos": -80,
                    "TextureArchive": 199,
                    "TextureRecord": 18,
                    "FactionID": 0,
                    "Flags": 0
                },
                {
                    "Position": 0,
                    "XPos": 64,
                    "YPos": -1,
                    "ZPos": 90,
                    "TextureArchive": 199,
                    "TextureRecord": 11,
                    "FactionID": 0,
                    "Flags": 0
                },
                {
                    "Position": 0,
                    "XPos": 105,
                    "YPos": -1,
                    "ZPos": -224,
                    "TextureArchive": 205,
                    "TextureRecord": 0,
                    "FactionID": 0,
                    "Flags": 0
                },
                {
                    "Position": 0,
                    "XPos": 104,
                    "YPos": -1,
                    "ZPos": -124,
                    "TextureArchive": 205,
                    "TextureRecord": 29,
                    "FactionID": 0,
                    "Flags": 0
                },
                {
                    "Position": 0,
                    "XPos": 96,
                    "YPos": -1,
                    "ZPos": -214,
                    "TextureArchive": 205,
                    "TextureRecord": 20,
                    "FactionID": 0,
                    "Flags": 0
                },
                {
                    "Position": 0,
                    "XPos": -66,
                    "YPos": -1,
                    "ZPos": -234,
                    "TextureArchive": 214,
                    "TextureRecord": 5,
                    "FactionID": 0,
                    "Flags": 0
                },
                {
                    "Position": 0,
                    "XPos": -107,
                    "YPos": -2,
                    "ZPos": -235,
                    "TextureArchive": 214,
                    "TextureRecord": 10,
                    "FactionID": 0,
                    "Flags": 0
                },
                {
                    "Position": 0,
                    "XPos": -48,
                    "YPos": 0,
                    "ZPos": -25,
                    "TextureArchive": 218,
                    "TextureRecord": 0,
                    "FactionID": 0,
                    "Flags": 0
                },
                {
                    "Position": 0,
                    "XPos": -102,
                    "YPos": -28,
                    "ZPos": -130,
                    "TextureArchive": 205,
                    "TextureRecord": 36,
                    "FactionID": 0,
                    "Flags": 0
                },
                {
                    "Position": 0,
                    "XPos": 1,
                    "YPos": -70,
                    "ZPos": -190,
                    "TextureArchive": 213,
                    "TextureRecord": 13,
                    "FactionID": 0,
                    "Flags": 0
                },
                {
                    "Position": 0,
                    "XPos": -96,
                    "YPos": -29,
                    "ZPos": -164,
                    "TextureArchive": 10021,
                    "TextureRecord": 15,
                    "FactionID": 0,
                    "Flags": 0
                },
                {
                    "Position": 0,
                    "XPos": -8,
                    "YPos": -1,
                    "ZPos": -178,
                    "TextureArchive": 10010,
                    "TextureRecord": 74,
                    "FactionID": 0,
                    "Flags": 0
                },
                {
                    "Position": 0,
                    "XPos": -86,
                    "YPos": -29,
                    "ZPos": -120,
                    "TextureArchive": 56790,
                    "TextureRecord": 25,
                    "FactionID": 0,
                    "Flags": 0
                },
                {
                    "Position": 0,
                    "XPos": -100,
                    "YPos": -27,
                    "ZPos": 74,
                    "TextureArchive": 56790,
                    "TextureRecord": 22,
                    "FactionID": 0,
                    "Flags": 0
                },
                {
                    "Position": 0,
                    "XPos": 54,
                    "YPos": -1,
                    "ZPos": 136,
                    "TextureArchive": 199,
                    "TextureRecord": 4,
                    "FactionID": 0,
                    "Flags": 0
                }
            ],
            "BlockSection3Records": [
                {
                    "XPos": 192,
                    "YPos": 0,
                    "ZPos": 64
                },
                {
                    "XPos": -64,
                    "YPos": 0,
                    "ZPos": 192
                },
                {
                    "XPos": -64,
                    "YPos": 0,
                    "ZPos": 64
                },
                {
                    "XPos": 64,
                    "YPos": 0,
                    "ZPos": 64
                },
                {
                    "XPos": 64,
                    "YPos": 0,
                    "ZPos": -64
                },
                {
                    "XPos": -64,
                    "YPos": 0,
                    "ZPos": -64
                },
                {
                    "XPos": -64,
                    "YPos": 0,
                    "ZPos": -192
                }
            ],
            "BlockPeopleRecords": [
                {
                    "Position": 3207,
                    "XPos": 52,
                    "YPos": 0,
                    "ZPos": -142,
                    "TextureArchive": 184,
                    "TextureRecord": 23,
                    "FactionID": 0,
                    "Flags": 33
                },
                {
                    "Position": 3208,
                    "XPos": 2,
                    "YPos": -2,
                    "ZPos": -124,
                    "TextureArchive": 182,
                    "TextureRecord": 20,
                    "FactionID": 0,
                    "Flags": 0
                }
            ],
            "BlockDoorRecords": [
                {
                    "Position": 0,
                    "XPos": 121,
                    "YPos": -45,
                    "ZPos": 169,
                    "YRotation": -1536,
                    "OpenRotation": 91,
                    "DoorModelIndex": 0
                },
                {
                    "Position": 1,
                    "XPos": 121,
                    "YPos": -45,
                    "ZPos": -87,
                    "YRotation": -1536,
                    "OpenRotation": 91,
                    "DoorModelIndex": 0
                }
            ]
        }
    },
    "AutoMapData": null
}