{
    "FactionId": 0,
    "BuildingType": 18,
    "Quality": 9,
    "NameSeed": 0,
    "RmbSubRecord": {
        "XPos": 3584,
        "ZPos": 2432,
        "YRotation": 1024,
        "Exterior": {
            "Header": {
                "Num3dObjectRecords": 1,
                "NumFlatObjectRecords": 0,
                "NumSection3Records": 0,
                "NumPeopleRecords": 0,
                "NumDoorRecords": 0
            },
            "Block3dObjectRecords": [
                {
                    "ModelId": "116",
                    "ModelIdNum": 116,
                    "ObjectType": 4,
                    "XPos": 0,
                    "YPos": 0,
                    "ZPos": -40,
                    "XRotation": 0,
                    "YRotation": 0,
                    "ZRotation": 0
                }
            ],
            "BlockFlatObjectRecords": [],
            "BlockSection3Records": [],
            "BlockPeopleRecords": [],
            "BlockDoorRecords": []
        },
        "Interior": {
            "Header": {
                "Num3dObjectRecords": 37,
                "NumFlatObjectRecords": 19,
                "NumSection3Records": 34,
                "NumPeopleRecords": 1,
                "NumDoorRecords": 4
            },
            "Block3dObjectRecords": [
                {
                    "ModelId": "28007",
                    "ModelIdNum": 28007,
                    "ObjectType": 13,
                    "XPos": 0,
                    "YPos": -191,
                    "ZPos": -128,
                    "XRotation": 0,
                    "YRotation": -1024,
                    "ZRotation": 0
                },
                {
                    "ModelId": "3000",
                    "ModelIdNum": 3000,
                    "ObjectType": 13,
                    "XPos": 3,
                    "YPos": -64,
                    "ZPos": -320,
                    "XRotation": 0,
                    "YRotation": -1024,
                    "ZRotation": 0
                },
                {
                    "ModelId": "3002",
                    "ModelIdNum": 3002,
                    "ObjectType": 13,
                    "XPos": 250,
                    "YPos": -64,
                    "ZPos": -64,
                    "XRotation": 0,
                    "YRotation": 0,
                    "ZRotation": 0
                },
                {
                    "ModelId": "3018",
                    "ModelIdNum": 3018,
                    "ObjectType": 13,
                    "XPos": 64,
                    "YPos": -64,
                    "ZPos": -378,
                    "XRotation": 0,
                    "YRotation": -512,
                    "ZRotation": 0
                },
                {
                    "ModelId": "3019",
                    "ModelIdNum": 3019,
                    "ObjectType": 13,
                    "XPos": 250,
                    "YPos": -64,
                    "ZPos": -256,
                    "XRotation": 0,
                    "YRotation": 0,
                    "ZRotation": 0
                },
                {
                    "ModelId": "3004",
                    "ModelIdNum": 3004,
                    "ObjectType": 13,
                    "XPos": -64,
                    "YPos": -64,
                    "ZPos": -250,
                    "XRotation": 0,
                    "YRotation": -512,
                    "ZRotation": 0
                },
                {
                    "ModelId": "3031",
                    "ModelIdNum": 3031,
                    "ObjectType": 13,
                    "XPos": -122,
                    "YPos": -64,
                    "ZPos": -120,
                    "XRotation": 0,
                    "YRotation": -1024,
                    "ZRotation": 0
                },
                {
                    "ModelId": "1006",
                    "ModelIdNum": 1006,
                    "ObjectType": 13,
                    "XPos": 128,
                    "YPos": 0,
                    "ZPos": -320,
                    "XRotation": 0,
                    "YRotation": 0,
                    "ZRotation": 0
                },
                {
                    "ModelId": "1014",
                    "ModelIdNum": 1014,
                    "ObjectType": 13,
                    "XPos": 64,
                    "YPos": 0,
                    "ZPos": -64,
                    "XRotation": 0,
                    "YRotation": 0,
                    "ZRotation": 0
                },
                {
                    "ModelId": "2006",
                    "ModelIdNum": 2006,
                    "ObjectType": 13,
                    "XPos": 128,
                    "YPos": -126,
                    "ZPos": -321,
                    "XRotation": 0,
                    "YRotation": 0,
                    "ZRotation": 0
                },
                {
                    "ModelId": "2014",
                    "ModelIdNum": 2014,
                    "ObjectType": 13,
                    "XPos": 64,
                    "YPos": -126,
                    "ZPos": -65,
                    "XRotation": 0,
                    "YRotation": 0,
                    "ZRotation": 0
                },
                {
                    "ModelId": "3018",
                    "ModelIdNum": 3018,
                    "ObjectType": 13,
                    "XPos": 250,
                    "YPos": -64,
                    "ZPos": 64,
                    "XRotation": 0,
                    "YRotation": 0,
                    "ZRotation": 0
                },
                {
                    "ModelId": "3031",
                    "ModelIdNum": 3031,
                    "ObjectType": 13,
                    "XPos": 128,
                    "YPos": -64,
                    "ZPos": 122,
                    "XRotation": 0,
                    "YRotation": -1536,
                    "ZRotation": 0
                },
                {
                    "ModelId": "3000",
                    "ModelIdNum": 3000,
                    "ObjectType": 13,
                    "XPos": -64,
                    "YPos": -64,
                    "ZPos": 125,
                    "XRotation": 0,
                    "YRotation": -1536,
                    "ZRotation": 0
                },
                {
                    "ModelId": "4000",
                    "ModelIdNum": 4000,
                    "ObjectType": 13,
                    "XPos": 0,
                    "YPos": -64,
                    "ZPos": 121,
                    "XRotation": 0,
                    "YRotation": 0,
                    "ZRotation": 0
                },
                {
                    "ModelId": "4000",
                    "ModelIdNum": 4000,
                    "ObjectType": 13,
                    "XPos": 249,
                    "YPos": -64,
                    "ZPos": 0,
                    "XRotation": 0,
                    "YRotation": -512,
                    "ZRotation": 0
                },
                {
                    "ModelId": "4000",
                    "ModelIdNum": 4000,
                    "ObjectType": 13,
                    "XPos": 249,
                    "YPos": -64,
                    "ZPos": -128,
                    "XRotation": 0,
                    "YRotation": -512,
                    "ZRotation": 0
                },
                {
                    "ModelId": "4006",
                    "ModelIdNum": 4006,
                    "ObjectType": 13,
                    "XPos": 1,
                    "YPos": -64,
                    "ZPos": -256,
                    "XRotation": 0,
                    "YRotation": -1536,
                    "ZRotation": 0
                },
                {
                    "ModelId": "32003",
                    "ModelIdNum": 32003,
                    "ObjectType": 13,
                    "XPos": 64,
                    "YPos": -63,
                    "ZPos": 253,
                    "XRotation": 0,
                    "YRotation": 0,
                    "ZRotation": 0
                },
                {
                    "ModelId": "41019",
                    "ModelIdNum": 41019,
                    "ObjectType": 3,
                    "XPos": -142,
                    "YPos": 1,
                    "ZPos": -160,
                    "XRotation": 0,
                    "YRotation": -1536,
                    "ZRotation": 0
                },
                {
                    "ModelId": "41108",
                    "ModelIdNum": 41108,
                    "ObjectType": 3,
                    "XPos": 48,
                    "YPos": 2,
                    "ZPos": 344,
                    "XRotation": 0,
                    "YRotation": -2044,
                    "ZRotation": 0
                },
                {
                    "ModelId": "41100",
                    "ModelIdNum": 41100,
                    "ObjectType": 3,
                    "XPos": -16,
                    "YPos": 1,
                    "ZPos": 344,
                    "XRotation": 0,
                    "YRotation": -572,
                    "ZRotation": 0
                },
                {
                    "ModelId": "41121",
                    "ModelIdNum": 41121,
                    "ObjectType": 3,
                    "XPos": 32,
                    "YPos": 2,
                    "ZPos": -168,
                    "XRotation": 0,
                    "YRotation": -512,
                    "ZRotation": 0
                },
                {
                    "ModelId": "41106",
                    "ModelIdNum": 41106,
                    "ObjectType": 3,
                    "XPos": 70,
                    "YPos": 2,
                    "ZPos": -134,
                    "XRotation": 0,
                    "YRotation": -1596,
                    "ZRotation": 0
                },
                {
                    "ModelId": "41106",
                    "ModelIdNum": 41106,
                    "ObjectType": 3,
                    "XPos": 46,
                    "YPos": 2,
                    "ZPos": -60,
                    "XRotation": 0,
                    "YRotation": -1074,
                    "ZRotation": 0
                },
                {
                    "ModelId": "41124",
                    "ModelIdNum": 41124,
                    "ObjectType": 3,
                    "XPos": -110,
                    "YPos": 2,
                    "ZPos": -56,
                    "XRotation": 0,
                    "YRotation": -507,
                    "ZRotation": 0
                },
                {
                    "ModelId": "41112",
                    "ModelIdNum": 41112,
                    "ObjectType": 3,
                    "XPos": 152,
                    "YPos": 2,
                    "ZPos": -344,
                    "XRotation": 0,
                    "YRotation": -2043,
                    "ZRotation": 0
                },
                {
                    "ModelId": "41101",
                    "ModelIdNum": 41101,
                    "ObjectType": 3,
                    "XPos": 224,
                    "YPos": 2,
                    "ZPos": -344,
                    "XRotation": 0,
                    "YRotation": -1595,
                    "ZRotation": 0
                },
                {
                    "ModelId": "41101",
                    "ModelIdNum": 41101,
                    "ObjectType": 3,
                    "XPos": 128,
                    "YPos": 2,
                    "ZPos": -304,
                    "XRotation": 0,
                    "YRotation": -763,
                    "ZRotation": 0
                },
                {
                    "ModelId": "41029",
                    "ModelIdNum": 41029,
                    "ObjectType": 3,
                    "XPos": 150,
                    "YPos": 2,
                    "ZPos": 108,
                    "XRotation": 0,
                    "YRotation": -1019,
                    "ZRotation": 0
                },
                {
                    "ModelId": "41409",
                    "ModelIdNum": 41409,
                    "ObjectType": 3,
                    "XPos": -192,
                    "YPos": 2,
                    "ZPos": -270,
                    "XRotation": 0,
                    "YRotation": -1024,
                    "ZRotation": 0
                },
                {
                    "ModelId": "69451",
                    "ModelIdNum": 69451,
                    "ObjectType": 0,
                    "XPos": 26,
                    "YPos": -68,
                    "ZPos": 136,
                    "XRotation": 0,
                    "YRotation": 0,
                    "ZRotation": 0
                },
                {
                    "ModelId": "69466",
                    "ModelIdNum": 69466,
                    "ObjectType": 0,
                    "XPos": 200,
                    "YPos": -22,
                    "ZPos": 178,
                    "XRotation": -500,
                    "YRotation": -1118,
                    "ZRotation": -1024
                },
                {
                    "ModelId": "45081",
                    "ModelIdNum": 45081,
                    "ObjectType": 0,
                    "XPos": -56,
                    "YPos": -52,
                    "ZPos": -234,
                    "XScale": 0.4999999,
                    "YScale": 0.7999998,
                    "XRotation": 0,
                    "YRotation": -256,
                    "ZRotation": -512
                },
                {
                    "ModelId": "41117",
                    "ModelIdNum": 41117,
                    "ObjectType": 3,
                    "XPos": -89,
                    "YPos": 6,
                    "ZPos": -219,
                    "XScale": 0.9500599,
                    "ZScale": 0.8628399,
                    "XRotation": 0,
                    "YRotation": -256,
                    "ZRotation": 0
                },
                {
                    "ModelId": "45076",
                    "ModelIdNum": 45076,
                    "ObjectType": 0,
                    "XPos": -90,
                    "YPos": -16,
                    "ZPos": -218,
                    "XScale": 0.9845318,
                    "ZScale": 0.40775,
                    "XRotation": 0,
                    "YRotation": -256,
                    "ZRotation": 0
                },
                {
                    "ModelId": "45129",
                    "ModelIdNum": 45129,
                    "ObjectType": 0,
                    "XPos": -21,
                    "YPos": -3,
                    "ZPos": -261,
                    "XScale": 0.6999995,
                    "YScale": 1.79274,
                    "ZScale": 3.0,
                    "XRotation": 0,
                    "YRotation": -256,
                    "ZRotation": -512
                },
                {
                    "ModelId": "45081",
                    "ModelIdNum": 45081,
                    "ObjectType": 0,
                    "XPos": -48,
                    "YPos": -58,
                    "ZPos": -239,
                    "YScale": 1.02,
                    "XRotation": 0,
                    "YRotation": -256,
                    "ZRotation": -512
                },
                {
                    "ModelId": "69465",
                    "ModelIdNum": 69465,
                    "ObjectType": 0,
                    "XPos": -86,
                    "YPos": 0,
                    "ZPos": -214,
                    "XScale": 0.20702,
                    "YScale": 0.6,
                    "ZScale": 0.8414301,
                    "XRotation": 0,
                    "YRotation": -768,
                    "ZRotation": 0
                },
                {
                    "ModelId": "41105",
                    "ModelIdNum": 41105,
                    "ObjectType": 0,
                    "XPos": -64,
                    "YPos": -16,
                    "ZPos": -274,
                    "XRotation": 0,
                    "YRotation": 0,
                    "ZRotation": 0
                },
                {
                    "ModelId": "42069",
                    "ModelIdNum": 42069,
                    "ObjectType": 0,
                    "XPos": 204,
                    "YPos": -11,
                    "ZPos": 306,
                    "XRotation": 0,
                    "YRotation": -1024,
                    "ZRotation": 0
                },
                {
                    "ModelId": "45105",
                    "ModelIdNum": 45105,
                    "ObjectType": 0,
                    "XPos": 26,
                    "YPos": -4,
                    "ZPos": -168,
                    "XScale": 1.939027,
                    "YScale": 0.5552338,
                    "ZScale": 0.7626448,
                    "XRotation": 0,
                    "YRotation": -511,
                    "ZRotation": 0
                },
                {
                    "ModelId": "41051",
                    "ModelIdNum": 41051,
                    "ObjectType": 0,
                    "XPos": -114,
                    "YPos": -36,
                    "ZPos": -112,
                    "XRotation": 0,
                    "YRotation": -512,
                    "ZRotation": 0
                },
                {
                    "ModelId": "41113",
                    "ModelIdNum": 41113,
                    "ObjectType": 0,
                    "XPos": 180,
                    "YPos": -11,
                    "ZPos": 194,
                    "XRotation": 0,
                    "YRotation": -512,
                    "ZRotation": 0
                },
                {
                    "ModelId": "41813",
                    "ModelIdNum": 41813,
                    "ObjectType": 3,
                    "XPos": 218,
                    "YPos": 0,
                    "ZPos": 356,
                    "XRotation": 0,
                    "YRotation": -512,
                    "ZRotation": 0
                },
                {
                    "ModelId": "41024",
                    "ModelIdNum": 41024,
                    "ObjectType": 0,
                    "XPos": 74,
                    "YPos": -28,
                    "ZPos": 108,
                    "XRotation": 0,
                    "YRotation": -1024,
                    "ZRotation": 0
                },
                {
                    "ModelId": "41003",
                    "ModelIdNum": 41003,
                    "ObjectType": 0,
                    "XPos": -104,
                    "YPos": -60,
                    "ZPos": 260,
                    "XRotation": 0,
                    "YRotation": -512,
                    "ZRotation": 0
                },
                {
                    "ModelId": "3030",
                    "ModelIdNum": 3030,
                    "ObjectType": 13,
                    "XPos": 192,
                    "YPos": -64,
                    "ZPos": -378,
                    "XRotation": 0,
                    "YRotation": -512,
                    "ZRotation": 0
                },
                {
                    "ModelId": "31024",
                    "ModelIdNum": 31024,
                    "ObjectType": 13,
                    "XPos": -64,
                    "YPos": -64,
                    "ZPos": -323,
                    "XRotation": 0,
                    "YRotation": -1536,
                    "ZRotation": 0
                },
                {
                    "ModelId": "3000",
                    "ModelIdNum": 3000,
                    "ObjectType": 13,
                    "XPos": -2,
                    "YPos": -64,
                    "ZPos": -320,
                    "XRotation": 0,
                    "YRotation": 0,
                    "ZRotation": 0
                },
                {
                    "ModelId": "3018",
                    "ModelIdNum": 3018,
                    "ObjectType": 13,
                    "XPos": -64,
                    "YPos": -64,
                    "ZPos": -382,
                    "XRotation": 0,
                    "YRotation": -512,
                    "ZRotation": 0
                },
                {
                    "ModelId": "41105",
                    "ModelIdNum": 41105,
                    "ObjectType": 0,
                    "XPos": -236,
                    "YPos": -16,
                    "ZPos": -96,
                    "XRotation": 0,
                    "YRotation": -512,
                    "ZRotation": 0
                },
                {
                    "ModelId": "3000",
                    "ModelIdNum": 3000,
                    "ObjectType": 13,
                    "XPos": -124,
                    "YPos": -64,
                    "ZPos": 64,
                    "XRotation": 0,
                    "YRotation": -1024,
                    "ZRotation": 0
                },
                {
                    "ModelId": "4004",
                    "ModelIdNum": 4004,
                    "ObjectType": 13,
                    "XPos": -118,
                    "YPos": -64,
                    "ZPos": 0,
                    "XRotation": 0,
                    "YRotation": -1536,
                    "ZRotation": 0
                },
                {
                    "ModelId": "3000",
                    "ModelIdNum": 3000,
                    "ObjectType": 13,
                    "XPos": -126,
                    "YPos": -64,
                    "ZPos": -320,
                    "XRotation": 0,
                    "YRotation": -1024,
                    "ZRotation": 0
                },
                {
                    "ModelId": "45111",
                    "ModelIdNum": 45111,
                    "ObjectType": 0,
                    "XPos": -128,
                    "YPos": 0,
                    "ZPos": -350,
                    "XScale": 0.72,
                    "YScale": 0.72,
                    "ZScale": 0.72,
                    "XRotation": -512,
                    "YRotation": 0,
                    "ZRotation": 0
                },
                {
                    "ModelId": "45111",
                    "ModelIdNum": 45111,
                    "ObjectType": 0,
                    "XPos": 2,
                    "YPos": 0,
                    "ZPos": -350,
                    "XScale": 0.72,
                    "YScale": 0.72,
                    "ZScale": 0.72,
                    "XRotation": -512,
                    "YRotation": 0,
                    "ZRotation": 0
                },
                {
                    "ModelId": "8001",
                    "ModelIdNum": 8001,
                    "ObjectType": 13,
                    "XPos": -190,
                    "YPos": -63,
                    "ZPos": -124,
                    "XRotation": 0,
                    "YRotation": 0,
                    "ZRotation": 0
                },
                {
                    "ModelId": "3000",
                    "ModelIdNum": 3000,
                    "ObjectType": 13,
                    "XPos": -130,
                    "YPos": -64,
                    "ZPos": 64,
                    "XRotation": 0,
                    "YRotation": 0,
                    "ZRotation": 0
                },
                {
                    "ModelId": "3000",
                    "ModelIdNum": 3000,
                    "ObjectType": 13,
                    "XPos": -190,
                    "YPos": -64,
                    "ZPos": 4,
                    "XRotation": 0,
                    "YRotation": -512,
                    "ZRotation": 0
                },
                {
                    "ModelId": "1000",
                    "ModelIdNum": 1000,
                    "ObjectType": 13,
                    "XPos": -192,
                    "YPos": 0,
                    "ZPos": 64,
                    "XRotation": 0,
                    "YRotation": 0,
                    "ZRotation": 0
                },
                {
                    "ModelId": "3004",
                    "ModelIdNum": 3004,
                    "ObjectType": 13,
                    "XPos": -190,
                    "YPos": -64,
                    "ZPos": 122,
                    "XRotation": 0,
                    "YRotation": -1536,
                    "ZRotation": 0
                },
                {
                    "ModelId": "2000",
                    "ModelIdNum": 2000,
                    "ObjectType": 13,
                    "XPos": -190,
                    "YPos": -126,
                    "ZPos": 64,
                    "XRotation": 0,
                    "YRotation": 0,
                    "ZRotation": 0
                },
                {
                    "ModelId": "4004",
                    "ModelIdNum": 4004,
                    "ObjectType": 13,
                    "XPos": 128,
                    "YPos": -64,
                    "ZPos": -376,
                    "XRotation": 0,
                    "YRotation": -1024,
                    "ZRotation": 0
                },
                {
                    "ModelId": "3002",
                    "ModelIdNum": 3002,
                    "ObjectType": 13,
                    "XPos": -246,
                    "YPos": -64,
                    "ZPos": 64,
                    "XRotation": 0,
                    "YRotation": -1024,
                    "ZRotation": 0
                },
                {
                    "ModelId": "42533",
                    "ModelIdNum": 42533,
                    "ObjectType": 0,
                    "XPos": -246,
                    "YPos": -88,
                    "ZPos": -186,
                    "XRotation": 0,
                    "YRotation": -512,
                    "ZRotation": 0
                },
                {
                    "ModelId": "41810",
                    "ModelIdNum": 41810,
                    "ObjectType": 0,
                    "XPos": 246,
                    "YPos": -70,
                    "ZPos": -164,
                    "XRotation": 0,
                    "YRotation": -1536,
                    "ZRotation": 0
                },
                {
                    "ModelId": "41810",
                    "ModelIdNum": 41810,
                    "ObjectType": 0,
                    "XPos": 246,
                    "YPos": -70,
                    "ZPos": -36,
                    "XRotation": 0,
                    "YRotation": -1536,
                    "ZRotation": 0
                },
                {
                    "ModelId": "45110",
                    "ModelIdNum": 45110,
                    "ObjectType": 0,
                    "XPos": 30,
                    "YPos": -266,
                    "ZPos": -252,
                    "YScale": 0.9447299,
                    "XRotation": 0,
                    "YRotation": -1024,
                    "ZRotation": -170
                },
                {
                    "ModelId": "45110",
                    "ModelIdNum": 45110,
                    "ObjectType": 0,
                    "XPos": 30,
                    "YPos": -260,
                    "ZPos": -252,
                    "YScale": 1.51672,
                    "ZScale": 1.2,
                    "XRotation": 0,
                    "YRotation": 0,
                    "ZRotation": -84
                },
                {
                    "ModelId": "45110",
                    "ModelIdNum": 45110,
                    "ObjectType": 0,
                    "XPos": 128,
                    "YPos": -262,
                    "ZPos": -252,
                    "YScale": 3.015194,
                    "ZScale": 1.3,
                    "XRotation": 0,
                    "YRotation": 0,
                    "ZRotation": -511
                },
                {
                    "ModelId": "45110",
                    "ModelIdNum": 45110,
                    "ObjectType": 0,
                    "XPos": -26,
                    "YPos": -260,
                    "ZPos": -252,
                    "YScale": 1.11605,
                    "ZScale": 1.2,
                    "XRotation": 0,
                    "YRotation": 0,
                    "ZRotation": -169
                },
                {
                    "ModelId": "45110",
                    "ModelIdNum": 45110,
                    "ObjectType": 0,
                    "XPos": -28,
                    "YPos": -266,
                    "ZPos": -252,
                    "YScale": 1.39692,
                    "XRotation": 0,
                    "YRotation": -1024,
                    "ZRotation": -85
                },
                {
                    "ModelId": "45110",
                    "ModelIdNum": 45110,
                    "ObjectType": 0,
                    "XPos": 30,
                    "YPos": -262,
                    "ZPos": -128,
                    "YScale": 0.9447299,
                    "XRotation": 0,
                    "YRotation": -1024,
                    "ZRotation": -170
                },
                {
                    "ModelId": "45110",
                    "ModelIdNum": 45110,
                    "ObjectType": 0,
                    "XPos": 30,
                    "YPos": -260,
                    "ZPos": -128,
                    "YScale": 1.51672,
                    "ZScale": 1.2,
                    "XRotation": 0,
                    "YRotation": 0,
                    "ZRotation": -84
                },
                {
                    "ModelId": "45110",
                    "ModelIdNum": 45110,
                    "ObjectType": 0,
                    "XPos": 128,
                    "YPos": -262,
                    "ZPos": -128,
                    "YScale": 3.015194,
                    "ZScale": 1.3,
                    "XRotation": 0,
                    "YRotation": 0,
                    "ZRotation": -511
                },
                {
                    "ModelId": "45110",
                    "ModelIdNum": 45110,
                    "ObjectType": 0,
                    "XPos": -26,
                    "YPos": -260,
                    "ZPos": -128,
                    "YScale": 1.11605,
                    "ZScale": 1.2,
                    "XRotation": 0,
                    "YRotation": 0,
                    "ZRotation": -169
                },
                {
                    "ModelId": "45110",
                    "ModelIdNum": 45110,
                    "ObjectType": 0,
                    "XPos": -28,
                    "YPos": -266,
                    "ZPos": -128,
                    "YScale": 1.39692,
                    "XRotation": 0,
                    "YRotation": -1024,
                    "ZRotation": -85
                },
                {
                    "ModelId": "45110",
                    "ModelIdNum": 45110,
                    "ObjectType": 0,
                    "XPos": 30,
                    "YPos": -266,
                    "ZPos": -6,
                    "YScale": 0.9447299,
                    "XRotation": 0,
                    "YRotation": -1024,
                    "ZRotation": -170
                },
                {
                    "ModelId": "45110",
                    "ModelIdNum": 45110,
                    "ObjectType": 0,
                    "XPos": 30,
                    "YPos": -260,
                    "ZPos": -6,
                    "YScale": 1.51672,
                    "ZScale": 1.2,
                    "XRotation": 0,
                    "YRotation": 0,
                    "ZRotation": -84
                },
                {
                    "ModelId": "45110",
                    "ModelIdNum": 45110,
                    "ObjectType": 0,
                    "XPos": 118,
                    "YPos": -262,
                    "ZPos": -6,
                    "YScale": 2.78978,
                    "ZScale": 1.3,
                    "XRotation": 0,
                    "YRotation": 0,
                    "ZRotation": -511
                },
                {
                    "ModelId": "45110",
                    "ModelIdNum": 45110,
                    "ObjectType": 0,
                    "XPos": -26,
                    "YPos": -260,
                    "ZPos": -6,
                    "YScale": 1.11605,
                    "ZScale": 1.2,
                    "XRotation": 0,
                    "YRotation": 0,
                    "ZRotation": -169
                },
                {
                    "ModelId": "45110",
                    "ModelIdNum": 45110,
                    "ObjectType": 0,
                    "XPos": -28,
                    "YPos": -266,
                    "ZPos": -6,
                    "YScale": 1.39692,
                    "XRotation": 0,
                    "YRotation": -1024,
                    "ZRotation": -85
                },
                {
                    "ModelId": "116",
                    "ModelIdNum": 116,
                    "ObjectType": 0,
                    "XPos": 0,
                    "YPos": 0,
                    "ZPos": -40,
                    "XRotation": 0,
                    "YRotation": 0,
                    "ZRotation": 0
                },
                {
                    "ModelId": "41020",
                    "ModelIdNum": 41020,
                    "ObjectType": 0,
                    "XPos": -144,
                    "YPos": -20,
                    "ZPos": -88,
                    "XRotation": 0,
                    "YRotation": -512,
                    "ZRotation": 0
                }
            ],
            "BlockFlatObjectRecords": [
                {
                    "Position": 0,
                    "XPos": -72,
                    "YPos": -80,
                    "ZPos": -312,
                    "TextureArchive": 210,
                    "TextureRecord": 13,
                    "FactionID": 28680,
                    "Flags": 17
                },
                {
                    "Position": 0,
                    "XPos": -2,
                    "YPos": -80,
                    "ZPos": -64,
                    "TextureArchive": 210,
                    "TextureRecord": 13,
                    "FactionID": -32752,
                    "Flags": 17
                },
                {
                    "Position": 0,
                    "XPos": 128,
                    "YPos": -80,
                    "ZPos": -258,
                    "TextureArchive": 210,
                    "TextureRecord": 13,
                    "FactionID": -32752,
                    "Flags": 17
                },
                {
                    "Position": 0,
                    "XPos": 2,
                    "YPos": -80,
                    "ZPos": 256,
                    "TextureArchive": 210,
                    "TextureRecord": 13,
                    "FactionID": -32752,
                    "Flags": 17
                },
                {
                    "Position": 0,
                    "XPos": 128,
                    "YPos": 0,
                    "ZPos": 352,
                    "TextureArchive": 199,
                    "TextureRecord": 20,
                    "FactionID": 0,
                    "Flags": 17
                },
                {
                    "Position": 0,
                    "XPos": -84,
                    "YPos": 0,
                    "ZPos": 340,
                    "TextureArchive": 199,
                    "TextureRecord": 20,
                    "FactionID": 0,
                    "Flags": 17
                },
                {
                    "Position": 0,
                    "XPos": 184,
                    "YPos": 0,
                    "ZPos": 80,
                    "TextureArchive": 199,
                    "TextureRecord": 20,
                    "FactionID": 0,
                    "Flags": 17
                },
                {
                    "Position": 0,
                    "XPos": 70,
                    "YPos": 0,
                    "ZPos": -348,
                    "TextureArchive": 199,
                    "TextureRecord": 20,
                    "FactionID": 0,
                    "Flags": 17
                },
                {
                    "Position": 0,
                    "XPos": -142,
                    "YPos": -130,
                    "ZPos": 2,
                    "TextureArchive": 199,
                    "TextureRecord": 20,
                    "FactionID": 0,
                    "Flags": 17
                },
                {
                    "Position": 0,
                    "XPos": 176,
                    "YPos": -129,
                    "ZPos": -304,
                    "TextureArchive": 199,
                    "TextureRecord": 20,
                    "FactionID": 0,
                    "Flags": 17
                },
                {
                    "Position": 0,
                    "XPos": -100,
                    "YPos": 0,
                    "ZPos": 90,
                    "TextureArchive": 199,
                    "TextureRecord": 20,
                    "FactionID": 0,
                    "Flags": 17
                },
                {
                    "Position": 0,
                    "XPos": 0,
                    "YPos": -308,
                    "ZPos": -66,
                    "TextureArchive": 210,
                    "TextureRecord": 22,
                    "FactionID": -32752,
                    "Flags": 17
                },
                {
                    "Position": 0,
                    "XPos": -76,
                    "YPos": -129,
                    "ZPos": -238,
                    "TextureArchive": 199,
                    "TextureRecord": 22,
                    "FactionID": 0,
                    "Flags": 17
                },
                {
                    "Position": 0,
                    "XPos": -192,
                    "YPos": 0,
                    "ZPos": -318,
                    "TextureArchive": 199,
                    "TextureRecord": 21,
                    "FactionID": 0,
                    "Flags": 17
                },
                {
                    "Position": 0,
                    "XPos": -192,
                    "YPos": 0,
                    "ZPos": 76,
                    "TextureArchive": 199,
                    "TextureRecord": 8,
                    "FactionID": 0,
                    "Flags": 0
                },
                {
                    "Position": 0,
                    "XPos": 192,
                    "YPos": 0,
                    "ZPos": -64,
                    "TextureArchive": 199,
                    "TextureRecord": 8,
                    "FactionID": 0,
                    "Flags": 0
                },
                {
                    "Position": 0,
                    "XPos": 192,
                    "YPos": 0,
                    "ZPos": -192,
                    "TextureArchive": 199,
                    "TextureRecord": 8,
                    "FactionID": 0,
                    "Flags": 0
                },
                {
                    "Position": 0,
                    "XPos": -52,
                    "YPos": 0,
                    "ZPos": 282,
                    "TextureArchive": 199,
                    "TextureRecord": 8,
                    "FactionID": 0,
                    "Flags": 0
                },
                {
                    "Position": 0,
                    "XPos": 48,
                    "YPos": -33,
                    "ZPos": 344,
                    "TextureArchive": 204,
                    "TextureRecord": 5,
                    "FactionID": 0,
                    "Flags": 0
                },
                {
                    "Position": 0,
                    "XPos": -192,
                    "YPos": -80,
                    "ZPos": -130,
                    "TextureArchive": 210,
                    "TextureRecord": 13,
                    "FactionID": -32752,
                    "Flags": 17
                },
                {
                    "Position": 0,
                    "XPos": 176,
                    "YPos": -28,
                    "ZPos": -340,
                    "TextureArchive": 10021,
                    "TextureRecord": 1,
                    "FactionID": 0,
                    "Flags": 0
                },
                {
                    "Position": 0,
                    "XPos": 150,
                    "YPos": -28,
                    "ZPos": -340,
                    "TextureArchive": 10021,
                    "TextureRecord": 8,
                    "FactionID": 0,
                    "Flags": 0
                },
                {
                    "Position": 0,
                    "XPos": 162,
                    "YPos": -28,
                    "ZPos": -352,
                    "TextureArchive": 56790,
                    "TextureRecord": 2,
                    "FactionID": 0,
                    "Flags": 0
                },
                {
                    "Position": 0,
                    "XPos": -46,
                    "YPos": -1,
                    "ZPos": -116,
                    "TextureArchive": 199,
                    "TextureRecord": 4,
                    "FactionID": 0,
                    "Flags": 0
                },
                {
                    "Position": 0,
                    "XPos": 36,
                    "YPos": -1,
                    "ZPos": 272,
                    "TextureArchive": 199,
                    "TextureRecord": 11,
                    "FactionID": 0,
                    "Flags": 0
                },
                {
                    "Position": 0,
                    "XPos": -12,
                    "YPos": -130,
                    "ZPos": -56,
                    "TextureArchive": 199,
                    "TextureRecord": 18,
                    "FactionID": 0,
                    "Flags": 0
                }
            ],
            "BlockSection3Records": [
                {
                    "XPos": -192,
                    "YPos": 0,
                    "ZPos": -192
                },
                {
                    "XPos": -192,
                    "YPos": 0,
                    "ZPos": -320
                },
                {
                    "XPos": -64,
                    "YPos": 0,
                    "ZPos": -320
                },
                {
                    "XPos": -64,
                    "YPos": 0,
                    "ZPos": 64
                },
                {
                    "XPos": 64,
                    "YPos": 0,
                    "ZPos": 64
                },
                {
                    "XPos": 192,
                    "YPos": 0,
                    "ZPos": 64
                },
                {
                    "XPos": -64,
                    "YPos": 0,
                    "ZPos": -64
                },
                {
                    "XPos": 64,
                    "YPos": 0,
                    "ZPos": -64
                },
                {
                    "XPos": 64,
                    "YPos": 0,
                    "ZPos": -192
                },
                {
                    "XPos": -64,
                    "YPos": 0,
                    "ZPos": -192
                },
                {
                    "XPos": 64,
                    "YPos": 0,
                    "ZPos": -320
                },
                {
                    "XPos": 192,
                    "YPos": 0,
                    "ZPos": -320
                },
                {
                    "XPos": 64,
                    "YPos": 0,
                    "ZPos": 320
                },
                {
                    "XPos": 192,
                    "YPos": 0,
                    "ZPos": 320
                },
                {
                    "XPos": 192,
                    "YPos": 0,
                    "ZPos": 192
                },
                {
                    "XPos": 64,
                    "YPos": 0,
                    "ZPos": 192
                },
                {
                    "XPos": -64,
                    "YPos": 0,
                    "ZPos": 192
                },
                {
                    "XPos": -192,
                    "YPos": 0,
                    "ZPos": 64
                },
                {
                    "XPos": -64,
                    "YPos": -129,
                    "ZPos": 64
                },
                {
                    "XPos": 64,
                    "YPos": -129,
                    "ZPos": 64
                },
                {
                    "XPos": 192,
                    "YPos": -129,
                    "ZPos": 64
                },
                {
                    "XPos": 192,
                    "YPos": -129,
                    "ZPos": -64
                },
                {
                    "XPos": 64,
                    "YPos": -129,
                    "ZPos": -64
                },
                {
                    "XPos": -64,
                    "YPos": -129,
                    "ZPos": -64
                },
                {
                    "XPos": -192,
                    "YPos": -129,
                    "ZPos": -192
                },
                {
                    "XPos": -192,
                    "YPos": -129,
                    "ZPos": -320
                },
                {
                    "XPos": -192,
                    "YPos": -129,
                    "ZPos": -64
                },
                {
                    "XPos": -64,
                    "YPos": -129,
                    "ZPos": -320
                },
                {
                    "XPos": 64,
                    "YPos": -129,
                    "ZPos": -320
                },
                {
                    "XPos": 192,
                    "YPos": -129,
                    "ZPos": -320
                },
                {
                    "XPos": 192,
                    "YPos": -129,
                    "ZPos": -192
                },
                {
                    "XPos": 64,
                    "YPos": -129,
                    "ZPos": -192
                },
                {
                    "XPos": -64,
                    "YPos": -129,
                    "ZPos": -192
                },
                {
                    "XPos": -192,
                    "YPos": -129,
                    "ZPos": 64
                }
            ],
            "BlockPeopleRecords": [
                {
                    "Position": 7049,
                    "XPos": 144,
                    "YPos": 0,
                    "ZPos": 28,
                    "TextureArchive": 184,
                    "TextureRecord": 17,
                    "FactionID": 0,
                    "Flags": 9
                }
            ],
            "BlockDoorRecords": [
                {
                    "Position": 0,
                    "XPos": -41,
                    "YPos": -45,
                    "ZPos": 124,
                    "YRotation": -1024,
                    "OpenRotation": 90,
                    "DoorModelIndex": 0
                }
            ]
        }
    },
    "AutoMapData": null
}