{
    "FactionId": 0,
    "BuildingType": 18,
    "Quality": 4,
    "NameSeed": 0,
    "RmbSubRecord": {
        "XPos": 2432,
        "ZPos": 3264,
        "YRotation": 1536,
        "Exterior": {
            "Header": {
                "Num3dObjectRecords": 1,
                "NumFlatObjectRecords": 0,
                "NumSection3Records": 0,
                "NumPeopleRecords": 0,
                "NumDoorRecords": 0
            },
            "Block3dObjectRecords": [
                {
                    "ModelId": "330",
                    "ModelIdNum": 330,
                    "ObjectType": 4,
                    "XPos": 0,
                    "YPos": 0,
                    "ZPos": 0,
                    "XRotation": 0,
                    "YRotation": 0,
                    "ZRotation": 0
                },
                {
                    "ModelId": "45087",
                    "ModelIdNum": 45087,
                    "ObjectType": 4,
                    "XPos": -2,
                    "YPos": -204,
                    "ZPos": -4,
                    "XScale": 2.0,
                    "YScale": 2.0,
                    "ZScale": 2.0,
                    "XRotation": 0,
                    "YRotation": 0,
                    "ZRotation": 0
                }
            ],
            "BlockFlatObjectRecords": [],
            "BlockSection3Records": [],
            "BlockPeopleRecords": [],
            "BlockDoorRecords": []
        },
        "Interior": {
            "Header": {
                "Num3dObjectRecords": 23,
                "NumFlatObjectRecords": 5,
                "NumSection3Records": 4,
                "NumPeopleRecords": 1,
                "NumDoorRecords": 2
            },
            "Block3dObjectRecords": [
                {
                    "ModelId": "8700",
                    "ModelIdNum": 8700,
                    "ObjectType": 13,
                    "XPos": 61,
                    "YPos": -63,
                    "ZPos": -128,
                    "XRotation": 0,
                    "YRotation": -1536,
                    "ZRotation": 0
                },
                {
                    "ModelId": "8700",
                    "ModelIdNum": 8700,
                    "ObjectType": 13,
                    "XPos": 61,
                    "YPos": -63,
                    "ZPos": 0,
                    "XRotation": 0,
                    "YRotation": -1536,
                    "ZRotation": 0
                },
                {
                    "ModelId": "3700",
                    "ModelIdNum": 3700,
                    "ObjectType": 13,
                    "XPos": -3,
                    "YPos": -64,
                    "ZPos": 0,
                    "XRotation": 0,
                    "YRotation": 0,
                    "ZRotation": 0
                },
                {
                    "ModelId": "3700",
                    "ModelIdNum": 3700,
                    "ObjectType": 13,
                    "XPos": -3,
                    "YPos": -64,
                    "ZPos": -128,
                    "XRotation": 0,
                    "YRotation": 0,
                    "ZRotation": 0
                },
                {
                    "ModelId": "3702",
                    "ModelIdNum": 3702,
                    "ObjectType": 13,
                    "XPos": -64,
                    "YPos": -64,
                    "ZPos": -186,
                    "XRotation": 0,
                    "YRotation": -512,
                    "ZRotation": 0
                },
                {
                    "ModelId": "3704",
                    "ModelIdNum": 3704,
                    "ObjectType": 13,
                    "XPos": 64,
                    "YPos": -64,
                    "ZPos": 70,
                    "XRotation": 0,
                    "YRotation": -512,
                    "ZRotation": 0
                },
                {
                    "ModelId": "3704",
                    "ModelIdNum": 3704,
                    "ObjectType": 13,
                    "XPos": 122,
                    "YPos": -64,
                    "ZPos": 128,
                    "XRotation": 0,
                    "YRotation": 0,
                    "ZRotation": 0
                },
                {
                    "ModelId": "3706",
                    "ModelIdNum": 3706,
                    "ObjectType": 13,
                    "XPos": -122,
                    "YPos": -64,
                    "ZPos": 0,
                    "XRotation": 0,
                    "YRotation": -1024,
                    "ZRotation": 0
                },
                {
                    "ModelId": "3719",
                    "ModelIdNum": 3719,
                    "ObjectType": 13,
                    "XPos": 0,
                    "YPos": -64,
                    "ZPos": 186,
                    "XRotation": 0,
                    "YRotation": -1536,
                    "ZRotation": 0
                },
                {
                    "ModelId": "4700",
                    "ModelIdNum": 4700,
                    "ObjectType": 13,
                    "XPos": 0,
                    "YPos": -64,
                    "ZPos": 71,
                    "XRotation": 0,
                    "YRotation": -1024,
                    "ZRotation": 0
                },
                {
                    "ModelId": "4700",
                    "ModelIdNum": 4700,
                    "ObjectType": 13,
                    "XPos": -7,
                    "YPos": -64,
                    "ZPos": -64,
                    "XRotation": 0,
                    "YRotation": -512,
                    "ZRotation": 0
                },
                {
                    "ModelId": "4700",
                    "ModelIdNum": 4700,
                    "ObjectType": 13,
                    "XPos": -7,
                    "YPos": -64,
                    "ZPos": 64,
                    "XRotation": 0,
                    "YRotation": -512,
                    "ZRotation": 0
                },
                {
                    "ModelId": "1000",
                    "ModelIdNum": 1000,
                    "ObjectType": 5,
                    "XPos": 64,
                    "YPos": 0,
                    "ZPos": 128,
                    "XRotation": 0,
                    "YRotation": 0,
                    "ZRotation": 0
                },
                {
                    "ModelId": "1002",
                    "ModelIdNum": 1002,
                    "ObjectType": 13,
                    "XPos": -64,
                    "YPos": 0,
                    "ZPos": 0,
                    "XRotation": 0,
                    "YRotation": 0,
                    "ZRotation": 0
                },
                {
                    "ModelId": "2002",
                    "ModelIdNum": 2002,
                    "ObjectType": 13,
                    "XPos": -64,
                    "YPos": -126,
                    "ZPos": -1,
                    "XRotation": 0,
                    "YRotation": 0,
                    "ZRotation": 0
                },
                {
                    "ModelId": "2000",
                    "ModelIdNum": 2000,
                    "ObjectType": 13,
                    "XPos": 64,
                    "YPos": -126,
                    "ZPos": 127,
                    "XRotation": 0,
                    "YRotation": 0,
                    "ZRotation": 0
                },
                {
                    "ModelId": "41117",
                    "ModelIdNum": 41117,
                    "ObjectType": 3,
                    "XPos": -96,
                    "YPos": 2,
                    "ZPos": 160,
                    "XRotation": 0,
                    "YRotation": -762,
                    "ZRotation": 0
                },
                {
                    "ModelId": "41109",
                    "ModelIdNum": 41109,
                    "ObjectType": 3,
                    "XPos": -94,
                    "YPos": 2,
                    "ZPos": 0,
                    "XRotation": 0,
                    "YRotation": -512,
                    "ZRotation": 0
                },
                {
                    "ModelId": "41102",
                    "ModelIdNum": 41102,
                    "ObjectType": 3,
                    "XPos": -96,
                    "YPos": 2,
                    "ZPos": -78,
                    "XRotation": 0,
                    "YRotation": -122,
                    "ZRotation": 0
                },
                {
                    "ModelId": "41100",
                    "ModelIdNum": 41100,
                    "ObjectType": 3,
                    "XPos": -96,
                    "YPos": 2,
                    "ZPos": 96,
                    "XRotation": 0,
                    "YRotation": -314,
                    "ZRotation": 0
                },
                {
                    "ModelId": "41000",
                    "ModelIdNum": 41000,
                    "ObjectType": 3,
                    "XPos": 76,
                    "YPos": 0,
                    "ZPos": 110,
                    "XRotation": 0,
                    "YRotation": -2041,
                    "ZRotation": 0
                },
                {
                    "ModelId": "41008",
                    "ModelIdNum": 41008,
                    "ObjectType": 3,
                    "XPos": 98,
                    "YPos": 2,
                    "ZPos": -28,
                    "XRotation": 0,
                    "YRotation": -1536,
                    "ZRotation": 0
                },
                {
                    "ModelId": "41811",
                    "ModelIdNum": 41811,
                    "ObjectType": 3,
                    "XPos": 90,
                    "YPos": 0,
                    "ZPos": 162,
                    "XRotation": 0,
                    "YRotation": -512,
                    "ZRotation": 0
                },
                {
                    "ModelId": "42076",
                    "ModelIdNum": 42076,
                    "ObjectType": 0,
                    "XPos": 76,
                    "YPos": -10,
                    "ZPos": 24,
                    "XRotation": 0,
                    "YRotation": -1024,
                    "ZRotation": 0
                },
                {
                    "ModelId": "41013",
                    "ModelIdNum": 41013,
                    "ObjectType": 0,
                    "XPos": 110,
                    "YPos": -35,
                    "ZPos": -128,
                    "XRotation": 0,
                    "YRotation": -512,
                    "ZRotation": 0
                },
                {
                    "ModelId": "41100",
                    "ModelIdNum": 41100,
                    "ObjectType": 0,
                    "XPos": 34,
                    "YPos": -15,
                    "ZPos": -158,
                    "XRotation": 0,
                    "YRotation": -85,
                    "ZRotation": 0
                }
            ],
            "BlockFlatObjectRecords": [
                {
                    "Position": 0,
                    "XPos": 0,
                    "YPos": -90,
                    "ZPos": 130,
                    "TextureArchive": 210,
                    "TextureRecord": 13,
                    "FactionID": 28680,
                    "Flags": 17
                },
                {
                    "Position": 0,
                    "XPos": -64,
                    "YPos": -80,
                    "ZPos": -136,
                    "TextureArchive": 210,
                    "TextureRecord": 13,
                    "FactionID": 28680,
                    "Flags": 17
                },
                {
                    "Position": 0,
                    "XPos": 14,
                    "YPos": 0,
                    "ZPos": 160,
                    "TextureArchive": 199,
                    "TextureRecord": 20,
                    "FactionID": 0,
                    "Flags": 17
                },
                {
                    "Position": 0,
                    "XPos": -64,
                    "YPos": 0,
                    "ZPos": -128,
                    "TextureArchive": 199,
                    "TextureRecord": 8,
                    "FactionID": 0,
                    "Flags": 0
                },
                {
                    "Position": 0,
                    "XPos": -34,
                    "YPos": -1,
                    "ZPos": 146,
                    "TextureArchive": 199,
                    "TextureRecord": 8,
                    "FactionID": 0,
                    "Flags": 0
                },
                {
                    "Position": 0,
                    "XPos": -88,
                    "YPos": -35,
                    "ZPos": 30,
                    "TextureArchive": 56790,
                    "TextureRecord": 19,
                    "FactionID": 0,
                    "Flags": 0
                },
                {
                    "Position": 0,
                    "XPos": -100,
                    "YPos": -35,
                    "ZPos": 14,
                    "TextureArchive": 10021,
                    "TextureRecord": 7,
                    "FactionID": 0,
                    "Flags": 0
                },
                {
                    "Position": 0,
                    "XPos": 64,
                    "YPos": -88,
                    "ZPos": 0,
                    "TextureArchive": 210,
                    "TextureRecord": 13,
                    "FactionID": 28680,
                    "Flags": 17
                },
                {
                    "Position": 0,
                    "XPos": -100,
                    "YPos": -36,
                    "ZPos": 44,
                    "TextureArchive": 56790,
                    "TextureRecord": 25,
                    "FactionID": 0,
                    "Flags": 0
                },
                {
                    "Position": 0,
                    "XPos": 98,
                    "YPos": -27,
                    "ZPos": -28,
                    "TextureArchive": 56790,
                    "TextureRecord": 22,
                    "FactionID": 0,
                    "Flags": 0
                },
                {
                    "Position": 0,
                    "XPos": -38,
                    "YPos": -1,
                    "ZPos": 66,
                    "TextureArchive": 199,
                    "TextureRecord": 11,
                    "FactionID": 0,
                    "Flags": 0
                },
                {
                    "Position": 0,
                    "XPos": 64,
                    "YPos": -22,
                    "ZPos": 24,
                    "TextureArchive": 199,
                    "TextureRecord": 18,
                    "FactionID": 0,
                    "Flags": 0
                },
                {
                    "Position": 0,
                    "XPos": -32,
                    "YPos": -1,
                    "ZPos": 4,
                    "TextureArchive": 199,
                    "TextureRecord": 4,
                    "FactionID": 0,
                    "Flags": 0
                },
                {
                    "Position": 0,
                    "XPos": 64,
                    "YPos": -80,
                    "ZPos": -136,
                    "TextureArchive": 210,
                    "TextureRecord": 13,
                    "FactionID": 28680,
                    "Flags": 17
                }
            ],
            "BlockSection3Records": [
                {
                    "XPos": -64,
                    "YPos": 0,
                    "ZPos": 128
                },
                {
                    "XPos": -64,
                    "YPos": 0,
                    "ZPos": 0
                },
                {
                    "XPos": 64,
                    "YPos": 0,
                    "ZPos": 0
                },
                {
                    "XPos": 64,
                    "YPos": 0,
                    "ZPos": -128
                }
            ],
            "BlockPeopleRecords": [
                {
                    "Position": 7236,
                    "XPos": 28,
                    "YPos": 0,
                    "ZPos": -36,
                    "TextureArchive": 182,
                    "TextureRecord": 43,
                    "FactionID": 0,
                    "Flags": 1
                },
                {
                    "Position": 7237,
                    "XPos": -58,
                    "YPos": -1,
                    "ZPos": 112,
                    "TextureArchive": 182,
                    "TextureRecord": 25,
                    "FactionID": 0,
                    "Flags": 0
                },
                {
                    "Position": 7238,
                    "XPos": 70,
                    "YPos": -3,
                    "ZPos": -118,
                    "TextureArchive": 184,
                    "TextureRecord": 23,
                    "FactionID": 0,
                    "Flags": 0
                }
            ],
            "BlockDoorRecords": []
        }
    },
    "AutoMapData": null
}