{
    "FactionId": 0,
    "BuildingType": 18,
    "Quality": 4,
    "NameSeed": 0,
    "RmbSubRecord": {
        "XPos": 2432,
        "ZPos": 3264,
        "YRotation": 0,
        "Exterior": {
            "Header": {
                "Num3dObjectRecords": 1,
                "NumFlatObjectRecords": 0,
                "NumSection3Records": 0,
                "NumPeopleRecords": 0,
                "NumDoorRecords": 0
            },
            "Block3dObjectRecords": [
                {
                    "ModelId": "156",
                    "ModelIdNum": 156,
                    "ObjectType": 4,
                    "XPos": 0,
                    "YPos": 0,
                    "ZPos": 0,
                    "XRotation": 0,
                    "YRotation": 0,
                    "ZRotation": 0
                },
                {
                    "ModelId": "45084",
                    "ModelIdNum": 45084,
                    "ObjectType": 4,
                    "XPos": 4,
                    "YPos": -20,
                    "ZPos": -96,
                    "XRotation": 0,
                    "YRotation": 0,
                    "ZRotation": 0
                }
            ],
            "BlockFlatObjectRecords": [],
            "BlockSection3Records": [],
            "BlockPeopleRecords": [],
            "BlockDoorRecords": []
        },
        "Interior": {
            "Header": {
                "Num3dObjectRecords": 8,
                "NumFlatObjectRecords": 5,
                "NumSection3Records": 3,
                "NumPeopleRecords": 1,
                "NumDoorRecords": 2
            },
            "Block3dObjectRecords": [
                {
                    "ModelId": "31018",
                    "ModelIdNum": 31018,
                    "ObjectType": 13,
                    "XPos": -61,
                    "YPos": -63,
                    "ZPos": 128,
                    "XRotation": 0,
                    "YRotation": -512,
                    "ZRotation": 0
                },
                {
                    "ModelId": "31003",
                    "ModelIdNum": 31003,
                    "ObjectType": 13,
                    "XPos": 61,
                    "YPos": -63,
                    "ZPos": 125,
                    "XRotation": 0,
                    "YRotation": -1536,
                    "ZRotation": 0
                },
                {
                    "ModelId": "41033",
                    "ModelIdNum": 41033,
                    "ObjectType": 3,
                    "XPos": 98,
                    "YPos": 0,
                    "ZPos": -98,
                    "ZScale": 1.75,
                    "XRotation": 0,
                    "YRotation": -1536,
                    "ZRotation": 0
                },
                {
                    "ModelId": "41105",
                    "ModelIdNum": 41105,
                    "ObjectType": 3,
                    "XPos": -20,
                    "YPos": 1,
                    "ZPos": 84,
                    "XRotation": 0,
                    "YRotation": 0,
                    "ZRotation": 0
                },
                {
                    "ModelId": "79028",
                    "ModelIdNum": 79028,
                    "ObjectType": 0,
                    "XPos": 62,
                    "YPos": -70,
                    "ZPos": 185,
                    "XRotation": 0,
                    "YRotation": -1024,
                    "ZRotation": 0
                },
                {
                    "ModelId": "3018",
                    "ModelIdNum": 3018,
                    "ObjectType": 13,
                    "XPos": 118,
                    "YPos": -62,
                    "ZPos": 2,
                    "ZScale": 1.039646,
                    "XRotation": 0,
                    "YRotation": 0,
                    "ZRotation": 0
                },
                {
                    "ModelId": "3017",
                    "ModelIdNum": 3017,
                    "ObjectType": 13,
                    "XPos": 65,
                    "YPos": 1,
                    "ZPos": -126,
                    "XRotation": 0,
                    "YRotation": -1024,
                    "ZRotation": 0
                },
                {
                    "ModelId": "45081",
                    "ModelIdNum": 45081,
                    "ObjectType": 0,
                    "XPos": -103,
                    "YPos": -52,
                    "ZPos": 92,
                    "XScale": 0.4999999,
                    "YScale": 0.7999997,
                    "XRotation": 0,
                    "YRotation": -512,
                    "ZRotation": -511
                },
                {
                    "ModelId": "41117",
                    "ModelIdNum": 41117,
                    "ObjectType": 3,
                    "XPos": -117,
                    "YPos": 5,
                    "ZPos": 128,
                    "ZScale": 1.03,
                    "XRotation": 0,
                    "YRotation": -511,
                    "ZRotation": 0
                },
                {
                    "ModelId": "45076",
                    "ModelIdNum": 45076,
                    "ObjectType": 0,
                    "XPos": -114,
                    "YPos": -9,
                    "ZPos": 129,
                    "ZScale": 0.3333899,
                    "XRotation": 0,
                    "YRotation": -511,
                    "ZRotation": 0
                },
                {
                    "ModelId": "45129",
                    "ModelIdNum": 45129,
                    "ObjectType": 0,
                    "XPos": -105,
                    "YPos": -2,
                    "ZPos": 63,
                    "YScale": 1.58168,
                    "ZScale": 4.0,
                    "XRotation": 0,
                    "YRotation": -512,
                    "ZRotation": -512
                },
                {
                    "ModelId": "45081",
                    "ModelIdNum": 45081,
                    "ObjectType": 0,
                    "XPos": -102,
                    "YPos": -58,
                    "ZPos": 84,
                    "YScale": 1.02,
                    "XRotation": 0,
                    "YRotation": -512,
                    "ZRotation": -512
                },
                {
                    "ModelId": "1001",
                    "ModelIdNum": 1001,
                    "ObjectType": 13,
                    "XPos": 62,
                    "YPos": 1,
                    "ZPos": -63,
                    "ZScale": 1.005,
                    "XRotation": 0,
                    "YRotation": 0,
                    "ZRotation": 0
                },
                {
                    "ModelId": "3000",
                    "ModelIdNum": 3000,
                    "ObjectType": 13,
                    "XPos": 64,
                    "YPos": -62,
                    "ZPos": 64,
                    "XRotation": 0,
                    "YRotation": -1536,
                    "ZRotation": 0
                },
                {
                    "ModelId": "3000",
                    "ModelIdNum": 3000,
                    "ObjectType": 13,
                    "XPos": 64,
                    "YPos": -62,
                    "ZPos": -61,
                    "XRotation": 0,
                    "YRotation": -512,
                    "ZRotation": 0
                },
                {
                    "ModelId": "2001",
                    "ModelIdNum": 2001,
                    "ObjectType": 13,
                    "XPos": 59,
                    "YPos": -124,
                    "ZPos": -61,
                    "XRotation": 0,
                    "YRotation": 0,
                    "ZRotation": 0
                },
                {
                    "ModelId": "3000",
                    "ModelIdNum": 3000,
                    "ObjectType": 13,
                    "XPos": 64,
                    "YPos": -63,
                    "ZPos": -66,
                    "XRotation": 0,
                    "YRotation": -1536,
                    "ZRotation": 0
                },
                {
                    "ModelId": "3004",
                    "ModelIdNum": 3004,
                    "ObjectType": 13,
                    "XPos": 122,
                    "YPos": -63,
                    "ZPos": -124,
                    "XRotation": 0,
                    "YRotation": 0,
                    "ZRotation": 0
                },
                {
                    "ModelId": "3004",
                    "ModelIdNum": 3004,
                    "ObjectType": 13,
                    "XPos": 64,
                    "YPos": -63,
                    "ZPos": -181,
                    "XRotation": 0,
                    "YRotation": -512,
                    "ZRotation": 0
                },
                {
                    "ModelId": "3002",
                    "ModelIdNum": 3002,
                    "ObjectType": 13,
                    "XPos": 6,
                    "YPos": -62,
                    "ZPos": 2,
                    "ZScale": 1.0379,
                    "XRotation": 0,
                    "YRotation": -1024,
                    "ZRotation": 0
                },
                {
                    "ModelId": "69465",
                    "ModelIdNum": 69465,
                    "ObjectType": 0,
                    "XPos": -116,
                    "YPos": 14,
                    "ZPos": 128,
                    "XScale": 0.39664,
                    "YScale": 0.7029,
                    "ZScale": 0.87331,
                    "XRotation": 0,
                    "YRotation": 0,
                    "ZRotation": 0
                },
                {
                    "ModelId": "42086",
                    "ModelIdNum": 42086,
                    "ObjectType": 0,
                    "XPos": 76,
                    "YPos": -41,
                    "ZPos": -152,
                    "XRotation": 0,
                    "YRotation": -1024,
                    "ZRotation": 0
                },
                {
                    "ModelId": "41018",
                    "ModelIdNum": 41018,
                    "ObjectType": 0,
                    "XPos": 2,
                    "YPos": -38,
                    "ZPos": 178,
                    "XRotation": 0,
                    "YRotation": -1024,
                    "ZRotation": 0
                },
                {
                    "ModelId": "156",
                    "ModelIdNum": 156,
                    "ObjectType": 0,
                    "XPos": 0,
                    "YPos": 2,
                    "ZPos": 2,
                    "XRotation": 0,
                    "YRotation": 0,
                    "ZRotation": 0
                },
                {
                    "ModelId": "41811",
                    "ModelIdNum": 41811,
                    "ObjectType": 3,
                    "XPos": 104,
                    "YPos": 0,
                    "ZPos": 168,
                    "XRotation": 0,
                    "YRotation": 0,
                    "ZRotation": 0
                }
            ],
            "BlockFlatObjectRecords": [
                {
                    "Position": 0,
                    "XPos": 0,
                    "YPos": -80,
                    "ZPos": 128,
                    "TextureArchive": 210,
                    "TextureRecord": 22,
                    "FactionID": 24588,
                    "Flags": 17
                },
                {
                    "Position": 0,
                    "XPos": 40,
                    "YPos": -80,
                    "ZPos": -96,
                    "TextureArchive": 210,
                    "TextureRecord": 22,
                    "FactionID": 18444,
                    "Flags": 17
                },
                {
                    "Position": 0,
                    "XPos": -50,
                    "YPos": 0,
                    "ZPos": 160,
                    "TextureArchive": 199,
                    "TextureRecord": 20,
                    "FactionID": 0,
                    "Flags": 17
                },
                {
                    "Position": 0,
                    "XPos": 64,
                    "YPos": 0,
                    "ZPos": 0,
                    "TextureArchive": 199,
                    "TextureRecord": 8,
                    "FactionID": 0,
                    "Flags": 0
                },
                {
                    "Position": 0,
                    "XPos": 98,
                    "YPos": -35,
                    "ZPos": -98,
                    "TextureArchive": 56790,
                    "TextureRecord": 24,
                    "FactionID": 0,
                    "Flags": 0
                },
                {
                    "Position": 0,
                    "XPos": 36,
                    "YPos": -1,
                    "ZPos": -100,
                    "TextureArchive": 199,
                    "TextureRecord": 11,
                    "FactionID": 0,
                    "Flags": 0
                },
                {
                    "Position": 0,
                    "XPos": 66,
                    "YPos": -1,
                    "ZPos": 138,
                    "TextureArchive": 199,
                    "TextureRecord": 18,
                    "FactionID": 0,
                    "Flags": 0
                },
                {
                    "Position": 0,
                    "XPos": 66,
                    "YPos": -17,
                    "ZPos": -152,
                    "TextureArchive": 199,
                    "TextureRecord": 4,
                    "FactionID": 0,
                    "Flags": 0
                }
            ],
            "BlockSection3Records": [
                {
                    "XPos": -64,
                    "YPos": 0,
                    "ZPos": 128
                },
                {
                    "XPos": 64,
                    "YPos": 0,
                    "ZPos": 128
                },
                {
                    "XPos": 64,
                    "YPos": 0,
                    "ZPos": -128
                }
            ],
            "BlockPeopleRecords": [
                {
                    "Position": 5700,
                    "XPos": 14,
                    "YPos": 2,
                    "ZPos": 144,
                    "TextureArchive": 184,
                    "TextureRecord": 28,
                    "FactionID": 0,
                    "Flags": 33
                },
                {
                    "Position": 5701,
                    "XPos": -22,
                    "YPos": -1,
                    "ZPos": 116,
                    "TextureArchive": 182,
                    "TextureRecord": 53,
                    "FactionID": 0,
                    "Flags": 0
                }
            ],
            "BlockDoorRecords": [
                {
                    "Position": 0,
                    "XPos": 40,
                    "YPos": -44,
                    "ZPos": -62,
                    "YRotation": 0,
                    "OpenRotation": 90,
                    "DoorModelIndex": 0
                },
                {
                    "Position": 1,
                    "XPos": 87,
                    "YPos": -46,
                    "ZPos": 61,
                    "YRotation": -1024,
                    "OpenRotation": 90,
                    "DoorModelIndex": 0
                }
            ]
        }
    },
    "AutoMapData": null
}