{
    "FactionId": 0,
    "BuildingType": 18,
    "Quality": 6,
    "NameSeed": 0,
    "RmbSubRecord": {
        "XPos": 2368,
        "ZPos": 2112,
        "YRotation": 1024,
        "Exterior": {
            "Header": {
                "Num3dObjectRecords": 1,
                "NumFlatObjectRecords": 0,
                "NumSection3Records": 0,
                "NumPeopleRecords": 0,
                "NumDoorRecords": 0
            },
            "Block3dObjectRecords": [
                {
                    "ModelId": "200",
                    "ModelIdNum": 200,
                    "ObjectType": 4,
                    "XPos": 0,
                    "YPos": 0,
                    "ZPos": 0,
                    "XRotation": 0,
                    "YRotation": 0,
                    "ZRotation": 0
                },
                {
                    "ModelId": "45116",
                    "ModelIdNum": 45116,
                    "ObjectType": 4,
                    "XPos": -64,
                    "YPos": -24,
                    "ZPos": -98,
                    "XRotation": 0,
                    "YRotation": 0,
                    "ZRotation": 0
                },
                {
                    "ModelId": "45116",
                    "ModelIdNum": 45116,
                    "ObjectType": 4,
                    "XPos": -64,
                    "YPos": -24,
                    "ZPos": -162,
                    "XRotation": 0,
                    "YRotation": 0,
                    "ZRotation": 0
                }
            ],
            "BlockFlatObjectRecords": [],
            "BlockSection3Records": [],
            "BlockPeopleRecords": [],
            "BlockDoorRecords": []
        },
        "Interior": {
            "Header": {
                "Num3dObjectRecords": 22,
                "NumFlatObjectRecords": 7,
                "NumSection3Records": 11,
                "NumPeopleRecords": 1,
                "NumDoorRecords": 2
            },
            "Block3dObjectRecords": [
                {
                    "ModelId": "31726",
                    "ModelIdNum": 31726,
                    "ObjectType": 13,
                    "XPos": 125,
                    "YPos": -63,
                    "ZPos": 0,
                    "XRotation": 0,
                    "YRotation": 0,
                    "ZRotation": 0
                },
                {
                    "ModelId": "31719",
                    "ModelIdNum": 31719,
                    "ObjectType": 13,
                    "XPos": 3,
                    "YPos": -63,
                    "ZPos": 0,
                    "XRotation": 0,
                    "YRotation": -1536,
                    "ZRotation": 0
                },
                {
                    "ModelId": "31706",
                    "ModelIdNum": 31706,
                    "ObjectType": 13,
                    "XPos": 125,
                    "YPos": -63,
                    "ZPos": 253,
                    "XRotation": 0,
                    "YRotation": -1536,
                    "ZRotation": 0
                },
                {
                    "ModelId": "31706",
                    "ModelIdNum": 31706,
                    "ObjectType": 13,
                    "XPos": 3,
                    "YPos": -63,
                    "ZPos": 131,
                    "XRotation": 0,
                    "YRotation": -512,
                    "ZRotation": 0
                },
                {
                    "ModelId": "41033",
                    "ModelIdNum": 41033,
                    "ObjectType": 0,
                    "XPos": -20,
                    "YPos": -18,
                    "ZPos": 312,
                    "XRotation": 0,
                    "YRotation": -1024,
                    "ZRotation": 0
                },
                {
                    "ModelId": "41033",
                    "ModelIdNum": 41033,
                    "ObjectType": 0,
                    "XPos": 20,
                    "YPos": -18,
                    "ZPos": 312,
                    "XRotation": 0,
                    "YRotation": -1024,
                    "ZRotation": 0
                },
                {
                    "ModelId": "3718",
                    "ModelIdNum": 3718,
                    "ObjectType": 13,
                    "XPos": 186,
                    "YPos": -63,
                    "ZPos": 128,
                    "XRotation": 0,
                    "YRotation": 0,
                    "ZRotation": 0
                },
                {
                    "ModelId": "3719",
                    "ModelIdNum": 3719,
                    "ObjectType": 13,
                    "XPos": -59,
                    "YPos": -63,
                    "ZPos": -190,
                    "XRotation": 0,
                    "YRotation": -1024,
                    "ZRotation": 0
                },
                {
                    "ModelId": "3719",
                    "ModelIdNum": 3719,
                    "ObjectType": 13,
                    "XPos": 63,
                    "YPos": -63,
                    "ZPos": -312,
                    "XRotation": 0,
                    "YRotation": -512,
                    "ZRotation": 0
                },
                {
                    "ModelId": "3718",
                    "ModelIdNum": 3718,
                    "ObjectType": 13,
                    "XPos": 0,
                    "YPos": -63,
                    "ZPos": 318,
                    "XRotation": 0,
                    "YRotation": -1536,
                    "ZRotation": 0
                },
                {
                    "ModelId": "3719",
                    "ModelIdNum": 3719,
                    "ObjectType": 13,
                    "XPos": -177,
                    "YPos": -63,
                    "ZPos": 196,
                    "XRotation": 0,
                    "YRotation": -1024,
                    "ZRotation": 0
                },
                {
                    "ModelId": "3718",
                    "ModelIdNum": 3718,
                    "ObjectType": 13,
                    "XPos": 184,
                    "YPos": -64,
                    "ZPos": -126,
                    "XRotation": 0,
                    "YRotation": -5,
                    "ZRotation": 0
                },
                {
                    "ModelId": "3704",
                    "ModelIdNum": 3704,
                    "ObjectType": 13,
                    "XPos": 4,
                    "YPos": -63,
                    "ZPos": -68,
                    "ZScale": 1.113353,
                    "XRotation": 0,
                    "YRotation": -1536,
                    "ZRotation": 0
                },
                {
                    "ModelId": "3700",
                    "ModelIdNum": 3700,
                    "ObjectType": 13,
                    "XPos": 128,
                    "YPos": -64,
                    "ZPos": -66,
                    "XRotation": 0,
                    "YRotation": -1536,
                    "ZRotation": 0
                },
                {
                    "ModelId": "1107",
                    "ModelIdNum": 1107,
                    "ObjectType": 13,
                    "XPos": 60,
                    "YPos": 0,
                    "ZPos": -192,
                    "XRotation": 0,
                    "YRotation": 0,
                    "ZRotation": 0
                },
                {
                    "ModelId": "4706",
                    "ModelIdNum": 4706,
                    "ObjectType": 13,
                    "XPos": 67,
                    "YPos": -63,
                    "ZPos": 67,
                    "XScale": 0.5325297,
                    "YScale": 0.9946272,
                    "ZScale": 0.5879604,
                    "XRotation": 0,
                    "YRotation": -1536,
                    "ZRotation": 0
                },
                {
                    "ModelId": "1706",
                    "ModelIdNum": 1706,
                    "ObjectType": 13,
                    "XPos": -125,
                    "YPos": 0,
                    "ZPos": 189,
                    "XRotation": 0,
                    "YRotation": -512,
                    "ZRotation": 0
                },
                {
                    "ModelId": "3700",
                    "ModelIdNum": 3700,
                    "ObjectType": 13,
                    "XPos": -56,
                    "YPos": -63,
                    "ZPos": 256,
                    "XRotation": 0,
                    "YRotation": -1024,
                    "ZRotation": 0
                },
                {
                    "ModelId": "4700",
                    "ModelIdNum": 4700,
                    "ObjectType": 13,
                    "XPos": -57,
                    "YPos": -63,
                    "ZPos": 195,
                    "XScale": 0.5645611,
                    "ZScale": 0.6181566,
                    "XRotation": 0,
                    "YRotation": -1536,
                    "ZRotation": 0
                },
                {
                    "ModelId": "3704",
                    "ModelIdNum": 3704,
                    "ObjectType": 13,
                    "XPos": -119,
                    "YPos": -63,
                    "ZPos": 76,
                    "XRotation": 0,
                    "YRotation": -512,
                    "ZRotation": 0
                },
                {
                    "ModelId": "3700",
                    "ModelIdNum": 3700,
                    "ObjectType": 13,
                    "XPos": -62,
                    "YPos": -63,
                    "ZPos": 256,
                    "XRotation": 0,
                    "YRotation": 0,
                    "ZRotation": 0
                },
                {
                    "ModelId": "2701",
                    "ModelIdNum": 2701,
                    "ObjectType": 13,
                    "XPos": -123,
                    "YPos": -125,
                    "ZPos": 190,
                    "XRotation": 0,
                    "YRotation": 0,
                    "ZRotation": 0
                },
                {
                    "ModelId": "2707",
                    "ModelIdNum": 2707,
                    "ObjectType": 13,
                    "XPos": 71,
                    "YPos": -122,
                    "ZPos": -196,
                    "XRotation": 0,
                    "YRotation": -1536,
                    "ZRotation": 0
                },
                {
                    "ModelId": "45081",
                    "ModelIdNum": 45081,
                    "ObjectType": 0,
                    "XPos": 162,
                    "YPos": -59,
                    "ZPos": 244,
                    "XScale": 0.4999999,
                    "YScale": 0.7999998,
                    "ZScale": 0.6953599,
                    "XRotation": 0,
                    "YRotation": -256,
                    "ZRotation": -512
                },
                {
                    "ModelId": "41117",
                    "ModelIdNum": 41117,
                    "ObjectType": 3,
                    "XPos": 148,
                    "YPos": 11,
                    "ZPos": 275,
                    "ZScale": 0.8640155,
                    "XRotation": 0,
                    "YRotation": -1279,
                    "ZRotation": 0
                },
                {
                    "ModelId": "45074",
                    "ModelIdNum": 45074,
                    "ObjectType": 0,
                    "XPos": 149,
                    "YPos": -5,
                    "ZPos": 276,
                    "XScale": 0.4372777,
                    "YScale": 0.6,
                    "ZScale": 0.911014,
                    "XRotation": 0,
                    "YRotation": -768,
                    "ZRotation": 0
                },
                {
                    "ModelId": "45076",
                    "ModelIdNum": 45076,
                    "ObjectType": 0,
                    "XPos": 148,
                    "YPos": -53,
                    "ZPos": 274,
                    "XScale": 1.021295,
                    "ZScale": 0.3421728,
                    "XRotation": 0,
                    "YRotation": -256,
                    "ZRotation": 0
                },
                {
                    "ModelId": "45081",
                    "ModelIdNum": 45081,
                    "ObjectType": 0,
                    "XPos": 171,
                    "YPos": -64,
                    "ZPos": 235,
                    "YScale": 1.03,
                    "XRotation": 0,
                    "YRotation": -256,
                    "ZRotation": -512
                },
                {
                    "ModelId": "45129",
                    "ModelIdNum": 45129,
                    "ObjectType": 0,
                    "XPos": 199,
                    "YPos": -6,
                    "ZPos": 207,
                    "XScale": 1.2,
                    "YScale": 2.368432,
                    "ZScale": 3.0,
                    "XRotation": 0,
                    "YRotation": -256,
                    "ZRotation": -512
                },
                {
                    "ModelId": "41116",
                    "ModelIdNum": 41116,
                    "ObjectType": 3,
                    "XPos": 176,
                    "YPos": 11,
                    "ZPos": -255,
                    "YScale": 1.0573,
                    "ZScale": 1.03041,
                    "XRotation": 0,
                    "YRotation": -1536,
                    "ZRotation": 0
                },
                {
                    "ModelId": "45076",
                    "ModelIdNum": 45076,
                    "ObjectType": 0,
                    "XPos": 176,
                    "YPos": -34,
                    "ZPos": -255,
                    "XScale": 0.3298291,
                    "XRotation": 0,
                    "YRotation": 0,
                    "ZRotation": 0
                },
                {
                    "ModelId": "45081",
                    "ModelIdNum": 45081,
                    "ObjectType": 0,
                    "XPos": 166,
                    "YPos": -58,
                    "ZPos": -298,
                    "XRotation": 0,
                    "YRotation": -510,
                    "ZRotation": -510
                },
                {
                    "ModelId": "45081",
                    "ModelIdNum": 45081,
                    "ObjectType": 0,
                    "XPos": 168,
                    "YPos": -51,
                    "ZPos": -294,
                    "XScale": 0.5,
                    "YScale": 0.9,
                    "XRotation": 0,
                    "YRotation": -512,
                    "ZRotation": -511
                },
                {
                    "ModelId": "45129",
                    "ModelIdNum": 45129,
                    "ObjectType": 0,
                    "XPos": 171,
                    "YPos": -4,
                    "ZPos": -318,
                    "XScale": 1.1963,
                    "YScale": 1.5,
                    "ZScale": 3.0,
                    "XRotation": 0,
                    "YRotation": -511,
                    "ZRotation": -512
                },
                {
                    "ModelId": "69465",
                    "ModelIdNum": 69465,
                    "ObjectType": 0,
                    "XPos": 176,
                    "YPos": 13,
                    "ZPos": -255,
                    "XScale": 0.3021123,
                    "YScale": 0.68878,
                    "ZScale": 0.86648,
                    "XRotation": 0,
                    "YRotation": 0,
                    "ZRotation": 0
                },
                {
                    "ModelId": "4704",
                    "ModelIdNum": 4704,
                    "ObjectType": 13,
                    "XPos": 70,
                    "YPos": -63,
                    "ZPos": -71,
                    "XRotation": 0,
                    "YRotation": 0,
                    "ZRotation": 0
                },
                {
                    "ModelId": "4704",
                    "ModelIdNum": 4704,
                    "ObjectType": 13,
                    "XPos": -53,
                    "YPos": -63,
                    "ZPos": 194,
                    "XRotation": 0,
                    "YRotation": -1536,
                    "ZRotation": 0
                },
                {
                    "ModelId": "41106",
                    "ModelIdNum": 41106,
                    "ObjectType": 0,
                    "XPos": 2,
                    "YPos": -15,
                    "ZPos": 88,
                    "XRotation": 0,
                    "YRotation": 0,
                    "ZRotation": 0
                },
                {
                    "ModelId": "31725",
                    "ModelIdNum": 31725,
                    "ObjectType": 13,
                    "XPos": 0,
                    "YPos": -63,
                    "ZPos": 256,
                    "XRotation": 0,
                    "YRotation": -512,
                    "ZRotation": 0
                },
                {
                    "ModelId": "31725",
                    "ModelIdNum": 31725,
                    "ObjectType": 13,
                    "XPos": 128,
                    "YPos": -63,
                    "ZPos": 128,
                    "XRotation": 0,
                    "YRotation": -512,
                    "ZRotation": 0
                },
                {
                    "ModelId": "3730",
                    "ModelIdNum": 3730,
                    "ObjectType": 13,
                    "XPos": 182,
                    "YPos": -64,
                    "ZPos": -254,
                    "XRotation": 0,
                    "YRotation": -5,
                    "ZRotation": 0
                },
                {
                    "ModelId": "4704",
                    "ModelIdNum": 4704,
                    "ObjectType": 13,
                    "XPos": 181,
                    "YPos": -64,
                    "ZPos": -190,
                    "XRotation": 0,
                    "YRotation": -512,
                    "ZRotation": 0
                },
                {
                    "ModelId": "41050",
                    "ModelIdNum": 41050,
                    "ObjectType": 0,
                    "XPos": -30,
                    "YPos": -15,
                    "ZPos": -94,
                    "ZScale": 1.5,
                    "XRotation": 0,
                    "YRotation": -1024,
                    "ZRotation": 0
                },
                {
                    "ModelId": "41108",
                    "ModelIdNum": 41108,
                    "ObjectType": 0,
                    "XPos": -16,
                    "YPos": -18,
                    "ZPos": -280,
                    "XRotation": 0,
                    "YRotation": 0,
                    "ZRotation": 0
                },
                {
                    "ModelId": "41120",
                    "ModelIdNum": 41120,
                    "ObjectType": 0,
                    "XPos": -48,
                    "YPos": -32,
                    "ZPos": 150,
                    "XRotation": 0,
                    "YRotation": -512,
                    "ZRotation": 0
                },
                {
                    "ModelId": "74803",
                    "ModelIdNum": 74803,
                    "ObjectType": 0,
                    "XPos": 6,
                    "YPos": 2,
                    "ZPos": 142,
                    "XRotation": -1536,
                    "YRotation": -511,
                    "ZRotation": 0
                },
                {
                    "ModelId": "69464",
                    "ModelIdNum": 69464,
                    "ObjectType": 0,
                    "XPos": 34,
                    "YPos": -76,
                    "ZPos": -56,
                    "XRotation": 0,
                    "YRotation": 0,
                    "ZRotation": 0
                },
                {
                    "ModelId": "3704",
                    "ModelIdNum": 3704,
                    "ObjectType": 13,
                    "XPos": -120,
                    "YPos": -63,
                    "ZPos": 314,
                    "XRotation": 0,
                    "YRotation": -1536,
                    "ZRotation": 0
                },
                {
                    "ModelId": "41124",
                    "ModelIdNum": 41124,
                    "ObjectType": 0,
                    "XPos": -110,
                    "YPos": -33,
                    "ZPos": 300,
                    "XRotation": 0,
                    "YRotation": -1024,
                    "ZRotation": 0
                },
                {
                    "ModelId": "41040",
                    "ModelIdNum": 41040,
                    "ObjectType": 3,
                    "XPos": -72,
                    "YPos": 1,
                    "ZPos": 134,
                    "XRotation": 0,
                    "YRotation": -1536,
                    "ZRotation": 0
                },
                {
                    "ModelId": "41112",
                    "ModelIdNum": 41112,
                    "ObjectType": 0,
                    "XPos": -156,
                    "YPos": -16,
                    "ZPos": 194,
                    "XRotation": 0,
                    "YRotation": -512,
                    "ZRotation": 0
                },
                {
                    "ModelId": "41113",
                    "ModelIdNum": 41113,
                    "ObjectType": 0,
                    "XPos": -10,
                    "YPos": -16,
                    "ZPos": 164,
                    "XScale": 1.3,
                    "YScale": 1.3,
                    "ZScale": 1.3,
                    "XRotation": 0,
                    "YRotation": -1336,
                    "ZRotation": 0
                },
                {
                    "ModelId": "42081",
                    "ModelIdNum": 42081,
                    "ObjectType": 0,
                    "XPos": 26,
                    "YPos": -13,
                    "ZPos": -109,
                    "XRotation": 0,
                    "YRotation": -512,
                    "ZRotation": 0
                },
                {
                    "ModelId": "200",
                    "ModelIdNum": 200,
                    "ObjectType": 0,
                    "XPos": 2,
                    "YPos": 0,
                    "ZPos": 0,
                    "XRotation": 0,
                    "YRotation": 0,
                    "ZRotation": 0
                },
                {
                    "ModelId": "3704",
                    "ModelIdNum": 3704,
                    "ObjectType": 13,
                    "XPos": -65,
                    "YPos": -63,
                    "ZPos": 132,
                    "XRotation": 0,
                    "YRotation": 0,
                    "ZRotation": 0
                },
                {
                    "ModelId": "4704",
                    "ModelIdNum": 4704,
                    "ObjectType": 13,
                    "XPos": -67,
                    "YPos": -63,
                    "ZPos": 194,
                    "XRotation": 0,
                    "YRotation": -512,
                    "ZRotation": 0
                },
                {
                    "ModelId": "74800",
                    "ModelIdNum": 74800,
                    "ObjectType": 0,
                    "XPos": 12,
                    "YPos": 2,
                    "ZPos": -118,
                    "XRotation": -1536,
                    "YRotation": 0,
                    "ZRotation": 0
                }
            ],
            "BlockFlatObjectRecords": [
                {
                    "Position": 0,
                    "XPos": 6,
                    "YPos": 0,
                    "ZPos": -185,
                    "TextureArchive": 199,
                    "TextureRecord": 20,
                    "FactionID": 0,
                    "Flags": 17
                },
                {
                    "Position": 0,
                    "XPos": 124,
                    "YPos": -82,
                    "ZPos": 128,
                    "TextureArchive": 210,
                    "TextureRecord": 22,
                    "FactionID": -16368,
                    "Flags": 17
                },
                {
                    "Position": 0,
                    "XPos": 70,
                    "YPos": -77,
                    "ZPos": -226,
                    "TextureArchive": 210,
                    "TextureRecord": 22,
                    "FactionID": 28688,
                    "Flags": 17
                },
                {
                    "Position": 0,
                    "XPos": 0,
                    "YPos": 0,
                    "ZPos": 0,
                    "TextureArchive": 199,
                    "TextureRecord": 8,
                    "FactionID": 0,
                    "Flags": 0
                },
                {
                    "Position": 0,
                    "XPos": -124,
                    "YPos": -90,
                    "ZPos": 192,
                    "TextureArchive": 210,
                    "TextureRecord": 22,
                    "FactionID": -16368,
                    "Flags": 17
                },
                {
                    "Position": 0,
                    "XPos": -8,
                    "YPos": -32,
                    "ZPos": -278,
                    "TextureArchive": 209,
                    "TextureRecord": 1,
                    "FactionID": 0,
                    "Flags": 0
                },
                {
                    "Position": 0,
                    "XPos": -36,
                    "YPos": -32,
                    "ZPos": -288,
                    "TextureArchive": 211,
                    "TextureRecord": 1,
                    "FactionID": 0,
                    "Flags": 0
                },
                {
                    "Position": 0,
                    "XPos": -162,
                    "YPos": -27,
                    "ZPos": 204,
                    "TextureArchive": 56790,
                    "TextureRecord": 7,
                    "FactionID": 0,
                    "Flags": 0
                },
                {
                    "Position": 0,
                    "XPos": -152,
                    "YPos": -27,
                    "ZPos": 188,
                    "TextureArchive": 10021,
                    "TextureRecord": 17,
                    "FactionID": 0,
                    "Flags": 0
                },
                {
                    "Position": 0,
                    "XPos": -152,
                    "YPos": -27,
                    "ZPos": 218,
                    "TextureArchive": 10021,
                    "TextureRecord": 7,
                    "FactionID": 0,
                    "Flags": 0
                },
                {
                    "Position": 0,
                    "XPos": -102,
                    "YPos": -77,
                    "ZPos": 110,
                    "TextureArchive": 56790,
                    "TextureRecord": 10,
                    "FactionID": 0,
                    "Flags": 0
                },
                {
                    "Position": 0,
                    "XPos": -118,
                    "YPos": -69,
                    "ZPos": 124,
                    "TextureArchive": 56790,
                    "TextureRecord": 4,
                    "FactionID": 0,
                    "Flags": 0
                },
                {
                    "Position": 0,
                    "XPos": -146,
                    "YPos": -97,
                    "ZPos": 124,
                    "TextureArchive": 56790,
                    "TextureRecord": 8,
                    "FactionID": 0,
                    "Flags": 0
                },
                {
                    "Position": 0,
                    "XPos": -132,
                    "YPos": -89,
                    "ZPos": 110,
                    "TextureArchive": 56790,
                    "TextureRecord": 11,
                    "FactionID": 0,
                    "Flags": 0
                },
                {
                    "Position": 0,
                    "XPos": -164,
                    "YPos": -27,
                    "ZPos": 182,
                    "TextureArchive": 56790,
                    "TextureRecord": 25,
                    "FactionID": 0,
                    "Flags": 0
                },
                {
                    "Position": 0,
                    "XPos": -30,
                    "YPos": -26,
                    "ZPos": -94,
                    "TextureArchive": 56790,
                    "TextureRecord": 24,
                    "FactionID": 0,
                    "Flags": 0
                },
                {
                    "Position": 0,
                    "XPos": -152,
                    "YPos": -1,
                    "ZPos": 94,
                    "TextureArchive": 205,
                    "TextureRecord": 0,
                    "FactionID": 0,
                    "Flags": 0
                },
                {
                    "Position": 0,
                    "XPos": -160,
                    "YPos": -4,
                    "ZPos": 110,
                    "TextureArchive": 205,
                    "TextureRecord": 20,
                    "FactionID": 0,
                    "Flags": 0
                },
                {
                    "Position": 0,
                    "XPos": 100,
                    "YPos": -1,
                    "ZPos": -222,
                    "TextureArchive": 199,
                    "TextureRecord": 11,
                    "FactionID": 0,
                    "Flags": 0
                },
                {
                    "Position": 0,
                    "XPos": -118,
                    "YPos": -1,
                    "ZPos": 124,
                    "TextureArchive": 199,
                    "TextureRecord": 18,
                    "FactionID": 0,
                    "Flags": 0
                },
                {
                    "Position": 0,
                    "XPos": 68,
                    "YPos": -1,
                    "ZPos": 0,
                    "TextureArchive": 199,
                    "TextureRecord": 4,
                    "FactionID": 0,
                    "Flags": 0
                }
            ],
            "BlockSection3Records": [
                {
                    "XPos": 128,
                    "YPos": 0,
                    "ZPos": 0
                },
                {
                    "XPos": 128,
                    "YPos": 0,
                    "ZPos": 128
                },
                {
                    "XPos": -128,
                    "YPos": 0,
                    "ZPos": 128
                },
                {
                    "XPos": 0,
                    "YPos": 0,
                    "ZPos": 256
                },
                {
                    "XPos": 0,
                    "YPos": 0,
                    "ZPos": 128
                },
                {
                    "XPos": 128,
                    "YPos": 0,
                    "ZPos": 256
                },
                {
                    "XPos": -128,
                    "YPos": 0,
                    "ZPos": 256
                },
                {
                    "XPos": 0,
                    "YPos": 0,
                    "ZPos": -128
                },
                {
                    "XPos": 128,
                    "YPos": 0,
                    "ZPos": -128
                },
                {
                    "XPos": 128,
                    "YPos": 0,
                    "ZPos": -256
                },
                {
                    "XPos": 0,
                    "YPos": 0,
                    "ZPos": -256
                }
            ],
            "BlockPeopleRecords": [
                {
                    "Position": 5510,
                    "XPos": 32,
                    "YPos": -4,
                    "ZPos": 142,
                    "TextureArchive": 182,
                    "TextureRecord": 27,
                    "FactionID": 0,
                    "Flags": 0
                }
            ],
            "BlockDoorRecords": [
                {
                    "Position": 0,
                    "XPos": 105,
                    "YPos": -46,
                    "ZPos": -60,
                    "YRotation": 0,
                    "OpenRotation": 97,
                    "DoorModelIndex": 0
                }
            ]
        }
    },
    "AutoMapData": null
}