{
    "FactionId": 0,
    "BuildingType": 18,
    "Quality": 15,
    "NameSeed": 0,
    "RmbSubRecord": {
        "XPos": 1792,
        "ZPos": 3456,
        "YRotation": 0,
        "Exterior": {
            "Header": {
                "Num3dObjectRecords": 1,
                "NumFlatObjectRecords": 0,
                "NumSection3Records": 0,
                "NumPeopleRecords": 0,
                "NumDoorRecords": 0
            },
            "Block3dObjectRecords": [
                {
                    "ModelId": "147",
                    "ModelIdNum": 147,
                    "ObjectType": 4,
                    "XPos": 0,
                    "YPos": 0,
                    "ZPos": 0,
                    "XRotation": 0,
                    "YRotation": 0,
                    "ZRotation": 0
                }
            ],
            "BlockFlatObjectRecords": [],
            "BlockSection3Records": [],
            "BlockPeopleRecords": [],
            "BlockDoorRecords": []
        },
        "Interior": {
            "Header": {
                "Num3dObjectRecords": 23,
                "NumFlatObjectRecords": 22,
                "NumSection3Records": 42,
                "NumPeopleRecords": 1,
                "NumDoorRecords": 8
            },
            "Block3dObjectRecords": [
                {
                    "ModelId": "28009",
                    "ModelIdNum": 28009,
                    "ObjectType": 13,
                    "XPos": 0,
                    "YPos": -191,
                    "ZPos": 0,
                    "XRotation": 0,
                    "YRotation": -1024,
                    "ZRotation": 0
                },
                {
                    "ModelId": "31000",
                    "ModelIdNum": 31000,
                    "ObjectType": 13,
                    "XPos": 64,
                    "YPos": -63,
                    "ZPos": -64,
                    "XRotation": 0,
                    "YRotation": -512,
                    "ZRotation": 0
                },
                {
                    "ModelId": "31016",
                    "ModelIdNum": 31016,
                    "ObjectType": 13,
                    "XPos": -64,
                    "YPos": -63,
                    "ZPos": -192,
                    "XRotation": 0,
                    "YRotation": 0,
                    "ZRotation": 0
                },
                {
                    "ModelId": "31024",
                    "ModelIdNum": 31024,
                    "ObjectType": 13,
                    "XPos": -64,
                    "YPos": -63,
                    "ZPos": -67,
                    "XRotation": 0,
                    "YRotation": -1536,
                    "ZRotation": 0
                },
                {
                    "ModelId": "41012",
                    "ModelIdNum": 41012,
                    "ObjectType": 3,
                    "XPos": 72,
                    "YPos": 1,
                    "ZPos": -142,
                    "XRotation": 0,
                    "YRotation": 0,
                    "ZRotation": 0
                },
                {
                    "ModelId": "41109",
                    "ModelIdNum": 41109,
                    "ObjectType": 3,
                    "XPos": -210,
                    "YPos": 2,
                    "ZPos": 312,
                    "XRotation": 0,
                    "YRotation": -489,
                    "ZRotation": 0
                },
                {
                    "ModelId": "41100",
                    "ModelIdNum": 41100,
                    "ObjectType": 3,
                    "XPos": -216,
                    "YPos": 2,
                    "ZPos": 232,
                    "XRotation": 0,
                    "YRotation": -170,
                    "ZRotation": 0
                },
                {
                    "ModelId": "41101",
                    "ModelIdNum": 41101,
                    "ObjectType": 3,
                    "XPos": -168,
                    "YPos": 2,
                    "ZPos": 352,
                    "XRotation": 0,
                    "YRotation": -1257,
                    "ZRotation": 0
                },
                {
                    "ModelId": "41101",
                    "ModelIdNum": 41101,
                    "ObjectType": 3,
                    "XPos": -152,
                    "YPos": 2,
                    "ZPos": 288,
                    "XRotation": 0,
                    "YRotation": -1450,
                    "ZRotation": 0
                },
                {
                    "ModelId": "41005",
                    "ModelIdNum": 41005,
                    "ObjectType": 3,
                    "XPos": -40,
                    "YPos": 1,
                    "ZPos": 20,
                    "XRotation": 0,
                    "YRotation": -1001,
                    "ZRotation": 0
                },
                {
                    "ModelId": "41409",
                    "ModelIdNum": 41409,
                    "ObjectType": 3,
                    "XPos": -192,
                    "YPos": 2,
                    "ZPos": -268,
                    "XRotation": 0,
                    "YRotation": -1024,
                    "ZRotation": 0
                },
                {
                    "ModelId": "21044",
                    "ModelIdNum": 21044,
                    "ObjectType": 0,
                    "XPos": -186,
                    "YPos": 129,
                    "ZPos": -150,
                    "XScale": 1.1631,
                    "XRotation": 0,
                    "YRotation": -1536,
                    "ZRotation": 0
                },
                {
                    "ModelId": "6000",
                    "ModelIdNum": 6000,
                    "ObjectType": 13,
                    "XPos": -183,
                    "YPos": -2,
                    "ZPos": -103,
                    "YScale": 0.86763,
                    "XRotation": 0,
                    "YRotation": -501,
                    "ZRotation": 0
                },
                {
                    "ModelId": "1000",
                    "ModelIdNum": 1000,
                    "ObjectType": 13,
                    "XPos": -192,
                    "YPos": 0,
                    "ZPos": -192,
                    "XRotation": 0,
                    "YRotation": 0,
                    "ZRotation": 0
                },
                {
                    "ModelId": "3000",
                    "ModelIdNum": 3000,
                    "ObjectType": 13,
                    "XPos": -130,
                    "YPos": -64,
                    "ZPos": -192,
                    "XRotation": 0,
                    "YRotation": 0,
                    "ZRotation": 0
                },
                {
                    "ModelId": "3004",
                    "ModelIdNum": 3004,
                    "ObjectType": 13,
                    "XPos": -182,
                    "YPos": -64,
                    "ZPos": -224,
                    "YScale": 1.034372,
                    "XRotation": 0,
                    "YRotation": -511,
                    "ZRotation": 0
                },
                {
                    "ModelId": "3004",
                    "ModelIdNum": 3004,
                    "ObjectType": 13,
                    "XPos": -235,
                    "YPos": -64,
                    "ZPos": -180,
                    "YScale": 1.026143,
                    "XRotation": 0,
                    "YRotation": -1024,
                    "ZRotation": 0
                },
                {
                    "ModelId": "3000",
                    "ModelIdNum": 3000,
                    "ObjectType": 13,
                    "XPos": -192,
                    "YPos": -64,
                    "ZPos": -126,
                    "XRotation": 0,
                    "YRotation": -1536,
                    "ZRotation": 0
                },
                {
                    "ModelId": "45081",
                    "ModelIdNum": 45081,
                    "ObjectType": 0,
                    "XPos": -132,
                    "YPos": 0,
                    "ZPos": -132,
                    "YScale": 1.489093,
                    "XRotation": 0,
                    "YRotation": 0,
                    "ZRotation": 0
                },
                {
                    "ModelId": "19000",
                    "ModelIdNum": 19000,
                    "ObjectType": 0,
                    "XPos": -424,
                    "YPos": 129,
                    "ZPos": -162,
                    "XRotation": 0,
                    "YRotation": 0,
                    "ZRotation": 0
                },
                {
                    "ModelId": "1801",
                    "ModelIdNum": 1801,
                    "ObjectType": 13,
                    "XPos": -314,
                    "YPos": 129,
                    "ZPos": -156,
                    "ZScale": 1.074005,
                    "XRotation": 0,
                    "YRotation": 0,
                    "ZRotation": 0
                },
                {
                    "ModelId": "19000",
                    "ModelIdNum": 19000,
                    "ObjectType": 0,
                    "XPos": -312,
                    "YPos": 129,
                    "ZPos": -288,
                    "XRotation": 0,
                    "YRotation": -1536,
                    "ZRotation": 0
                },
                {
                    "ModelId": "19000",
                    "ModelIdNum": 19000,
                    "ObjectType": 0,
                    "XPos": -424,
                    "YPos": 129,
                    "ZPos": -34,
                    "XRotation": 0,
                    "YRotation": 0,
                    "ZRotation": 0
                },
                {
                    "ModelId": "1800",
                    "ModelIdNum": 1800,
                    "ObjectType": 13,
                    "XPos": -186,
                    "YPos": 129,
                    "ZPos": -12,
                    "XRotation": 0,
                    "YRotation": -512,
                    "ZRotation": 0
                },
                {
                    "ModelId": "2300",
                    "ModelIdNum": 2300,
                    "ObjectType": 13,
                    "XPos": -296,
                    "YPos": 0,
                    "ZPos": -170,
                    "XRotation": 0,
                    "YRotation": 0,
                    "ZRotation": 0
                },
                {
                    "ModelId": "2300",
                    "ModelIdNum": 2300,
                    "ObjectType": 13,
                    "XPos": -296,
                    "YPos": 0,
                    "ZPos": -43,
                    "XRotation": 0,
                    "YRotation": 0,
                    "ZRotation": 0
                },
                {
                    "ModelId": "2300",
                    "ModelIdNum": 2300,
                    "ObjectType": 13,
                    "XPos": -168,
                    "YPos": 0,
                    "ZPos": -105,
                    "XRotation": 0,
                    "YRotation": 0,
                    "ZRotation": 0
                },
                {
                    "ModelId": "2300",
                    "ModelIdNum": 2300,
                    "ObjectType": 13,
                    "XPos": -182,
                    "YPos": -120,
                    "ZPos": -183,
                    "XScale": 0.87573,
                    "ZScale": 0.92834,
                    "XRotation": 0,
                    "YRotation": 0,
                    "ZRotation": 0
                },
                {
                    "ModelId": "19000",
                    "ModelIdNum": 19000,
                    "ObjectType": 0,
                    "XPos": -296,
                    "YPos": 129,
                    "ZPos": 86,
                    "XRotation": 0,
                    "YRotation": -512,
                    "ZRotation": 0
                },
                {
                    "ModelId": "19000",
                    "ModelIdNum": 19000,
                    "ObjectType": 0,
                    "XPos": -168,
                    "YPos": 129,
                    "ZPos": 86,
                    "XRotation": 0,
                    "YRotation": -512,
                    "ZRotation": 0
                },
                {
                    "ModelId": "19000",
                    "ModelIdNum": 19000,
                    "ObjectType": 0,
                    "XPos": -58,
                    "YPos": 129,
                    "ZPos": -12,
                    "XRotation": 0,
                    "YRotation": -1024,
                    "ZRotation": 0
                },
                {
                    "ModelId": "2300",
                    "ModelIdNum": 2300,
                    "ObjectType": 13,
                    "XPos": -168,
                    "YPos": 0,
                    "ZPos": 22,
                    "XRotation": 0,
                    "YRotation": 0,
                    "ZRotation": 0
                },
                {
                    "ModelId": "41117",
                    "ModelIdNum": 41117,
                    "ObjectType": 3,
                    "XPos": -215,
                    "YPos": 6,
                    "ZPos": 42,
                    "XRotation": 0,
                    "YRotation": -266,
                    "ZRotation": 0
                },
                {
                    "ModelId": "45076",
                    "ModelIdNum": 45076,
                    "ObjectType": 0,
                    "XPos": -217,
                    "YPos": -10,
                    "ZPos": 41,
                    "XScale": 0.9586723,
                    "YScale": 1.0139,
                    "ZScale": 0.5206925,
                    "XRotation": 0,
                    "YRotation": -259,
                    "ZRotation": 0
                },
                {
                    "ModelId": "45129",
                    "ModelIdNum": 45129,
                    "ObjectType": 0,
                    "XPos": -148,
                    "YPos": -4,
                    "ZPos": 0,
                    "XScale": 0.6999999,
                    "YScale": 1.82352,
                    "ZScale": 2.0,
                    "XRotation": 0,
                    "YRotation": -266,
                    "ZRotation": -512
                },
                {
                    "ModelId": "45081",
                    "ModelIdNum": 45081,
                    "ObjectType": 0,
                    "XPos": -176,
                    "YPos": -62,
                    "ZPos": 21,
                    "YScale": 1.02,
                    "XRotation": 0,
                    "YRotation": -256,
                    "ZRotation": -512
                },
                {
                    "ModelId": "45081",
                    "ModelIdNum": 45081,
                    "ObjectType": 0,
                    "XPos": -184,
                    "YPos": -56,
                    "ZPos": 27,
                    "XScale": 0.4999999,
                    "YScale": 0.7999998,
                    "XRotation": 0,
                    "YRotation": -256,
                    "ZRotation": -512
                },
                {
                    "ModelId": "3006",
                    "ModelIdNum": 3006,
                    "ObjectType": 13,
                    "XPos": -248,
                    "YPos": -63,
                    "ZPos": 188,
                    "ZScale": 1.024,
                    "XRotation": 0,
                    "YRotation": -1024,
                    "ZRotation": 0
                },
                {
                    "ModelId": "3018",
                    "ModelIdNum": 3018,
                    "ObjectType": 13,
                    "XPos": -65,
                    "YPos": -63,
                    "ZPos": -376,
                    "ZScale": 1.025966,
                    "XRotation": 0,
                    "YRotation": -511,
                    "ZRotation": 0
                },
                {
                    "ModelId": "3018",
                    "ModelIdNum": 3018,
                    "ObjectType": 13,
                    "XPos": 0,
                    "YPos": -63,
                    "ZPos": 377,
                    "ZScale": 1.104361,
                    "XRotation": 0,
                    "YRotation": -1536,
                    "ZRotation": 0
                },
                {
                    "ModelId": "42547",
                    "ModelIdNum": 42547,
                    "ObjectType": 0,
                    "XPos": 177,
                    "YPos": -70,
                    "ZPos": -374,
                    "XScale": 0.25114,
                    "YScale": 0.25114,
                    "ZScale": 0.25114,
                    "XRotation": 0,
                    "YRotation": 0,
                    "ZRotation": 0
                },
                {
                    "ModelId": "41242",
                    "ModelIdNum": 41242,
                    "ObjectType": 0,
                    "XPos": -23,
                    "YPos": -45,
                    "ZPos": -312,
                    "XRotation": 0,
                    "YRotation": -512,
                    "ZRotation": 0
                },
                {
                    "ModelId": "41124",
                    "ModelIdNum": 41124,
                    "ObjectType": 0,
                    "XPos": -346,
                    "YPos": 96,
                    "ZPos": -24,
                    "XRotation": 0,
                    "YRotation": -512,
                    "ZRotation": 0
                },
                {
                    "ModelId": "41811",
                    "ModelIdNum": 41811,
                    "ObjectType": 3,
                    "XPos": -344,
                    "YPos": -128,
                    "ZPos": -78,
                    "XRotation": 0,
                    "YRotation": -1536,
                    "ZRotation": 0
                },
                {
                    "ModelId": "79018",
                    "ModelIdNum": 79018,
                    "ObjectType": 0,
                    "XPos": 64,
                    "YPos": -69,
                    "ZPos": -121,
                    "XScale": 1.2567,
                    "YScale": 1.0577,
                    "XRotation": 0,
                    "YRotation": 0,
                    "ZRotation": 0
                },
                {
                    "ModelId": "41029",
                    "ModelIdNum": 41029,
                    "ObjectType": 0,
                    "XPos": 12,
                    "YPos": -166,
                    "ZPos": 226,
                    "XRotation": 0,
                    "YRotation": -1024,
                    "ZRotation": 0
                },
                {
                    "ModelId": "1014",
                    "ModelIdNum": 1014,
                    "ObjectType": 13,
                    "XPos": -64,
                    "YPos": 0,
                    "ZPos": 186,
                    "ZScale": 1.002,
                    "XRotation": 0,
                    "YRotation": 0,
                    "ZRotation": 0
                },
                {
                    "ModelId": "3000",
                    "ModelIdNum": 3000,
                    "ObjectType": 13,
                    "XPos": -4,
                    "YPos": -63,
                    "ZPos": 319,
                    "XRotation": 0,
                    "YRotation": 0,
                    "ZRotation": 0
                },
                {
                    "ModelId": "3004",
                    "ModelIdNum": 3004,
                    "ObjectType": 13,
                    "XPos": -6,
                    "YPos": -63,
                    "ZPos": 226,
                    "ZScale": 1.05717,
                    "XRotation": 0,
                    "YRotation": 0,
                    "ZRotation": 0
                },
                {
                    "ModelId": "3004",
                    "ModelIdNum": 3004,
                    "ObjectType": 13,
                    "XPos": 50,
                    "YPos": -63,
                    "ZPos": 141,
                    "ZScale": 1.05717,
                    "XRotation": 0,
                    "YRotation": -1666,
                    "ZRotation": 0
                },
                {
                    "ModelId": "3000",
                    "ModelIdNum": 3000,
                    "ObjectType": 13,
                    "XPos": 126,
                    "YPos": -63,
                    "ZPos": 64,
                    "XRotation": 0,
                    "YRotation": 0,
                    "ZRotation": 0
                },
                {
                    "ModelId": "4004",
                    "ModelIdNum": 4004,
                    "ObjectType": 13,
                    "XPos": 114,
                    "YPos": -63,
                    "ZPos": 117,
                    "XScale": 1.4593,
                    "XRotation": 0,
                    "YRotation": 0,
                    "ZRotation": 0
                },
                {
                    "ModelId": "3032",
                    "ModelIdNum": 3032,
                    "ObjectType": 13,
                    "XPos": -61,
                    "YPos": -63,
                    "ZPos": 7,
                    "ZScale": 1.05717,
                    "XRotation": 0,
                    "YRotation": -511,
                    "ZRotation": 0
                },
                {
                    "ModelId": "3004",
                    "ModelIdNum": 3004,
                    "ObjectType": 13,
                    "XPos": 116,
                    "YPos": -63,
                    "ZPos": 318,
                    "ZScale": 1.05717,
                    "XRotation": 0,
                    "YRotation": 0,
                    "ZRotation": 0
                },
                {
                    "ModelId": "3004",
                    "ModelIdNum": 3004,
                    "ObjectType": 13,
                    "XPos": -125,
                    "YPos": -63,
                    "ZPos": 376,
                    "ZScale": 1.123243,
                    "XRotation": 0,
                    "YRotation": -1536,
                    "ZRotation": 0
                },
                {
                    "ModelId": "3004",
                    "ModelIdNum": 3004,
                    "ObjectType": 13,
                    "XPos": -187,
                    "YPos": -63,
                    "ZPos": 377,
                    "ZScale": 1.05717,
                    "XRotation": 0,
                    "YRotation": -1536,
                    "ZRotation": 0
                },
                {
                    "ModelId": "2014",
                    "ModelIdNum": 2014,
                    "ObjectType": 13,
                    "XPos": -66,
                    "YPos": -126,
                    "ZPos": 191,
                    "XRotation": 0,
                    "YRotation": 0,
                    "ZRotation": 0
                },
                {
                    "ModelId": "3004",
                    "ModelIdNum": 3004,
                    "ObjectType": 13,
                    "XPos": 132,
                    "YPos": -63,
                    "ZPos": 377,
                    "ZScale": 1.1715,
                    "XRotation": 0,
                    "YRotation": -1536,
                    "ZRotation": 0
                },
                {
                    "ModelId": "3000",
                    "ModelIdNum": 3000,
                    "ObjectType": 13,
                    "XPos": 63,
                    "YPos": -63,
                    "ZPos": 258,
                    "XRotation": 0,
                    "YRotation": -512,
                    "ZRotation": 0
                },
                {
                    "ModelId": "3000",
                    "ModelIdNum": 3000,
                    "ObjectType": 13,
                    "XPos": 2,
                    "YPos": -63,
                    "ZPos": 319,
                    "XScale": 1.1678,
                    "ZScale": 1.0126,
                    "XRotation": 0,
                    "YRotation": -1024,
                    "ZRotation": 0
                },
                {
                    "ModelId": "3000",
                    "ModelIdNum": 3000,
                    "ObjectType": 13,
                    "XPos": 63,
                    "YPos": -63,
                    "ZPos": 252,
                    "XRotation": 0,
                    "YRotation": -1536,
                    "ZRotation": 0
                },
                {
                    "ModelId": "3004",
                    "ModelIdNum": 3004,
                    "ObjectType": 13,
                    "XPos": 59,
                    "YPos": -63,
                    "ZPos": 141,
                    "ZScale": 1.11013,
                    "XRotation": 0,
                    "YRotation": -643,
                    "ZRotation": 0
                },
                {
                    "ModelId": "3004",
                    "ModelIdNum": 3004,
                    "ObjectType": 13,
                    "XPos": 5,
                    "YPos": -63,
                    "ZPos": 226,
                    "ZScale": 1.05717,
                    "XRotation": 0,
                    "YRotation": -1024,
                    "ZRotation": 0
                },
                {
                    "ModelId": "3004",
                    "ModelIdNum": 3004,
                    "ObjectType": 13,
                    "XPos": 118,
                    "YPos": -63,
                    "ZPos": 183,
                    "ZScale": 1.1901,
                    "XRotation": 0,
                    "YRotation": 0,
                    "ZRotation": 0
                },
                {
                    "ModelId": "3000",
                    "ModelIdNum": 3000,
                    "ObjectType": 13,
                    "XPos": 193,
                    "YPos": -63,
                    "ZPos": 128,
                    "XRotation": 0,
                    "YRotation": -512,
                    "ZRotation": 0
                },
                {
                    "ModelId": "1003",
                    "ModelIdNum": 1003,
                    "ObjectType": 13,
                    "XPos": 192,
                    "YPos": 0,
                    "ZPos": -64,
                    "ZScale": 1.002,
                    "XRotation": 0,
                    "YRotation": 0,
                    "ZRotation": 0
                },
                {
                    "ModelId": "3005",
                    "ModelIdNum": 3005,
                    "ObjectType": 13,
                    "XPos": 135,
                    "YPos": -63,
                    "ZPos": 252,
                    "XRotation": 0,
                    "YRotation": -1024,
                    "ZRotation": 0
                },
                {
                    "ModelId": "2003",
                    "ModelIdNum": 2003,
                    "ObjectType": 13,
                    "XPos": 193,
                    "YPos": 4,
                    "ZPos": -68,
                    "XRotation": 0,
                    "YRotation": 0,
                    "ZRotation": 0
                },
                {
                    "ModelId": "3004",
                    "ModelIdNum": 3004,
                    "ObjectType": 13,
                    "XPos": 190,
                    "YPos": -63,
                    "ZPos": 372,
                    "XRotation": 0,
                    "YRotation": -1536,
                    "ZRotation": 0
                },
                {
                    "ModelId": "3004",
                    "ModelIdNum": 3004,
                    "ObjectType": 13,
                    "XPos": 247,
                    "YPos": -63,
                    "ZPos": 324,
                    "ZScale": 1.05717,
                    "XRotation": 0,
                    "YRotation": 0,
                    "ZRotation": 0
                },
                {
                    "ModelId": "3002",
                    "ModelIdNum": 3002,
                    "ObjectType": 13,
                    "XPos": 248,
                    "YPos": -28,
                    "ZPos": 0,
                    "XRotation": 0,
                    "YRotation": -1024,
                    "ZRotation": -1024
                },
                {
                    "ModelId": "3016",
                    "ModelIdNum": 3016,
                    "ObjectType": 13,
                    "XPos": 249,
                    "YPos": -64,
                    "ZPos": 63,
                    "XRotation": 0,
                    "YRotation": 0,
                    "ZRotation": 0
                },
                {
                    "ModelId": "3004",
                    "ModelIdNum": 3004,
                    "ObjectType": 13,
                    "XPos": 247,
                    "YPos": -64,
                    "ZPos": -61,
                    "ZScale": 1.05717,
                    "XRotation": 0,
                    "YRotation": 0,
                    "ZRotation": 0
                },
                {
                    "ModelId": "4000",
                    "ModelIdNum": 4000,
                    "ObjectType": 13,
                    "XPos": 245,
                    "YPos": -64,
                    "ZPos": 55,
                    "YScale": 0.9892004,
                    "XRotation": 0,
                    "YRotation": -511,
                    "ZRotation": 0
                },
                {
                    "ModelId": "3018",
                    "ModelIdNum": 3018,
                    "ObjectType": 13,
                    "XPos": 247,
                    "YPos": -63,
                    "ZPos": 196,
                    "ZScale": 1.16197,
                    "XRotation": 0,
                    "YRotation": 0,
                    "ZRotation": 0
                },
                {
                    "ModelId": "3018",
                    "ModelIdNum": 3018,
                    "ObjectType": 13,
                    "XPos": 250,
                    "YPos": -64,
                    "ZPos": -189,
                    "XRotation": 0,
                    "YRotation": 0,
                    "ZRotation": 0
                },
                {
                    "ModelId": "1007",
                    "ModelIdNum": 1007,
                    "ObjectType": 13,
                    "XPos": 128,
                    "YPos": 0,
                    "ZPos": -257,
                    "XScale": 1.003,
                    "ZScale": 1.005,
                    "XRotation": 0,
                    "YRotation": 0,
                    "ZRotation": 0
                },
                {
                    "ModelId": "3000",
                    "ModelIdNum": 3000,
                    "ObjectType": 13,
                    "XPos": 192,
                    "YPos": -64,
                    "ZPos": -129,
                    "XRotation": 0,
                    "YRotation": -1536,
                    "ZRotation": 0
                },
                {
                    "ModelId": "3004",
                    "ModelIdNum": 3004,
                    "ObjectType": 13,
                    "XPos": 5,
                    "YPos": -64,
                    "ZPos": -318,
                    "XRotation": 0,
                    "YRotation": -1024,
                    "ZRotation": 0
                },
                {
                    "ModelId": "3000",
                    "ModelIdNum": 3000,
                    "ObjectType": 13,
                    "XPos": 3,
                    "YPos": -64,
                    "ZPos": -192,
                    "XRotation": 0,
                    "YRotation": -1024,
                    "ZRotation": 0
                },
                {
                    "ModelId": "4004",
                    "ModelIdNum": 4004,
                    "ObjectType": 13,
                    "XPos": 10,
                    "YPos": -64,
                    "ZPos": -254,
                    "ZScale": 1.4202,
                    "XRotation": 0,
                    "YRotation": -1536,
                    "ZRotation": 0
                },
                {
                    "ModelId": "3016",
                    "ModelIdNum": 3016,
                    "ObjectType": 13,
                    "XPos": 250,
                    "YPos": -64,
                    "ZPos": -305,
                    "XRotation": 0,
                    "YRotation": 0,
                    "ZRotation": 0
                },
                {
                    "ModelId": "3004",
                    "ModelIdNum": 3004,
                    "ObjectType": 13,
                    "XPos": 75,
                    "YPos": -64,
                    "ZPos": -132,
                    "ZScale": 1.0267,
                    "XRotation": 0,
                    "YRotation": -1536,
                    "ZRotation": 0
                },
                {
                    "ModelId": "4004",
                    "ModelIdNum": 4004,
                    "ObjectType": 13,
                    "XPos": 12,
                    "YPos": -64,
                    "ZPos": -135,
                    "XScale": 1.0685,
                    "ZScale": 1.80373,
                    "XRotation": 0,
                    "YRotation": -1536,
                    "ZRotation": 0
                },
                {
                    "ModelId": "3005",
                    "ModelIdNum": 3005,
                    "ObjectType": 13,
                    "XPos": 126,
                    "YPos": -64,
                    "ZPos": -375,
                    "XRotation": 0,
                    "YRotation": -512,
                    "ZRotation": 0
                },
                {
                    "ModelId": "4004",
                    "ModelIdNum": 4004,
                    "ObjectType": 13,
                    "XPos": 248,
                    "YPos": -64,
                    "ZPos": -369,
                    "XScale": 1.19052,
                    "ZScale": 2.02054,
                    "XRotation": 0,
                    "YRotation": -511,
                    "ZRotation": 0
                },
                {
                    "ModelId": "3004",
                    "ModelIdNum": 3004,
                    "ObjectType": 13,
                    "XPos": 250,
                    "YPos": -64,
                    "ZPos": 0,
                    "XRotation": 0,
                    "YRotation": 0,
                    "ZRotation": 0
                },
                {
                    "ModelId": "3000",
                    "ModelIdNum": 3000,
                    "ObjectType": 13,
                    "XPos": 192,
                    "YPos": -63,
                    "ZPos": -125,
                    "XScale": 0.8914605,
                    "XRotation": 0,
                    "YRotation": -511,
                    "ZRotation": 0
                },
                {
                    "ModelId": "3000",
                    "ModelIdNum": 3000,
                    "ObjectType": 13,
                    "XPos": 131,
                    "YPos": -63,
                    "ZPos": 64,
                    "XRotation": 0,
                    "YRotation": -1024,
                    "ZRotation": 0
                },
                {
                    "ModelId": "3000",
                    "ModelIdNum": 3000,
                    "ObjectType": 13,
                    "XPos": 193,
                    "YPos": -64,
                    "ZPos": 124,
                    "XRotation": 0,
                    "YRotation": -1536,
                    "ZRotation": 0
                },
                {
                    "ModelId": "4006",
                    "ModelIdNum": 4006,
                    "ObjectType": 13,
                    "XPos": 135,
                    "YPos": -63,
                    "ZPos": 117,
                    "XRotation": 0,
                    "YRotation": 0,
                    "ZRotation": 0
                },
                {
                    "ModelId": "4000",
                    "ModelIdNum": 4000,
                    "ObjectType": 13,
                    "XPos": 135,
                    "YPos": -63,
                    "ZPos": 3,
                    "XRotation": 0,
                    "YRotation": -1542,
                    "ZRotation": 0
                },
                {
                    "ModelId": "4004",
                    "ModelIdNum": 4004,
                    "ObjectType": 13,
                    "XPos": 132,
                    "YPos": -63,
                    "ZPos": -120,
                    "XRotation": 0,
                    "YRotation": -1024,
                    "ZRotation": 0
                },
                {
                    "ModelId": "1000",
                    "ModelIdNum": 1000,
                    "ObjectType": 13,
                    "XPos": -64,
                    "YPos": 0,
                    "ZPos": -320,
                    "XScale": 1.01,
                    "ZScale": 1.002,
                    "XRotation": 0,
                    "YRotation": -511,
                    "ZRotation": 0
                },
                {
                    "ModelId": "3004",
                    "ModelIdNum": 3004,
                    "ObjectType": 13,
                    "XPos": -6,
                    "YPos": -63,
                    "ZPos": -317,
                    "ZScale": 1.05819,
                    "XRotation": 0,
                    "YRotation": 0,
                    "ZRotation": 0
                },
                {
                    "ModelId": "3000",
                    "ModelIdNum": 3000,
                    "ObjectType": 13,
                    "XPos": -127,
                    "YPos": -63,
                    "ZPos": -321,
                    "XRotation": 0,
                    "YRotation": -1024,
                    "ZRotation": 0
                },
                {
                    "ModelId": "4004",
                    "ModelIdNum": 4004,
                    "ObjectType": 13,
                    "XPos": -119,
                    "YPos": -63,
                    "ZPos": -259,
                    "ZScale": 1.4202,
                    "XRotation": 0,
                    "YRotation": -1536,
                    "ZRotation": 0
                },
                {
                    "ModelId": "2000",
                    "ModelIdNum": 2000,
                    "ObjectType": 13,
                    "XPos": -64,
                    "YPos": -126,
                    "ZPos": -320,
                    "XRotation": 0,
                    "YRotation": 0,
                    "ZRotation": 0
                },
                {
                    "ModelId": "2007",
                    "ModelIdNum": 2007,
                    "ObjectType": 13,
                    "XPos": 127,
                    "YPos": -126,
                    "ZPos": -256,
                    "XRotation": 0,
                    "YRotation": 0,
                    "ZRotation": 0
                },
                {
                    "ModelId": "1000",
                    "ModelIdNum": 1000,
                    "ObjectType": 13,
                    "XPos": -192,
                    "YPos": 0,
                    "ZPos": -69,
                    "ZScale": 0.92661,
                    "XRotation": 0,
                    "YRotation": 0,
                    "ZRotation": 0
                },
                {
                    "ModelId": "3000",
                    "ModelIdNum": 3000,
                    "ObjectType": 13,
                    "XPos": -192,
                    "YPos": -63,
                    "ZPos": -121,
                    "XRotation": 0,
                    "YRotation": -512,
                    "ZRotation": 0
                },
                {
                    "ModelId": "3004",
                    "ModelIdNum": 3004,
                    "ObjectType": 13,
                    "XPos": -191,
                    "YPos": -63,
                    "ZPos": -10,
                    "XRotation": 0,
                    "YRotation": -1536,
                    "ZRotation": 0
                },
                {
                    "ModelId": "2000",
                    "ModelIdNum": 2000,
                    "ObjectType": 13,
                    "XPos": -193,
                    "YPos": -126,
                    "ZPos": -66,
                    "XRotation": 0,
                    "YRotation": -512,
                    "ZRotation": 0
                },
                {
                    "ModelId": "3018",
                    "ModelIdNum": 3018,
                    "ObjectType": 13,
                    "XPos": -249,
                    "YPos": -63,
                    "ZPos": -65,
                    "XRotation": 0,
                    "YRotation": 0,
                    "ZRotation": 0
                },
                {
                    "ModelId": "62319",
                    "ModelIdNum": 62319,
                    "ObjectType": 0,
                    "XPos": 129,
                    "YPos": -58,
                    "ZPos": 0,
                    "XScale": 1.1313,
                    "XRotation": 0,
                    "YRotation": 0,
                    "ZRotation": -512
                },
                {
                    "ModelId": "4004",
                    "ModelIdNum": 4004,
                    "ObjectType": 13,
                    "XPos": 248,
                    "YPos": -64,
                    "ZPos": 55,
                    "XRotation": 0,
                    "YRotation": -512,
                    "ZRotation": 0
                },
                {
                    "ModelId": "4004",
                    "ModelIdNum": 4004,
                    "ObjectType": 13,
                    "XPos": -131,
                    "YPos": -63,
                    "ZPos": -118,
                    "XScale": 0.56429,
                    "XRotation": 0,
                    "YRotation": -1024,
                    "ZRotation": 0
                },
                {
                    "ModelId": "41106",
                    "ModelIdNum": 41106,
                    "ObjectType": 0,
                    "XPos": 176,
                    "YPos": -15,
                    "ZPos": -360,
                    "XRotation": 0,
                    "YRotation": 0,
                    "ZRotation": 0
                },
                {
                    "ModelId": "4004",
                    "ModelIdNum": 4004,
                    "ObjectType": 13,
                    "XPos": -131,
                    "YPos": -63,
                    "ZPos": -10,
                    "XScale": 0.56429,
                    "XRotation": 0,
                    "YRotation": 0,
                    "ZRotation": 0
                },
                {
                    "ModelId": "42077",
                    "ModelIdNum": 42077,
                    "ObjectType": 0,
                    "XPos": 64,
                    "YPos": -42,
                    "ZPos": -328,
                    "ZScale": 1.3,
                    "XRotation": 0,
                    "YRotation": -1536,
                    "ZRotation": 0
                },
                {
                    "ModelId": "41120",
                    "ModelIdNum": 41120,
                    "ObjectType": 0,
                    "XPos": -16,
                    "YPos": -32,
                    "ZPos": 230,
                    "XRotation": 0,
                    "YRotation": -1536,
                    "ZRotation": 0
                },
                {
                    "ModelId": "69466",
                    "ModelIdNum": 69466,
                    "ObjectType": 0,
                    "XPos": 180,
                    "YPos": -22,
                    "ZPos": 318,
                    "XRotation": -503,
                    "YRotation": -680,
                    "ZRotation": -1021
                },
                {
                    "ModelId": "41019",
                    "ModelIdNum": 41019,
                    "ObjectType": 0,
                    "XPos": 106,
                    "YPos": -38,
                    "ZPos": 318,
                    "XRotation": 0,
                    "YRotation": -1536,
                    "ZRotation": 0
                },
                {
                    "ModelId": "41816",
                    "ModelIdNum": 41816,
                    "ObjectType": 0,
                    "XPos": 90,
                    "YPos": -8,
                    "ZPos": 202,
                    "XRotation": 0,
                    "YRotation": -28,
                    "ZRotation": 0
                },
                {
                    "ModelId": "41818",
                    "ModelIdNum": 41818,
                    "ObjectType": 0,
                    "XPos": 56,
                    "YPos": -12,
                    "ZPos": 178,
                    "XRotation": 0,
                    "YRotation": -1917,
                    "ZRotation": 0
                },
                {
                    "ModelId": "69471",
                    "ModelIdNum": 69471,
                    "ObjectType": 0,
                    "XPos": -232,
                    "YPos": -4,
                    "ZPos": -170,
                    "XRotation": 0,
                    "YRotation": -1536,
                    "ZRotation": 0
                },
                {
                    "ModelId": "2000",
                    "ModelIdNum": 2000,
                    "ObjectType": 13,
                    "XPos": -170,
                    "YPos": 0,
                    "ZPos": -232,
                    "XRotation": 0,
                    "YRotation": 0,
                    "ZRotation": 0
                },
                {
                    "ModelId": "69465",
                    "ModelIdNum": 69465,
                    "ObjectType": 0,
                    "XPos": -210,
                    "YPos": -2,
                    "ZPos": 48,
                    "XScale": 0.16558,
                    "YScale": 0.6,
                    "ZScale": 0.8445001,
                    "XRotation": 0,
                    "YRotation": -768,
                    "ZRotation": 0
                },
                {
                    "ModelId": "69472",
                    "ModelIdNum": 69472,
                    "ObjectType": 0,
                    "XPos": -232,
                    "YPos": 4,
                    "ZPos": -218,
                    "XRotation": 0,
                    "YRotation": -1536,
                    "ZRotation": -1024
                },
                {
                    "ModelId": "41003",
                    "ModelIdNum": 41003,
                    "ObjectType": 3,
                    "XPos": -86,
                    "YPos": 2,
                    "ZPos": -24,
                    "XRotation": 0,
                    "YRotation": -1024,
                    "ZRotation": 0
                },
                {
                    "ModelId": "41125",
                    "ModelIdNum": 41125,
                    "ObjectType": 0,
                    "XPos": -192,
                    "YPos": 116,
                    "ZPos": -34,
                    "XRotation": 0,
                    "YRotation": -1759,
                    "ZRotation": 0
                },
                {
                    "ModelId": "41105",
                    "ModelIdNum": 41105,
                    "ObjectType": 0,
                    "XPos": 0,
                    "YPos": -16,
                    "ZPos": -20,
                    "XRotation": 0,
                    "YRotation": 0,
                    "ZRotation": 0
                },
                {
                    "ModelId": "45110",
                    "ModelIdNum": 45110,
                    "ObjectType": 0,
                    "XPos": 30,
                    "YPos": -270,
                    "ZPos": -122,
                    "YScale": 0.9447299,
                    "XRotation": 0,
                    "YRotation": -1024,
                    "ZRotation": -170
                },
                {
                    "ModelId": "45110",
                    "ModelIdNum": 45110,
                    "ObjectType": 0,
                    "XPos": 30,
                    "YPos": -264,
                    "ZPos": -122,
                    "YScale": 1.51672,
                    "ZScale": 1.2,
                    "XRotation": 0,
                    "YRotation": 0,
                    "ZRotation": -84
                },
                {
                    "ModelId": "45110",
                    "ModelIdNum": 45110,
                    "ObjectType": 0,
                    "XPos": 118,
                    "YPos": -266,
                    "ZPos": -122,
                    "YScale": 2.78978,
                    "ZScale": 1.3,
                    "XRotation": 0,
                    "YRotation": 0,
                    "ZRotation": -511
                },
                {
                    "ModelId": "45110",
                    "ModelIdNum": 45110,
                    "ObjectType": 0,
                    "XPos": -26,
                    "YPos": -264,
                    "ZPos": -122,
                    "YScale": 1.11605,
                    "ZScale": 1.2,
                    "XRotation": 0,
                    "YRotation": 0,
                    "ZRotation": -169
                },
                {
                    "ModelId": "45110",
                    "ModelIdNum": 45110,
                    "ObjectType": 0,
                    "XPos": -28,
                    "YPos": -270,
                    "ZPos": -122,
                    "YScale": 1.39692,
                    "XRotation": 0,
                    "YRotation": -1024,
                    "ZRotation": -85
                },
                {
                    "ModelId": "45110",
                    "ModelIdNum": 45110,
                    "ObjectType": 0,
                    "XPos": 30,
                    "YPos": -266,
                    "ZPos": 2,
                    "YScale": 0.9447299,
                    "XRotation": 0,
                    "YRotation": -1024,
                    "ZRotation": -170
                },
                {
                    "ModelId": "45110",
                    "ModelIdNum": 45110,
                    "ObjectType": 0,
                    "XPos": 30,
                    "YPos": -264,
                    "ZPos": 2,
                    "YScale": 1.51672,
                    "ZScale": 1.2,
                    "XRotation": 0,
                    "YRotation": 0,
                    "ZRotation": -84
                },
                {
                    "ModelId": "45110",
                    "ModelIdNum": 45110,
                    "ObjectType": 0,
                    "XPos": 118,
                    "YPos": -266,
                    "ZPos": 2,
                    "YScale": 2.78978,
                    "ZScale": 1.3,
                    "XRotation": 0,
                    "YRotation": 0,
                    "ZRotation": -511
                },
                {
                    "ModelId": "45110",
                    "ModelIdNum": 45110,
                    "ObjectType": 0,
                    "XPos": -26,
                    "YPos": -264,
                    "ZPos": 2,
                    "YScale": 1.11605,
                    "ZScale": 1.2,
                    "XRotation": 0,
                    "YRotation": 0,
                    "ZRotation": -169
                },
                {
                    "ModelId": "45110",
                    "ModelIdNum": 45110,
                    "ObjectType": 0,
                    "XPos": -28,
                    "YPos": -270,
                    "ZPos": 2,
                    "YScale": 1.39692,
                    "XRotation": 0,
                    "YRotation": -1024,
                    "ZRotation": -85
                },
                {
                    "ModelId": "45110",
                    "ModelIdNum": 45110,
                    "ObjectType": 0,
                    "XPos": 30,
                    "YPos": -270,
                    "ZPos": 124,
                    "YScale": 0.9447299,
                    "XRotation": 0,
                    "YRotation": -1024,
                    "ZRotation": -170
                },
                {
                    "ModelId": "45110",
                    "ModelIdNum": 45110,
                    "ObjectType": 0,
                    "XPos": 30,
                    "YPos": -264,
                    "ZPos": 124,
                    "YScale": 1.51672,
                    "ZScale": 1.2,
                    "XRotation": 0,
                    "YRotation": 0,
                    "ZRotation": -84
                },
                {
                    "ModelId": "45110",
                    "ModelIdNum": 45110,
                    "ObjectType": 0,
                    "XPos": 118,
                    "YPos": -266,
                    "ZPos": 124,
                    "YScale": 2.78978,
                    "ZScale": 1.3,
                    "XRotation": 0,
                    "YRotation": 0,
                    "ZRotation": -511
                },
                {
                    "ModelId": "45110",
                    "ModelIdNum": 45110,
                    "ObjectType": 0,
                    "XPos": -26,
                    "YPos": -264,
                    "ZPos": 124,
                    "YScale": 1.11605,
                    "ZScale": 1.2,
                    "XRotation": 0,
                    "YRotation": 0,
                    "ZRotation": -169
                },
                {
                    "ModelId": "45110",
                    "ModelIdNum": 45110,
                    "ObjectType": 0,
                    "XPos": -28,
                    "YPos": -270,
                    "ZPos": 124,
                    "YScale": 1.39692,
                    "XRotation": 0,
                    "YRotation": -1024,
                    "ZRotation": -85
                },
                {
                    "ModelId": "45110",
                    "ModelIdNum": 45110,
                    "ObjectType": 0,
                    "XPos": 30,
                    "YPos": -270,
                    "ZPos": -252,
                    "YScale": 0.9447299,
                    "XRotation": 0,
                    "YRotation": -1024,
                    "ZRotation": -170
                },
                {
                    "ModelId": "45110",
                    "ModelIdNum": 45110,
                    "ObjectType": 0,
                    "XPos": 30,
                    "YPos": -264,
                    "ZPos": -252,
                    "YScale": 1.51672,
                    "ZScale": 1.2,
                    "XRotation": 0,
                    "YRotation": 0,
                    "ZRotation": -84
                },
                {
                    "ModelId": "45110",
                    "ModelIdNum": 45110,
                    "ObjectType": 0,
                    "XPos": 118,
                    "YPos": -266,
                    "ZPos": -252,
                    "YScale": 2.78978,
                    "ZScale": 1.3,
                    "XRotation": 0,
                    "YRotation": 0,
                    "ZRotation": -511
                },
                {
                    "ModelId": "45110",
                    "ModelIdNum": 45110,
                    "ObjectType": 0,
                    "XPos": -26,
                    "YPos": -264,
                    "ZPos": -252,
                    "YScale": 1.11605,
                    "ZScale": 1.2,
                    "XRotation": 0,
                    "YRotation": 0,
                    "ZRotation": -169
                },
                {
                    "ModelId": "45110",
                    "ModelIdNum": 45110,
                    "ObjectType": 0,
                    "XPos": -28,
                    "YPos": -270,
                    "ZPos": -252,
                    "YScale": 1.39692,
                    "XRotation": 0,
                    "YRotation": -1024,
                    "ZRotation": -85
                },
                {
                    "ModelId": "45110",
                    "ModelIdNum": 45110,
                    "ObjectType": 0,
                    "XPos": 30,
                    "YPos": -270,
                    "ZPos": 252,
                    "YScale": 0.9447299,
                    "XRotation": 0,
                    "YRotation": -1024,
                    "ZRotation": -170
                },
                {
                    "ModelId": "45110",
                    "ModelIdNum": 45110,
                    "ObjectType": 0,
                    "XPos": 30,
                    "YPos": -264,
                    "ZPos": 252,
                    "YScale": 1.51672,
                    "ZScale": 1.2,
                    "XRotation": 0,
                    "YRotation": 0,
                    "ZRotation": -84
                },
                {
                    "ModelId": "45110",
                    "ModelIdNum": 45110,
                    "ObjectType": 0,
                    "XPos": 118,
                    "YPos": -266,
                    "ZPos": 252,
                    "YScale": 2.78978,
                    "ZScale": 1.3,
                    "XRotation": 0,
                    "YRotation": 0,
                    "ZRotation": -511
                },
                {
                    "ModelId": "45110",
                    "ModelIdNum": 45110,
                    "ObjectType": 0,
                    "XPos": -26,
                    "YPos": -264,
                    "ZPos": 252,
                    "YScale": 1.11605,
                    "ZScale": 1.2,
                    "XRotation": 0,
                    "YRotation": 0,
                    "ZRotation": -169
                },
                {
                    "ModelId": "45110",
                    "ModelIdNum": 45110,
                    "ObjectType": 0,
                    "XPos": -28,
                    "YPos": -270,
                    "ZPos": 252,
                    "YScale": 1.39692,
                    "XRotation": 0,
                    "YRotation": -1024,
                    "ZRotation": -85
                }
            ],
            "BlockFlatObjectRecords": [
                {
                    "Position": 0,
                    "XPos": 38,
                    "YPos": 0,
                    "ZPos": 352,
                    "TextureArchive": 199,
                    "TextureRecord": 20,
                    "FactionID": 0,
                    "Flags": 17
                },
                {
                    "Position": 0,
                    "XPos": -120,
                    "YPos": 0,
                    "ZPos": 42,
                    "TextureArchive": 199,
                    "TextureRecord": 20,
                    "FactionID": 0,
                    "Flags": 17
                },
                {
                    "Position": 0,
                    "XPos": 215,
                    "YPos": 0,
                    "ZPos": 208,
                    "TextureArchive": 199,
                    "TextureRecord": 20,
                    "FactionID": 0,
                    "Flags": 17
                },
                {
                    "Position": 0,
                    "XPos": -208,
                    "YPos": 0,
                    "ZPos": 128,
                    "TextureArchive": 199,
                    "TextureRecord": 20,
                    "FactionID": 0,
                    "Flags": 17
                },
                {
                    "Position": 0,
                    "XPos": 64,
                    "YPos": 0,
                    "ZPos": -40,
                    "TextureArchive": 199,
                    "TextureRecord": 20,
                    "FactionID": 0,
                    "Flags": 17
                },
                {
                    "Position": 0,
                    "XPos": -168,
                    "YPos": -129,
                    "ZPos": 232,
                    "TextureArchive": 199,
                    "TextureRecord": 20,
                    "FactionID": 0,
                    "Flags": 17
                },
                {
                    "Position": 0,
                    "XPos": 120,
                    "YPos": -129,
                    "ZPos": 200,
                    "TextureArchive": 199,
                    "TextureRecord": 19,
                    "FactionID": 0,
                    "Flags": 17
                },
                {
                    "Position": 0,
                    "XPos": 128,
                    "YPos": -80,
                    "ZPos": -254,
                    "TextureArchive": 210,
                    "TextureRecord": 13,
                    "FactionID": -32752,
                    "Flags": 17
                },
                {
                    "Position": 0,
                    "XPos": -62,
                    "YPos": -80,
                    "ZPos": -126,
                    "TextureArchive": 210,
                    "TextureRecord": 13,
                    "FactionID": 28680,
                    "Flags": 17
                },
                {
                    "Position": 0,
                    "XPos": -64,
                    "YPos": -80,
                    "ZPos": 320,
                    "TextureArchive": 210,
                    "TextureRecord": 13,
                    "FactionID": -32752,
                    "Flags": 17
                },
                {
                    "Position": 0,
                    "XPos": 194,
                    "YPos": -78,
                    "ZPos": 252,
                    "TextureArchive": 210,
                    "TextureRecord": 13,
                    "FactionID": 28680,
                    "Flags": 17
                },
                {
                    "Position": 0,
                    "XPos": 0,
                    "YPos": -215,
                    "ZPos": 62,
                    "TextureArchive": 210,
                    "TextureRecord": 24,
                    "FactionID": 28680,
                    "Flags": 17
                },
                {
                    "Position": 0,
                    "XPos": -80,
                    "YPos": -129,
                    "ZPos": -216,
                    "TextureArchive": 199,
                    "TextureRecord": 22,
                    "FactionID": 0,
                    "Flags": 17
                },
                {
                    "Position": 0,
                    "XPos": -192,
                    "YPos": 0,
                    "ZPos": -336,
                    "TextureArchive": 199,
                    "TextureRecord": 21,
                    "FactionID": 0,
                    "Flags": 17
                },
                {
                    "Position": 0,
                    "XPos": 192,
                    "YPos": 0,
                    "ZPos": 64,
                    "TextureArchive": 199,
                    "TextureRecord": 8,
                    "FactionID": 0,
                    "Flags": 0
                },
                {
                    "Position": 0,
                    "XPos": -230,
                    "YPos": 128,
                    "ZPos": -96,
                    "TextureArchive": 199,
                    "TextureRecord": 11,
                    "FactionID": 0,
                    "Flags": 0
                },
                {
                    "Position": 0,
                    "XPos": 44,
                    "YPos": 0,
                    "ZPos": 222,
                    "TextureArchive": 199,
                    "TextureRecord": 18,
                    "FactionID": 0,
                    "Flags": 0
                },
                {
                    "Position": 0,
                    "XPos": -64,
                    "YPos": -129,
                    "ZPos": 306,
                    "TextureArchive": 199,
                    "TextureRecord": 8,
                    "FactionID": 0,
                    "Flags": 0
                },
                {
                    "Position": 0,
                    "XPos": 64,
                    "YPos": -129,
                    "ZPos": 320,
                    "TextureArchive": 199,
                    "TextureRecord": 8,
                    "FactionID": 0,
                    "Flags": 0
                },
                {
                    "Position": 0,
                    "XPos": -216,
                    "YPos": -35,
                    "ZPos": 288,
                    "TextureArchive": 204,
                    "TextureRecord": 3,
                    "FactionID": 0,
                    "Flags": 0
                },
                {
                    "Position": 0,
                    "XPos": -204,
                    "YPos": -35,
                    "ZPos": 324,
                    "TextureArchive": 205,
                    "TextureRecord": 8,
                    "FactionID": 0,
                    "Flags": 0
                },
                {
                    "Position": 0,
                    "XPos": -207,
                    "YPos": 0,
                    "ZPos": -23,
                    "TextureArchive": 205,
                    "TextureRecord": 0,
                    "FactionID": 0,
                    "Flags": 0
                },
                {
                    "Position": 0,
                    "XPos": -229,
                    "YPos": 0,
                    "ZPos": -34,
                    "TextureArchive": 205,
                    "TextureRecord": 0,
                    "FactionID": 0,
                    "Flags": 0
                },
                {
                    "Position": 0,
                    "XPos": -30,
                    "YPos": 0,
                    "ZPos": -328,
                    "TextureArchive": 204,
                    "TextureRecord": 1,
                    "FactionID": 0,
                    "Flags": 0
                },
                {
                    "Position": 0,
                    "XPos": -20,
                    "YPos": -49,
                    "ZPos": -318,
                    "TextureArchive": 205,
                    "TextureRecord": 14,
                    "FactionID": 0,
                    "Flags": 0
                },
                {
                    "Position": 0,
                    "XPos": -26,
                    "YPos": -49,
                    "ZPos": -308,
                    "TextureArchive": 205,
                    "TextureRecord": 15,
                    "FactionID": 0,
                    "Flags": 0
                },
                {
                    "Position": 0,
                    "XPos": -192,
                    "YPos": -73,
                    "ZPos": -66,
                    "TextureArchive": 213,
                    "TextureRecord": 13,
                    "FactionID": 0,
                    "Flags": 0
                },
                {
                    "Position": 0,
                    "XPos": 152,
                    "YPos": -2,
                    "ZPos": -258,
                    "TextureArchive": 1301,
                    "TextureRecord": 2,
                    "FactionID": 0,
                    "Flags": 0
                },
                {
                    "Position": 0,
                    "XPos": 180,
                    "YPos": -3,
                    "ZPos": -310,
                    "TextureArchive": 199,
                    "TextureRecord": 4,
                    "FactionID": 0,
                    "Flags": 0
                },
                {
                    "Position": 0,
                    "XPos": -294,
                    "YPos": 128,
                    "ZPos": -160,
                    "TextureArchive": 199,
                    "TextureRecord": 13,
                    "FactionID": 0,
                    "Flags": 0
                },
                {
                    "Position": 0,
                    "XPos": -114,
                    "YPos": -1,
                    "ZPos": -192,
                    "TextureArchive": 199,
                    "TextureRecord": 14,
                    "FactionID": 0,
                    "Flags": 0
                },
                {
                    "Position": 0,
                    "XPos": -222,
                    "YPos": -36,
                    "ZPos": 338,
                    "TextureArchive": 56790,
                    "TextureRecord": 25,
                    "FactionID": 0,
                    "Flags": 0
                }
            ],
            "BlockSection3Records": [
                {
                    "XPos": 192,
                    "YPos": 0,
                    "ZPos": -64
                },
                {
                    "XPos": 64,
                    "YPos": 0,
                    "ZPos": -64
                },
                {
                    "XPos": -64,
                    "YPos": 0,
                    "ZPos": -64
                },
                {
                    "XPos": -192,
                    "YPos": 0,
                    "ZPos": -64
                },
                {
                    "XPos": -64,
                    "YPos": 0,
                    "ZPos": -192
                },
                {
                    "XPos": -64,
                    "YPos": 0,
                    "ZPos": -320
                },
                {
                    "XPos": -192,
                    "YPos": 0,
                    "ZPos": -192
                },
                {
                    "XPos": 64,
                    "YPos": 0,
                    "ZPos": -192
                },
                {
                    "XPos": 64,
                    "YPos": 0,
                    "ZPos": -320
                },
                {
                    "XPos": 192,
                    "YPos": 0,
                    "ZPos": -320
                },
                {
                    "XPos": -64,
                    "YPos": 0,
                    "ZPos": 64
                },
                {
                    "XPos": 192,
                    "YPos": 0,
                    "ZPos": 192
                },
                {
                    "XPos": 192,
                    "YPos": 0,
                    "ZPos": 320
                },
                {
                    "XPos": 64,
                    "YPos": 0,
                    "ZPos": 320
                },
                {
                    "XPos": -64,
                    "YPos": 0,
                    "ZPos": 320
                },
                {
                    "XPos": -192,
                    "YPos": 0,
                    "ZPos": 320
                },
                {
                    "XPos": -192,
                    "YPos": 0,
                    "ZPos": 192
                },
                {
                    "XPos": -64,
                    "YPos": 0,
                    "ZPos": 192
                },
                {
                    "XPos": -192,
                    "YPos": 0,
                    "ZPos": 64
                },
                {
                    "XPos": 64,
                    "YPos": 0,
                    "ZPos": 64
                },
                {
                    "XPos": -192,
                    "YPos": -129,
                    "ZPos": 320
                },
                {
                    "XPos": 64,
                    "YPos": -129,
                    "ZPos": 192
                },
                {
                    "XPos": -64,
                    "YPos": -129,
                    "ZPos": 192
                },
                {
                    "XPos": -64,
                    "YPos": -129,
                    "ZPos": 64
                },
                {
                    "XPos": -192,
                    "YPos": -129,
                    "ZPos": 64
                },
                {
                    "XPos": 192,
                    "YPos": -129,
                    "ZPos": 320
                },
                {
                    "XPos": -192,
                    "YPos": -129,
                    "ZPos": 192
                },
                {
                    "XPos": 192,
                    "YPos": -129,
                    "ZPos": 192
                },
                {
                    "XPos": 192,
                    "YPos": -129,
                    "ZPos": 64
                },
                {
                    "XPos": 64,
                    "YPos": -129,
                    "ZPos": 64
                },
                {
                    "XPos": 64,
                    "YPos": -129,
                    "ZPos": -64
                },
                {
                    "XPos": 64,
                    "YPos": -129,
                    "ZPos": -192
                },
                {
                    "XPos": -64,
                    "YPos": -129,
                    "ZPos": -64
                },
                {
                    "XPos": -192,
                    "YPos": -129,
                    "ZPos": -64
                },
                {
                    "XPos": -64,
                    "YPos": -129,
                    "ZPos": -192
                },
                {
                    "XPos": -192,
                    "YPos": -129,
                    "ZPos": -192
                },
                {
                    "XPos": 192,
                    "YPos": -129,
                    "ZPos": -192
                },
                {
                    "XPos": 192,
                    "YPos": -129,
                    "ZPos": -64
                },
                {
                    "XPos": 192,
                    "YPos": -129,
                    "ZPos": -320
                },
                {
                    "XPos": 64,
                    "YPos": -129,
                    "ZPos": -320
                },
                {
                    "XPos": -64,
                    "YPos": -129,
                    "ZPos": -320
                },
                {
                    "XPos": -192,
                    "YPos": -129,
                    "ZPos": -320
                }
            ],
            "BlockPeopleRecords": [],
            "BlockDoorRecords": [
                {
                    "Position": 0,
                    "XPos": 216,
                    "YPos": -46,
                    "ZPos": -132,
                    "YRotation": -1024,
                    "OpenRotation": 90,
                    "DoorModelIndex": 0
                },
                {
                    "Position": 1,
                    "XPos": 4,
                    "YPos": -46,
                    "ZPos": -169,
                    "YRotation": -512,
                    "OpenRotation": 90,
                    "DoorModelIndex": 0
                },
                {
                    "Position": 2,
                    "XPos": 216,
                    "YPos": -45,
                    "ZPos": 123,
                    "YRotation": -1024,
                    "OpenRotation": 90,
                    "DoorModelIndex": 0
                },
                {
                    "Position": 3,
                    "XPos": 135,
                    "YPos": -45,
                    "ZPos": 87,
                    "YRotation": -512,
                    "OpenRotation": 90,
                    "DoorModelIndex": 0
                },
                {
                    "Position": 4,
                    "XPos": -135,
                    "YPos": -46,
                    "ZPos": -344,
                    "YRotation": -1536,
                    "OpenRotation": 90,
                    "DoorModelIndex": 0
                },
                {
                    "Position": 5,
                    "XPos": -135,
                    "YPos": -46,
                    "ZPos": -344,
                    "YRotation": -1536,
                    "OpenRotation": 90,
                    "DoorModelIndex": 0
                }
            ]
        }
    },
    "AutoMapData": null
}