{
    "FactionId": 0,
    "BuildingType": 18,
    "Quality": 4,
    "NameSeed": 0,
    "RmbSubRecord": {
        "XPos": 3136,
        "ZPos": 2176,
        "YRotation": 0,
        "Exterior": {
            "Header": {
                "Num3dObjectRecords": 5,
                "NumFlatObjectRecords": 0,
                "NumSection3Records": 0,
                "NumPeopleRecords": 0,
                "NumDoorRecords": 0
            },
            "Block3dObjectRecords": [
                {
                    "ModelId": "211",
                    "ModelIdNum": 211,
                    "ObjectType": 4,
                    "XPos": 0,
                    "YPos": 0,
                    "ZPos": 0,
                    "XRotation": 0,
                    "YRotation": 0,
                    "ZRotation": 0
                },
                {
                    "ModelId": "41901",
                    "ModelIdNum": 41901,
                    "ObjectType": 67,
                    "XPos": 64,
                    "YPos": -65,
                    "ZPos": -248,
                    "XRotation": 0,
                    "YRotation": 0,
                    "ZRotation": 0
                },
                {
                    "ModelId": "41901",
                    "ModelIdNum": 41901,
                    "ObjectType": 67,
                    "XPos": 184,
                    "YPos": -65,
                    "ZPos": -248,
                    "XRotation": 0,
                    "YRotation": 0,
                    "ZRotation": 0
                },
                {
                    "ModelId": "41901",
                    "ModelIdNum": 41901,
                    "ObjectType": 67,
                    "XPos": 184,
                    "YPos": -65,
                    "ZPos": -128,
                    "XRotation": 0,
                    "YRotation": 0,
                    "ZRotation": 0
                },
                {
                    "ModelId": "41901",
                    "ModelIdNum": 41901,
                    "ObjectType": 67,
                    "XPos": 184,
                    "YPos": -65,
                    "ZPos": 0,
                    "XRotation": 0,
                    "YRotation": 0,
                    "ZRotation": 0
                }
            ],
            "BlockFlatObjectRecords": [],
            "BlockSection3Records": [],
            "BlockPeopleRecords": [],
            "BlockDoorRecords": []
        },
        "Interior": {
            "Header": {
                "Num3dObjectRecords": 26,
                "NumFlatObjectRecords": 9,
                "NumSection3Records": 0,
                "NumPeopleRecords": 1,
                "NumDoorRecords": 0
            },
            "Block3dObjectRecords": [
                {
                    "ModelId": "31006",
                    "ModelIdNum": 31006,
                    "ObjectType": 13,
                    "XPos": -125,
                    "YPos": -63,
                    "ZPos": 189,
                    "XRotation": 0,
                    "YRotation": -1024,
                    "ZRotation": 0
                },
                {
                    "ModelId": "31018",
                    "ModelIdNum": 31018,
                    "ObjectType": 13,
                    "XPos": -128,
                    "YPos": -63,
                    "ZPos": -189,
                    "XRotation": 0,
                    "YRotation": 0,
                    "ZRotation": 0
                },
                {
                    "ModelId": "31005",
                    "ModelIdNum": 31005,
                    "ObjectType": 13,
                    "XPos": 0,
                    "YPos": -63,
                    "ZPos": 192,
                    "XRotation": 0,
                    "YRotation": -1536,
                    "ZRotation": 0
                },
                {
                    "ModelId": "28003",
                    "ModelIdNum": 28003,
                    "ObjectType": 13,
                    "XPos": 0,
                    "YPos": -159,
                    "ZPos": 0,
                    "XRotation": 0,
                    "YRotation": 0,
                    "ZRotation": 0
                },
                {
                    "ModelId": "41409",
                    "ModelIdNum": 41409,
                    "ObjectType": 3,
                    "XPos": 112,
                    "YPos": 2,
                    "ZPos": 144,
                    "XRotation": 0,
                    "YRotation": 0,
                    "ZRotation": 0
                },
                {
                    "ModelId": "41108",
                    "ModelIdNum": 41108,
                    "ObjectType": 3,
                    "XPos": -160,
                    "YPos": 2,
                    "ZPos": -136,
                    "XRotation": 0,
                    "YRotation": -1536,
                    "ZRotation": 0
                },
                {
                    "ModelId": "41119",
                    "ModelIdNum": 41119,
                    "ObjectType": 3,
                    "XPos": -160,
                    "YPos": 2,
                    "ZPos": -80,
                    "XRotation": 0,
                    "YRotation": -512,
                    "ZRotation": 0
                },
                {
                    "ModelId": "41119",
                    "ModelIdNum": 41119,
                    "ObjectType": 3,
                    "XPos": -160,
                    "YPos": 2,
                    "ZPos": -192,
                    "XRotation": 0,
                    "YRotation": -639,
                    "ZRotation": 0
                },
                {
                    "ModelId": "41800",
                    "ModelIdNum": 41800,
                    "ObjectType": 3,
                    "XPos": 0,
                    "YPos": 131,
                    "ZPos": -232,
                    "XRotation": 0,
                    "YRotation": 0,
                    "ZRotation": 0
                },
                {
                    "ModelId": "41802",
                    "ModelIdNum": 41802,
                    "ObjectType": 0,
                    "XPos": 128,
                    "YPos": -142,
                    "ZPos": -88,
                    "XRotation": 0,
                    "YRotation": -1535,
                    "ZRotation": 0
                },
                {
                    "ModelId": "41802",
                    "ModelIdNum": 41802,
                    "ObjectType": 0,
                    "XPos": 128,
                    "YPos": -142,
                    "ZPos": -48,
                    "XRotation": 0,
                    "YRotation": -1535,
                    "ZRotation": 0
                },
                {
                    "ModelId": "41802",
                    "ModelIdNum": 41802,
                    "ObjectType": 0,
                    "XPos": -136,
                    "YPos": -142,
                    "ZPos": -88,
                    "XRotation": 0,
                    "YRotation": -511,
                    "ZRotation": 0
                },
                {
                    "ModelId": "41802",
                    "ModelIdNum": 41802,
                    "ObjectType": 0,
                    "XPos": -136,
                    "YPos": -142,
                    "ZPos": -128,
                    "XRotation": 0,
                    "YRotation": -511,
                    "ZRotation": 0
                },
                {
                    "ModelId": "41803",
                    "ModelIdNum": 41803,
                    "ObjectType": 3,
                    "XPos": -136,
                    "YPos": 129,
                    "ZPos": -48,
                    "XRotation": 0,
                    "YRotation": -509,
                    "ZRotation": 0
                },
                {
                    "ModelId": "41814",
                    "ModelIdNum": 41814,
                    "ObjectType": 3,
                    "XPos": -80,
                    "YPos": 2,
                    "ZPos": -150,
                    "XRotation": 0,
                    "YRotation": -1533,
                    "ZRotation": 0
                },
                {
                    "ModelId": "41819",
                    "ModelIdNum": 41819,
                    "ObjectType": 3,
                    "XPos": -112,
                    "YPos": 131,
                    "ZPos": 32,
                    "XRotation": 0,
                    "YRotation": -444,
                    "ZRotation": 0
                },
                {
                    "ModelId": "41821",
                    "ModelIdNum": 41821,
                    "ObjectType": 3,
                    "XPos": -112,
                    "YPos": 131,
                    "ZPos": 56,
                    "XRotation": 0,
                    "YRotation": -444,
                    "ZRotation": 0
                },
                {
                    "ModelId": "41824",
                    "ModelIdNum": 41824,
                    "ObjectType": 3,
                    "XPos": -128,
                    "YPos": 131,
                    "ZPos": 104,
                    "XRotation": 0,
                    "YRotation": -573,
                    "ZRotation": 0
                },
                {
                    "ModelId": "41808",
                    "ModelIdNum": 41808,
                    "ObjectType": 3,
                    "XPos": -88,
                    "YPos": 131,
                    "ZPos": 240,
                    "XRotation": 0,
                    "YRotation": -1021,
                    "ZRotation": 0
                },
                {
                    "ModelId": "3018",
                    "ModelIdNum": 3018,
                    "ObjectType": 13,
                    "XPos": -70,
                    "YPos": -63,
                    "ZPos": -63,
                    "XRotation": 0,
                    "YRotation": 0,
                    "ZRotation": 0
                },
                {
                    "ModelId": "4000",
                    "ModelIdNum": 4000,
                    "ObjectType": 13,
                    "XPos": -71,
                    "YPos": -63,
                    "ZPos": -124,
                    "XRotation": 0,
                    "YRotation": -512,
                    "ZRotation": 0
                },
                {
                    "ModelId": "2000",
                    "ModelIdNum": 2000,
                    "ObjectType": 13,
                    "XPos": -128,
                    "YPos": -126,
                    "ZPos": -65,
                    "XRotation": 0,
                    "YRotation": 0,
                    "ZRotation": 0
                },
                {
                    "ModelId": "1000",
                    "ModelIdNum": 1000,
                    "ObjectType": 13,
                    "XPos": -129,
                    "YPos": 0,
                    "ZPos": -64,
                    "XRotation": 0,
                    "YRotation": -512,
                    "ZRotation": 0
                },
                {
                    "ModelId": "4000",
                    "ModelIdNum": 4000,
                    "ObjectType": 13,
                    "XPos": -185,
                    "YPos": -63,
                    "ZPos": 122,
                    "XRotation": 0,
                    "YRotation": -1536,
                    "ZRotation": 0
                },
                {
                    "ModelId": "4000",
                    "ModelIdNum": 4000,
                    "ObjectType": 13,
                    "XPos": -185,
                    "YPos": -63,
                    "ZPos": -122,
                    "XRotation": 0,
                    "YRotation": -1536,
                    "ZRotation": 0
                },
                {
                    "ModelId": "3018",
                    "ModelIdNum": 3018,
                    "ObjectType": 13,
                    "XPos": -186,
                    "YPos": -63,
                    "ZPos": 58,
                    "XRotation": 0,
                    "YRotation": -1024,
                    "ZRotation": 0
                },
                {
                    "ModelId": "3017",
                    "ModelIdNum": 3017,
                    "ObjectType": 13,
                    "XPos": -128,
                    "YPos": 1,
                    "ZPos": -58,
                    "XRotation": 0,
                    "YRotation": -1024,
                    "ZRotation": 0
                },
                {
                    "ModelId": "3002",
                    "ModelIdNum": 3002,
                    "ObjectType": 13,
                    "XPos": -70,
                    "YPos": -63,
                    "ZPos": 65,
                    "XRotation": 0,
                    "YRotation": 0,
                    "ZRotation": 0
                },
                {
                    "ModelId": "3000",
                    "ModelIdNum": 3000,
                    "ObjectType": 13,
                    "XPos": -128,
                    "YPos": -63,
                    "ZPos": -2,
                    "XRotation": 0,
                    "YRotation": -1536,
                    "ZRotation": 0
                },
                {
                    "ModelId": "3000",
                    "ModelIdNum": 3000,
                    "ObjectType": 13,
                    "XPos": -128,
                    "YPos": -63,
                    "ZPos": 4,
                    "XRotation": 0,
                    "YRotation": -512,
                    "ZRotation": 0
                },
                {
                    "ModelId": "4000",
                    "ModelIdNum": 4000,
                    "ObjectType": 13,
                    "XPos": -71,
                    "YPos": -63,
                    "ZPos": 125,
                    "XRotation": 0,
                    "YRotation": -512,
                    "ZRotation": 0
                },
                {
                    "ModelId": "3000",
                    "ModelIdNum": 3000,
                    "ObjectType": 13,
                    "XPos": -128,
                    "YPos": -63,
                    "ZPos": 125,
                    "XRotation": 0,
                    "YRotation": -1536,
                    "ZRotation": 0
                },
                {
                    "ModelId": "3000",
                    "ModelIdNum": 3000,
                    "ObjectType": 13,
                    "XPos": -128,
                    "YPos": -63,
                    "ZPos": 131,
                    "XRotation": 0,
                    "YRotation": -512,
                    "ZRotation": 0
                },
                {
                    "ModelId": "1000",
                    "ModelIdNum": 1000,
                    "ObjectType": 13,
                    "XPos": -127,
                    "YPos": 0,
                    "ZPos": 64,
                    "XRotation": 0,
                    "YRotation": 0,
                    "ZRotation": 0
                },
                {
                    "ModelId": "2000",
                    "ModelIdNum": 2000,
                    "ObjectType": 13,
                    "XPos": -134,
                    "YPos": -123,
                    "ZPos": 65,
                    "XRotation": 0,
                    "YRotation": 0,
                    "ZRotation": 0
                },
                {
                    "ModelId": "41005",
                    "ModelIdNum": 41005,
                    "ObjectType": 3,
                    "XPos": 165,
                    "YPos": 1,
                    "ZPos": 170,
                    "XRotation": 0,
                    "YRotation": -512,
                    "ZRotation": 0
                },
                {
                    "ModelId": "41027",
                    "ModelIdNum": 41027,
                    "ObjectType": 0,
                    "XPos": 22,
                    "YPos": -37,
                    "ZPos": 144,
                    "XRotation": 0,
                    "YRotation": 0,
                    "ZRotation": 0
                },
                {
                    "ModelId": "41242",
                    "ModelIdNum": 41242,
                    "ObjectType": 0,
                    "XPos": -171,
                    "YPos": -89,
                    "ZPos": 195,
                    "XRotation": 0,
                    "YRotation": -512,
                    "ZRotation": 0
                },
                {
                    "ModelId": "41130",
                    "ModelIdNum": 41130,
                    "ObjectType": 0,
                    "XPos": -62,
                    "YPos": -22,
                    "ZPos": 232,
                    "XRotation": 0,
                    "YRotation": 0,
                    "ZRotation": 0
                },
                {
                    "ModelId": "41101",
                    "ModelIdNum": 41101,
                    "ObjectType": 0,
                    "XPos": -12,
                    "YPos": -15,
                    "ZPos": 229,
                    "XRotation": 0,
                    "YRotation": -1372,
                    "ZRotation": 0
                },
                {
                    "ModelId": "69466",
                    "ModelIdNum": 69466,
                    "ObjectType": 0,
                    "XPos": -154,
                    "YPos": -21,
                    "ZPos": 223,
                    "XRotation": -512,
                    "YRotation": -310,
                    "ZRotation": 0
                },
                {
                    "ModelId": "41113",
                    "ModelIdNum": 41113,
                    "ObjectType": 0,
                    "XPos": -134,
                    "YPos": -11,
                    "ZPos": 212,
                    "XRotation": 0,
                    "YRotation": 0,
                    "ZRotation": 0
                },
                {
                    "ModelId": "41116",
                    "ModelIdNum": 41116,
                    "ObjectType": 3,
                    "XPos": -129,
                    "YPos": 14,
                    "ZPos": -240,
                    "XScale": 1.1567,
                    "YScale": 1.19582,
                    "ZScale": 1.09941,
                    "XRotation": 0,
                    "YRotation": 0,
                    "ZRotation": 0
                },
                {
                    "ModelId": "45081",
                    "ModelIdNum": 45081,
                    "ObjectType": 0,
                    "XPos": -171,
                    "YPos": -63,
                    "ZPos": -231,
                    "XRotation": -512,
                    "YRotation": -511,
                    "ZRotation": 0
                },
                {
                    "ModelId": "45081",
                    "ModelIdNum": 45081,
                    "ObjectType": 0,
                    "XPos": -166,
                    "YPos": -58,
                    "ZPos": -232,
                    "YScale": 0.8999998,
                    "ZScale": 0.4999999,
                    "XRotation": -512,
                    "YRotation": -512,
                    "ZRotation": 0
                },
                {
                    "ModelId": "45076",
                    "ModelIdNum": 45076,
                    "ObjectType": 0,
                    "XPos": -129,
                    "YPos": -15,
                    "ZPos": -239,
                    "XScale": 0.95,
                    "ZScale": 0.30744,
                    "XRotation": 0,
                    "YRotation": 0,
                    "ZRotation": 0
                },
                {
                    "ModelId": "45129",
                    "ModelIdNum": 45129,
                    "ObjectType": 0,
                    "XPos": -67,
                    "YPos": -5,
                    "ZPos": -230,
                    "YScale": 1.44284,
                    "ZScale": 3.0,
                    "XRotation": 0,
                    "YRotation": 0,
                    "ZRotation": -512
                },
                {
                    "ModelId": "69465",
                    "ModelIdNum": 69465,
                    "ObjectType": 0,
                    "XPos": -129,
                    "YPos": -5,
                    "ZPos": -239,
                    "XScale": 0.3,
                    "YScale": 0.6,
                    "ZScale": 0.85,
                    "XRotation": 0,
                    "YRotation": -511,
                    "ZRotation": 0
                },
                {
                    "ModelId": "42081",
                    "ModelIdNum": 42081,
                    "ObjectType": 0,
                    "XPos": 0,
                    "YPos": -140,
                    "ZPos": -169,
                    "XRotation": 0,
                    "YRotation": -1536,
                    "ZRotation": 0
                },
                {
                    "ModelId": "45110",
                    "ModelIdNum": 45110,
                    "ObjectType": 0,
                    "XPos": 30,
                    "YPos": -228,
                    "ZPos": -122,
                    "YScale": 0.94473,
                    "XRotation": 0,
                    "YRotation": -1024,
                    "ZRotation": -170
                },
                {
                    "ModelId": "45110",
                    "ModelIdNum": 45110,
                    "ObjectType": 0,
                    "XPos": 30,
                    "YPos": -222,
                    "ZPos": -122,
                    "YScale": 1.51672,
                    "ZScale": 1.2,
                    "XRotation": 0,
                    "YRotation": 0,
                    "ZRotation": -84
                },
                {
                    "ModelId": "45110",
                    "ModelIdNum": 45110,
                    "ObjectType": 0,
                    "XPos": 118,
                    "YPos": -224,
                    "ZPos": -122,
                    "YScale": 2.78978,
                    "ZScale": 1.3,
                    "XRotation": 0,
                    "YRotation": 0,
                    "ZRotation": -511
                },
                {
                    "ModelId": "45110",
                    "ModelIdNum": 45110,
                    "ObjectType": 0,
                    "XPos": -26,
                    "YPos": -222,
                    "ZPos": -122,
                    "YScale": 1.11605,
                    "ZScale": 1.2,
                    "XRotation": 0,
                    "YRotation": 0,
                    "ZRotation": -169
                },
                {
                    "ModelId": "45110",
                    "ModelIdNum": 45110,
                    "ObjectType": 0,
                    "XPos": -28,
                    "YPos": -228,
                    "ZPos": -122,
                    "YScale": 1.39692,
                    "XRotation": 0,
                    "YRotation": -1024,
                    "ZRotation": -85
                },
                {
                    "ModelId": "45110",
                    "ModelIdNum": 45110,
                    "ObjectType": 0,
                    "XPos": 30,
                    "YPos": -224,
                    "ZPos": 2,
                    "YScale": 0.9447299,
                    "XRotation": 0,
                    "YRotation": -1024,
                    "ZRotation": -170
                },
                {
                    "ModelId": "45110",
                    "ModelIdNum": 45110,
                    "ObjectType": 0,
                    "XPos": 30,
                    "YPos": -222,
                    "ZPos": 2,
                    "YScale": 1.51672,
                    "ZScale": 1.2,
                    "XRotation": 0,
                    "YRotation": 0,
                    "ZRotation": -84
                },
                {
                    "ModelId": "45110",
                    "ModelIdNum": 45110,
                    "ObjectType": 0,
                    "XPos": 118,
                    "YPos": -224,
                    "ZPos": 2,
                    "YScale": 2.78978,
                    "ZScale": 1.3,
                    "XRotation": 0,
                    "YRotation": 0,
                    "ZRotation": -511
                },
                {
                    "ModelId": "45110",
                    "ModelIdNum": 45110,
                    "ObjectType": 0,
                    "XPos": -26,
                    "YPos": -222,
                    "ZPos": 2,
                    "YScale": 1.11605,
                    "ZScale": 1.2,
                    "XRotation": 0,
                    "YRotation": 0,
                    "ZRotation": -169
                },
                {
                    "ModelId": "45110",
                    "ModelIdNum": 45110,
                    "ObjectType": 0,
                    "XPos": -28,
                    "YPos": -228,
                    "ZPos": 2,
                    "YScale": 1.39692,
                    "XRotation": 0,
                    "YRotation": -1024,
                    "ZRotation": -85
                },
                {
                    "ModelId": "45110",
                    "ModelIdNum": 45110,
                    "ObjectType": 0,
                    "XPos": 30,
                    "YPos": -228,
                    "ZPos": 124,
                    "YScale": 0.9447299,
                    "XRotation": 0,
                    "YRotation": -1024,
                    "ZRotation": -170
                },
                {
                    "ModelId": "45110",
                    "ModelIdNum": 45110,
                    "ObjectType": 0,
                    "XPos": 30,
                    "YPos": -222,
                    "ZPos": 124,
                    "YScale": 1.51672,
                    "ZScale": 1.2,
                    "XRotation": 0,
                    "YRotation": 0,
                    "ZRotation": -84
                },
                {
                    "ModelId": "45110",
                    "ModelIdNum": 45110,
                    "ObjectType": 0,
                    "XPos": 118,
                    "YPos": -224,
                    "ZPos": 124,
                    "YScale": 2.78978,
                    "ZScale": 1.3,
                    "XRotation": 0,
                    "YRotation": 0,
                    "ZRotation": -511
                },
                {
                    "ModelId": "45110",
                    "ModelIdNum": 45110,
                    "ObjectType": 0,
                    "XPos": -26,
                    "YPos": -222,
                    "ZPos": 124,
                    "YScale": 1.11605,
                    "ZScale": 1.2,
                    "XRotation": 0,
                    "YRotation": 0,
                    "ZRotation": -169
                },
                {
                    "ModelId": "45110",
                    "ModelIdNum": 45110,
                    "ObjectType": 0,
                    "XPos": -28,
                    "YPos": -228,
                    "ZPos": 124,
                    "YScale": 1.39692,
                    "XRotation": 0,
                    "YRotation": -1024,
                    "ZRotation": -85
                },
                {
                    "ModelId": "211",
                    "ModelIdNum": 211,
                    "ObjectType": 0,
                    "XPos": 0,
                    "YPos": 0,
                    "ZPos": 0,
                    "XRotation": 0,
                    "YRotation": 0,
                    "ZRotation": 0
                },
                {
                    "ModelId": "41901",
                    "ModelIdNum": 41901,
                    "ObjectType": 0,
                    "XPos": 184,
                    "YPos": -65,
                    "ZPos": 0,
                    "XRotation": 0,
                    "YRotation": 0,
                    "ZRotation": 0
                },
                {
                    "ModelId": "41901",
                    "ModelIdNum": 41901,
                    "ObjectType": 0,
                    "XPos": 184,
                    "YPos": -65,
                    "ZPos": -128,
                    "XRotation": 0,
                    "YRotation": 0,
                    "ZRotation": 0
                },
                {
                    "ModelId": "41901",
                    "ModelIdNum": 41901,
                    "ObjectType": 0,
                    "XPos": 184,
                    "YPos": -65,
                    "ZPos": -248,
                    "XRotation": 0,
                    "YRotation": 0,
                    "ZRotation": 0
                },
                {
                    "ModelId": "41901",
                    "ModelIdNum": 41901,
                    "ObjectType": 0,
                    "XPos": 64,
                    "YPos": -65,
                    "ZPos": -248,
                    "XRotation": 0,
                    "YRotation": 0,
                    "ZRotation": 0
                }
            ],
            "BlockFlatObjectRecords": [
                {
                    "Position": 0,
                    "XPos": 120,
                    "YPos": 0,
                    "ZPos": 192,
                    "TextureArchive": 199,
                    "TextureRecord": 21,
                    "FactionID": 0,
                    "Flags": 17
                },
                {
                    "Position": 0,
                    "XPos": 24,
                    "YPos": -129,
                    "ZPos": 120,
                    "TextureArchive": 199,
                    "TextureRecord": 22,
                    "FactionID": 0,
                    "Flags": 17
                },
                {
                    "Position": 0,
                    "XPos": -152,
                    "YPos": -32,
                    "ZPos": -152,
                    "TextureArchive": 210,
                    "TextureRecord": 5,
                    "FactionID": 20496,
                    "Flags": 17
                },
                {
                    "Position": 0,
                    "XPos": 80,
                    "YPos": -144,
                    "ZPos": 208,
                    "TextureArchive": 210,
                    "TextureRecord": 25,
                    "FactionID": 28688,
                    "Flags": 17
                },
                {
                    "Position": 0,
                    "XPos": -42,
                    "YPos": -20,
                    "ZPos": 238,
                    "TextureArchive": 210,
                    "TextureRecord": 27,
                    "FactionID": 14352,
                    "Flags": 17
                },
                {
                    "Position": 0,
                    "XPos": 0,
                    "YPos": -213,
                    "ZPos": -62,
                    "TextureArchive": 210,
                    "TextureRecord": 24,
                    "FactionID": 28692,
                    "Flags": 17
                },
                {
                    "Position": 0,
                    "XPos": -78,
                    "YPos": -1,
                    "ZPos": 164,
                    "TextureArchive": 199,
                    "TextureRecord": 18,
                    "FactionID": 0,
                    "Flags": 17
                },
                {
                    "Position": 0,
                    "XPos": -2,
                    "YPos": -129,
                    "ZPos": -30,
                    "TextureArchive": 199,
                    "TextureRecord": 11,
                    "FactionID": -1,
                    "Flags": 1
                },
                {
                    "Position": 0,
                    "XPos": -128,
                    "YPos": 0,
                    "ZPos": 64,
                    "TextureArchive": 199,
                    "TextureRecord": 8,
                    "FactionID": 0,
                    "Flags": 0
                },
                {
                    "Position": 0,
                    "XPos": -90,
                    "YPos": -1,
                    "ZPos": 100,
                    "TextureArchive": 204,
                    "TextureRecord": 1,
                    "FactionID": 0,
                    "Flags": 0
                },
                {
                    "Position": 0,
                    "XPos": 169,
                    "YPos": -1,
                    "ZPos": 231,
                    "TextureArchive": 198,
                    "TextureRecord": 2,
                    "FactionID": 0,
                    "Flags": 0
                },
                {
                    "Position": 0,
                    "XPos": 32,
                    "YPos": -1,
                    "ZPos": 235,
                    "TextureArchive": 205,
                    "TextureRecord": 0,
                    "FactionID": 0,
                    "Flags": 0
                },
                {
                    "Position": 0,
                    "XPos": -20,
                    "YPos": -1,
                    "ZPos": 149,
                    "TextureArchive": 205,
                    "TextureRecord": 19,
                    "FactionID": 0,
                    "Flags": 0
                },
                {
                    "Position": 0,
                    "XPos": -173,
                    "YPos": -1,
                    "ZPos": 147,
                    "TextureArchive": 214,
                    "TextureRecord": 5,
                    "FactionID": 0,
                    "Flags": 0
                },
                {
                    "Position": 0,
                    "XPos": -170,
                    "YPos": -94,
                    "ZPos": 209,
                    "TextureArchive": 205,
                    "TextureRecord": 41,
                    "FactionID": 0,
                    "Flags": 0
                },
                {
                    "Position": 0,
                    "XPos": -167,
                    "YPos": -94,
                    "ZPos": 152,
                    "TextureArchive": 205,
                    "TextureRecord": 16,
                    "FactionID": 0,
                    "Flags": 0
                },
                {
                    "Position": 0,
                    "XPos": -179,
                    "YPos": -94,
                    "ZPos": 160,
                    "TextureArchive": 205,
                    "TextureRecord": 13,
                    "FactionID": 0,
                    "Flags": 0
                },
                {
                    "Position": 0,
                    "XPos": -169,
                    "YPos": -94,
                    "ZPos": 226,
                    "TextureArchive": 205,
                    "TextureRecord": 36,
                    "FactionID": 0,
                    "Flags": 0
                },
                {
                    "Position": 0,
                    "XPos": -64,
                    "YPos": -26,
                    "ZPos": 227,
                    "TextureArchive": 200,
                    "TextureRecord": 6,
                    "FactionID": 0,
                    "Flags": 0
                },
                {
                    "Position": 0,
                    "XPos": -108,
                    "YPos": -2,
                    "ZPos": -82,
                    "TextureArchive": 1300,
                    "TextureRecord": 8,
                    "FactionID": 0,
                    "Flags": 0
                },
                {
                    "Position": 0,
                    "XPos": -24,
                    "YPos": -130,
                    "ZPos": 62,
                    "TextureArchive": 199,
                    "TextureRecord": 4,
                    "FactionID": 0,
                    "Flags": 0
                },
                {
                    "Position": 0,
                    "XPos": -162,
                    "YPos": -33,
                    "ZPos": -126,
                    "TextureArchive": 10021,
                    "TextureRecord": 12,
                    "FactionID": 0,
                    "Flags": 0
                }
            ],
            "BlockSection3Records": [],
            "BlockPeopleRecords": [],
            "BlockDoorRecords": [
                {
                    "Position": 0,
                    "XPos": -151,
                    "YPos": -46,
                    "ZPos": 132,
                    "YRotation": 0,
                    "OpenRotation": 90,
                    "DoorModelIndex": 0
                },
                {
                    "Position": 1,
                    "XPos": -152,
                    "YPos": -46,
                    "ZPos": 3,
                    "YRotation": 0,
                    "OpenRotation": 90,
                    "DoorModelIndex": 0
                }
            ]
        }
    },
    "AutoMapData": null
}