{
    "FactionId": 0,
    "BuildingType": 18,
    "Quality": 10,
    "NameSeed": 0,
    "RmbSubRecord": {
        "XPos": 512,
        "ZPos": 3776,
        "YRotation": 1536,
        "Exterior": {
            "Header": {
                "Num3dObjectRecords": 1,
                "NumFlatObjectRecords": 0,
                "NumSection3Records": 0,
                "NumPeopleRecords": 0,
                "NumDoorRecords": 0
            },
            "Block3dObjectRecords": [
                {
                    "ModelId": "146",
                    "ModelIdNum": 146,
                    "ObjectType": 4,
                    "XPos": 0,
                    "YPos": 0,
                    "ZPos": 0,
                    "XRotation": 0,
                    "YRotation": 0,
                    "ZRotation": 0
                },
                {
                    "ModelId": "146",
                    "ModelIdNum": 146,
                    "ObjectType": 4,
                    "XPos": 0,
                    "YPos": 0,
                    "ZPos": 0,
                    "XRotation": 0,
                    "YRotation": 0,
                    "ZRotation": 0
                }
            ],
            "BlockFlatObjectRecords": [],
            "BlockSection3Records": [],
            "BlockPeopleRecords": [],
            "BlockDoorRecords": []
        },
        "Interior": {
            "Header": {
                "Num3dObjectRecords": 32,
                "NumFlatObjectRecords": 14,
                "NumSection3Records": 38,
                "NumPeopleRecords": 1,
                "NumDoorRecords": 5
            },
            "Block3dObjectRecords": [
                {
                    "ModelId": "31330",
                    "ModelIdNum": 31330,
                    "ObjectType": 13,
                    "XPos": -166,
                    "YPos": -63,
                    "ZPos": 0,
                    "XRotation": 0,
                    "YRotation": -1536,
                    "ZRotation": 0
                },
                {
                    "ModelId": "41018",
                    "ModelIdNum": 41018,
                    "ObjectType": 0,
                    "XPos": 176,
                    "YPos": -38,
                    "ZPos": -300,
                    "XRotation": 0,
                    "YRotation": 0,
                    "ZRotation": 0
                },
                {
                    "ModelId": "41020",
                    "ModelIdNum": 41020,
                    "ObjectType": 3,
                    "XPos": 256,
                    "YPos": 1,
                    "ZPos": -242,
                    "XRotation": 0,
                    "YRotation": -512,
                    "ZRotation": 0
                },
                {
                    "ModelId": "41124",
                    "ModelIdNum": 41124,
                    "ObjectType": 3,
                    "XPos": -57,
                    "YPos": 2,
                    "ZPos": 78,
                    "XRotation": 0,
                    "YRotation": 0,
                    "ZRotation": 0
                },
                {
                    "ModelId": "41109",
                    "ModelIdNum": 41109,
                    "ObjectType": 3,
                    "XPos": 29,
                    "YPos": 2,
                    "ZPos": 278,
                    "XScale": 1.029462,
                    "YScale": 1.0483,
                    "ZScale": 1.322913,
                    "XRotation": 0,
                    "YRotation": 0,
                    "ZRotation": 0
                },
                {
                    "ModelId": "41101",
                    "ModelIdNum": 41101,
                    "ObjectType": 3,
                    "XPos": 108,
                    "YPos": 2,
                    "ZPos": 272,
                    "XRotation": 0,
                    "YRotation": -1518,
                    "ZRotation": 0
                },
                {
                    "ModelId": "41102",
                    "ModelIdNum": 41102,
                    "ObjectType": 3,
                    "XPos": 46,
                    "YPos": 1,
                    "ZPos": 226,
                    "XRotation": 0,
                    "YRotation": -1905,
                    "ZRotation": 0
                },
                {
                    "ModelId": "1707",
                    "ModelIdNum": 1707,
                    "ObjectType": 13,
                    "XPos": 217,
                    "YPos": -130,
                    "ZPos": 66,
                    "XRotation": 0,
                    "YRotation": -512,
                    "ZRotation": 0
                },
                {
                    "ModelId": "2015",
                    "ModelIdNum": 2015,
                    "ObjectType": 13,
                    "XPos": -47,
                    "YPos": -264,
                    "ZPos": -250,
                    "XRotation": 0,
                    "YRotation": 0,
                    "ZRotation": -1792
                },
                {
                    "ModelId": "3308",
                    "ModelIdNum": 3308,
                    "ObjectType": 13,
                    "XPos": 236,
                    "YPos": -129,
                    "ZPos": -254,
                    "ZScale": 0.9230098,
                    "XRotation": 0,
                    "YRotation": -511,
                    "ZRotation": 0
                },
                {
                    "ModelId": "2016",
                    "ModelIdNum": 2016,
                    "ObjectType": 13,
                    "XPos": 45,
                    "YPos": -264,
                    "ZPos": 254,
                    "ZScale": 0.98501,
                    "XRotation": 0,
                    "YRotation": -1024,
                    "ZRotation": -1792
                },
                {
                    "ModelId": "1708",
                    "ModelIdNum": 1708,
                    "ObjectType": 13,
                    "XPos": 85,
                    "YPos": -130,
                    "ZPos": -190,
                    "XRotation": 0,
                    "YRotation": -1536,
                    "ZRotation": 0
                },
                {
                    "ModelId": "1725",
                    "ModelIdNum": 1725,
                    "ObjectType": 13,
                    "XPos": -299,
                    "YPos": -130,
                    "ZPos": 258,
                    "XRotation": 0,
                    "YRotation": -512,
                    "ZRotation": 0
                },
                {
                    "ModelId": "5101",
                    "ModelIdNum": 5101,
                    "ObjectType": 13,
                    "XPos": -45,
                    "YPos": -126,
                    "ZPos": 4,
                    "XScale": 0.97153,
                    "XRotation": 0,
                    "YRotation": 0,
                    "ZRotation": 0
                },
                {
                    "ModelId": "5100",
                    "ModelIdNum": 5100,
                    "ObjectType": 13,
                    "XPos": 215,
                    "YPos": 2,
                    "ZPos": 248,
                    "XScale": 1.0127,
                    "XRotation": 0,
                    "YRotation": -1541,
                    "ZRotation": 0
                },
                {
                    "ModelId": "3336",
                    "ModelIdNum": 3336,
                    "ObjectType": 13,
                    "XPos": -39,
                    "YPos": 1,
                    "ZPos": 124,
                    "XRotation": 0,
                    "YRotation": -512,
                    "ZRotation": 0
                },
                {
                    "ModelId": "1308",
                    "ModelIdNum": 1308,
                    "ObjectType": 13,
                    "XPos": -41,
                    "YPos": 0,
                    "ZPos": 0,
                    "XRotation": 0,
                    "YRotation": 0,
                    "ZRotation": 0
                },
                {
                    "ModelId": "1309",
                    "ModelIdNum": 1309,
                    "ObjectType": 13,
                    "XPos": -163,
                    "YPos": 0,
                    "ZPos": -128,
                    "XRotation": 0,
                    "YRotation": -512,
                    "ZRotation": 0
                },
                {
                    "ModelId": "3336",
                    "ModelIdNum": 3336,
                    "ObjectType": 13,
                    "XPos": 77,
                    "YPos": 0,
                    "ZPos": 2,
                    "ZScale": 1.1072,
                    "XRotation": 0,
                    "YRotation": -1024,
                    "ZRotation": 0
                },
                {
                    "ModelId": "3336",
                    "ModelIdNum": 3336,
                    "ObjectType": 13,
                    "XPos": -170,
                    "YPos": 1,
                    "ZPos": 10,
                    "XRotation": 0,
                    "YRotation": 0,
                    "ZRotation": 0
                },
                {
                    "ModelId": "62319",
                    "ModelIdNum": 62319,
                    "ObjectType": 0,
                    "XPos": -101,
                    "YPos": -156,
                    "ZPos": -56,
                    "XScale": 2.645258,
                    "YScale": 1.73403,
                    "ZScale": 1.404137,
                    "XRotation": 0,
                    "YRotation": 0,
                    "ZRotation": -512
                },
                {
                    "ModelId": "62319",
                    "ModelIdNum": 62319,
                    "ObjectType": 0,
                    "XPos": 96,
                    "YPos": -164,
                    "ZPos": 74,
                    "XScale": 2.733809,
                    "YScale": 1.73403,
                    "ZScale": 1.463522,
                    "XRotation": 0,
                    "YRotation": 0,
                    "ZRotation": -512
                },
                {
                    "ModelId": "62319",
                    "ModelIdNum": 62319,
                    "ObjectType": 0,
                    "XPos": 96,
                    "YPos": -156,
                    "ZPos": -56,
                    "XScale": 2.804619,
                    "YScale": 1.73403,
                    "ZScale": 1.404137,
                    "XRotation": 0,
                    "YRotation": 0,
                    "ZRotation": -512
                },
                {
                    "ModelId": "62319",
                    "ModelIdNum": 62319,
                    "ObjectType": 0,
                    "XPos": -1,
                    "YPos": -250,
                    "ZPos": -56,
                    "XScale": 2.977584,
                    "YScale": 2.133726,
                    "ZScale": 1.860407,
                    "XRotation": 0,
                    "YRotation": 0,
                    "ZRotation": 0
                },
                {
                    "ModelId": "62319",
                    "ModelIdNum": 62319,
                    "ObjectType": 0,
                    "XPos": -1,
                    "YPos": -250,
                    "ZPos": 74,
                    "XScale": 2.977584,
                    "YScale": 2.133726,
                    "ZScale": 1.860407,
                    "XRotation": 0,
                    "YRotation": 0,
                    "ZRotation": 0
                },
                {
                    "ModelId": "1301",
                    "ModelIdNum": 1301,
                    "ObjectType": 13,
                    "XPos": 211,
                    "YPos": 0,
                    "ZPos": -2,
                    "XScale": 0.9399999,
                    "ZScale": 0.97,
                    "XRotation": 0,
                    "YRotation": 0,
                    "ZRotation": 0
                },
                {
                    "ModelId": "3300",
                    "ModelIdNum": 3300,
                    "ObjectType": 13,
                    "XPos": 99,
                    "YPos": -62,
                    "ZPos": -124,
                    "XRotation": 0,
                    "YRotation": 0,
                    "ZRotation": 0
                },
                {
                    "ModelId": "3304",
                    "ModelIdNum": 3304,
                    "ObjectType": 13,
                    "XPos": 147,
                    "YPos": -62,
                    "ZPos": -60,
                    "ZScale": 0.5806373,
                    "XRotation": 0,
                    "YRotation": -511,
                    "ZRotation": 0
                },
                {
                    "ModelId": "3304",
                    "ModelIdNum": 3304,
                    "ObjectType": 13,
                    "XPos": 149,
                    "YPos": -62,
                    "ZPos": -4,
                    "ZScale": 1.0279,
                    "XRotation": 0,
                    "YRotation": 0,
                    "ZRotation": 0
                },
                {
                    "ModelId": "62319",
                    "ModelIdNum": 62319,
                    "ObjectType": 0,
                    "XPos": -103,
                    "YPos": -164,
                    "ZPos": 74,
                    "XScale": 2.733809,
                    "YScale": 1.73403,
                    "ZScale": 1.463522,
                    "XRotation": 0,
                    "YRotation": 0,
                    "ZRotation": -512
                },
                {
                    "ModelId": "45110",
                    "ModelIdNum": 45110,
                    "ObjectType": 0,
                    "XPos": 91,
                    "YPos": -128,
                    "ZPos": 194,
                    "YScale": 3.019619,
                    "ZScale": 1.266045,
                    "XRotation": 0,
                    "YRotation": -1536,
                    "ZRotation": -512
                },
                {
                    "ModelId": "45110",
                    "ModelIdNum": 45110,
                    "ObjectType": 0,
                    "XPos": -95,
                    "YPos": -128,
                    "ZPos": -60,
                    "YScale": 2.306735,
                    "ZScale": 1.441709,
                    "XRotation": 0,
                    "YRotation": -1024,
                    "ZRotation": -512
                },
                {
                    "ModelId": "3306",
                    "ModelIdNum": 3306,
                    "ObjectType": 13,
                    "XPos": -1,
                    "YPos": -320,
                    "ZPos": -312,
                    "YScale": 0.99137,
                    "XRotation": 0,
                    "YRotation": -511,
                    "ZRotation": 0
                },
                {
                    "ModelId": "3308",
                    "ModelIdNum": 3308,
                    "ObjectType": 13,
                    "XPos": -268,
                    "YPos": -130,
                    "ZPos": 256,
                    "ZScale": 1.069953,
                    "XRotation": 0,
                    "YRotation": -1536,
                    "ZRotation": 0
                },
                {
                    "ModelId": "3306",
                    "ModelIdNum": 3306,
                    "ObjectType": 13,
                    "XPos": 3,
                    "YPos": -320,
                    "ZPos": 314,
                    "YScale": 0.99137,
                    "XRotation": 0,
                    "YRotation": -1536,
                    "ZRotation": 0
                },
                {
                    "ModelId": "3304",
                    "ModelIdNum": 3304,
                    "ObjectType": 13,
                    "XPos": -38,
                    "YPos": -64,
                    "ZPos": -62,
                    "ZScale": 0.9811099,
                    "XRotation": 0,
                    "YRotation": -1536,
                    "ZRotation": 0
                },
                {
                    "ModelId": "3300",
                    "ModelIdNum": 3300,
                    "ObjectType": 13,
                    "XPos": 215,
                    "YPos": -63,
                    "ZPos": -66,
                    "XRotation": 0,
                    "YRotation": -1536,
                    "ZRotation": 0
                },
                {
                    "ModelId": "45110",
                    "ModelIdNum": 45110,
                    "ObjectType": 0,
                    "XPos": 292,
                    "YPos": -126,
                    "ZPos": 190,
                    "XScale": 1.319927,
                    "YScale": 2.405455,
                    "ZScale": 0.8936314,
                    "XRotation": 0,
                    "YRotation": 0,
                    "ZRotation": -511
                },
                {
                    "ModelId": "1301",
                    "ModelIdNum": 1301,
                    "ObjectType": 13,
                    "XPos": -165,
                    "YPos": 0,
                    "ZPos": 128,
                    "XScale": 0.9399999,
                    "XRotation": 0,
                    "YRotation": 0,
                    "ZRotation": 0
                },
                {
                    "ModelId": "2009",
                    "ModelIdNum": 2009,
                    "ObjectType": 13,
                    "XPos": 22,
                    "YPos": -126,
                    "ZPos": -190,
                    "XRotation": 0,
                    "YRotation": -512,
                    "ZRotation": 0
                },
                {
                    "ModelId": "4304",
                    "ModelIdNum": 4304,
                    "ObjectType": 13,
                    "XPos": 330,
                    "YPos": 1,
                    "ZPos": 120,
                    "XRotation": 0,
                    "YRotation": 0,
                    "ZRotation": 0
                },
                {
                    "ModelId": "4306",
                    "ModelIdNum": 4306,
                    "ObjectType": 13,
                    "XPos": -9,
                    "YPos": -192,
                    "ZPos": -54,
                    "XScale": 1.092233,
                    "ZScale": 0.9233198,
                    "XRotation": 0,
                    "YRotation": -511,
                    "ZRotation": 0
                },
                {
                    "ModelId": "2007",
                    "ModelIdNum": 2007,
                    "ObjectType": 13,
                    "XPos": 215,
                    "YPos": -124,
                    "ZPos": 66,
                    "XRotation": 0,
                    "YRotation": 0,
                    "ZRotation": 0
                },
                {
                    "ModelId": "3300",
                    "ModelIdNum": 3300,
                    "ObjectType": 13,
                    "XPos": 215,
                    "YPos": -64,
                    "ZPos": 67,
                    "YScale": 1.0128,
                    "XRotation": 0,
                    "YRotation": -511,
                    "ZRotation": 0
                },
                {
                    "ModelId": "4300",
                    "ModelIdNum": 4300,
                    "ObjectType": 13,
                    "XPos": 13,
                    "YPos": -192,
                    "ZPos": -62,
                    "XScale": 1.014821,
                    "XRotation": 0,
                    "YRotation": 0,
                    "ZRotation": 0
                },
                {
                    "ModelId": "4300",
                    "ModelIdNum": 4300,
                    "ObjectType": 13,
                    "XPos": -7,
                    "YPos": -192,
                    "ZPos": -48,
                    "XScale": 1.0874,
                    "XRotation": 0,
                    "YRotation": -1024,
                    "ZRotation": 0
                },
                {
                    "ModelId": "62319",
                    "ModelIdNum": 62319,
                    "ObjectType": 0,
                    "XPos": 3,
                    "YPos": -250,
                    "ZPos": 190,
                    "XScale": 2.032794,
                    "YScale": 2.337348,
                    "ZScale": 2.041623,
                    "XRotation": 0,
                    "YRotation": -1536,
                    "ZRotation": 0
                },
                {
                    "ModelId": "3304",
                    "ModelIdNum": 3304,
                    "ObjectType": 13,
                    "XPos": 270,
                    "YPos": -64,
                    "ZPos": 128,
                    "YScale": 1.0128,
                    "XRotation": 0,
                    "YRotation": 0,
                    "ZRotation": 0
                },
                {
                    "ModelId": "1010",
                    "ModelIdNum": 1010,
                    "ObjectType": 13,
                    "XPos": 69,
                    "YPos": -258,
                    "ZPos": -250,
                    "XScale": 0.80948,
                    "XRotation": 0,
                    "YRotation": 0,
                    "ZRotation": 0
                },
                {
                    "ModelId": "62319",
                    "ModelIdNum": 62319,
                    "ObjectType": 0,
                    "XPos": -73,
                    "YPos": -310,
                    "ZPos": 200,
                    "XScale": 1.59919,
                    "YScale": 1.604151,
                    "ZScale": 2.033599,
                    "XRotation": 0,
                    "YRotation": 0,
                    "ZRotation": -1792
                },
                {
                    "ModelId": "62319",
                    "ModelIdNum": 62319,
                    "ObjectType": 0,
                    "XPos": 77,
                    "YPos": -308,
                    "ZPos": 200,
                    "XScale": 1.544882,
                    "YScale": 1.604151,
                    "ZScale": 2.033599,
                    "XRotation": 0,
                    "YRotation": 0,
                    "ZRotation": -256
                },
                {
                    "ModelId": "1007",
                    "ModelIdNum": 1007,
                    "ObjectType": 13,
                    "XPos": -108,
                    "YPos": -258,
                    "ZPos": 196,
                    "XScale": 0.80948,
                    "XRotation": 0,
                    "YRotation": 0,
                    "ZRotation": 0
                },
                {
                    "ModelId": "2006",
                    "ModelIdNum": 2006,
                    "ObjectType": 13,
                    "XPos": 89,
                    "YPos": -310,
                    "ZPos": 250,
                    "ZScale": 1.0129,
                    "XRotation": 0,
                    "YRotation": 0,
                    "ZRotation": -1792
                },
                {
                    "ModelId": "62319",
                    "ModelIdNum": 62319,
                    "ObjectType": 0,
                    "XPos": 3,
                    "YPos": -250,
                    "ZPos": -178,
                    "XScale": 2.185354,
                    "YScale": 2.337348,
                    "ZScale": 2.146235,
                    "XRotation": 0,
                    "YRotation": -1536,
                    "ZRotation": 0
                },
                {
                    "ModelId": "62319",
                    "ModelIdNum": 62319,
                    "ObjectType": 0,
                    "XPos": -73,
                    "YPos": -310,
                    "ZPos": -178,
                    "XScale": 1.59919,
                    "YScale": 1.604151,
                    "ZScale": 2.033599,
                    "XRotation": 0,
                    "YRotation": 0,
                    "ZRotation": -1792
                },
                {
                    "ModelId": "62319",
                    "ModelIdNum": 62319,
                    "ObjectType": 0,
                    "XPos": 77,
                    "YPos": -308,
                    "ZPos": -178,
                    "XScale": 1.544882,
                    "YScale": 1.604151,
                    "ZScale": 2.033599,
                    "XRotation": 0,
                    "YRotation": 0,
                    "ZRotation": -256
                },
                {
                    "ModelId": "45110",
                    "ModelIdNum": 45110,
                    "ObjectType": 0,
                    "XPos": -103,
                    "YPos": -128,
                    "ZPos": 320,
                    "YScale": 3.019619,
                    "ZScale": 1.151826,
                    "XRotation": 0,
                    "YRotation": -1536,
                    "ZRotation": -512
                },
                {
                    "ModelId": "45136",
                    "ModelIdNum": 45136,
                    "ObjectType": 0,
                    "XPos": 21,
                    "YPos": -198,
                    "ZPos": 6,
                    "XScale": 1.3383,
                    "YScale": 1.3383,
                    "ZScale": 1.3383,
                    "XRotation": 0,
                    "YRotation": -511,
                    "ZRotation": 0
                },
                {
                    "ModelId": "3300",
                    "ModelIdNum": 3300,
                    "ObjectType": 13,
                    "XPos": -41,
                    "YPos": -62,
                    "ZPos": -186,
                    "XRotation": 0,
                    "YRotation": -512,
                    "ZRotation": 0
                },
                {
                    "ModelId": "3300",
                    "ModelIdNum": 3300,
                    "ObjectType": 13,
                    "XPos": -41,
                    "YPos": -62,
                    "ZPos": -192,
                    "XRotation": 0,
                    "YRotation": -1536,
                    "ZRotation": 0
                },
                {
                    "ModelId": "3304",
                    "ModelIdNum": 3304,
                    "ObjectType": 13,
                    "XPos": 15,
                    "YPos": -62,
                    "ZPos": -252,
                    "XRotation": 0,
                    "YRotation": 0,
                    "ZRotation": 0
                },
                {
                    "ModelId": "3306",
                    "ModelIdNum": 3306,
                    "ObjectType": 13,
                    "XPos": 16,
                    "YPos": -63,
                    "ZPos": -310,
                    "XRotation": 0,
                    "YRotation": -512,
                    "ZRotation": 0
                },
                {
                    "ModelId": "3304",
                    "ModelIdNum": 3304,
                    "ObjectType": 13,
                    "XPos": -167,
                    "YPos": -62,
                    "ZPos": -196,
                    "XRotation": 0,
                    "YRotation": -1536,
                    "ZRotation": 0
                },
                {
                    "ModelId": "4304",
                    "ModelIdNum": 4304,
                    "ObjectType": 13,
                    "XPos": 67,
                    "YPos": -126,
                    "ZPos": -116,
                    "YScale": 0.8693861,
                    "XRotation": 0,
                    "YRotation": 0,
                    "ZRotation": 0
                },
                {
                    "ModelId": "41050",
                    "ModelIdNum": 41050,
                    "ObjectType": 3,
                    "XPos": -86,
                    "YPos": 0,
                    "ZPos": -276,
                    "XRotation": 0,
                    "YRotation": -512,
                    "ZRotation": 0
                },
                {
                    "ModelId": "3304",
                    "ModelIdNum": 3304,
                    "ObjectType": 13,
                    "XPos": 157,
                    "YPos": -64,
                    "ZPos": 2,
                    "ZScale": 1.0202,
                    "XRotation": 0,
                    "YRotation": -1024,
                    "ZRotation": 0
                },
                {
                    "ModelId": "3304",
                    "ModelIdNum": 3304,
                    "ObjectType": 13,
                    "XPos": 215,
                    "YPos": -64,
                    "ZPos": -2,
                    "XRotation": 0,
                    "YRotation": -512,
                    "ZRotation": 0
                },
                {
                    "ModelId": "3304",
                    "ModelIdNum": 3304,
                    "ObjectType": 13,
                    "XPos": 215,
                    "YPos": -64,
                    "ZPos": -20,
                    "XRotation": 0,
                    "YRotation": -1536,
                    "ZRotation": 0
                },
                {
                    "ModelId": "3304",
                    "ModelIdNum": 3304,
                    "ObjectType": 13,
                    "XPos": 271,
                    "YPos": -62,
                    "ZPos": 0,
                    "ZScale": 1.0379,
                    "XRotation": 0,
                    "YRotation": 0,
                    "ZRotation": 0
                },
                {
                    "ModelId": "3300",
                    "ModelIdNum": 3300,
                    "ObjectType": 13,
                    "XPos": 215,
                    "YPos": -64,
                    "ZPos": 62,
                    "XRotation": 0,
                    "YRotation": -1536,
                    "ZRotation": 0
                },
                {
                    "ModelId": "3300",
                    "ModelIdNum": 3300,
                    "ObjectType": 13,
                    "XPos": 215,
                    "YPos": -64,
                    "ZPos": -60,
                    "XRotation": 0,
                    "YRotation": -512,
                    "ZRotation": 0
                },
                {
                    "ModelId": "45163",
                    "ModelIdNum": 45163,
                    "ObjectType": 0,
                    "XPos": -162,
                    "YPos": -84,
                    "ZPos": -198,
                    "XRotation": 0,
                    "YRotation": 0,
                    "ZRotation": 0
                },
                {
                    "ModelId": "3304",
                    "ModelIdNum": 3304,
                    "ObjectType": 13,
                    "XPos": -99,
                    "YPos": -190,
                    "ZPos": 8,
                    "XRotation": 0,
                    "YRotation": -1024,
                    "ZRotation": 0
                },
                {
                    "ModelId": "3304",
                    "ModelIdNum": 3304,
                    "ObjectType": 13,
                    "XPos": -43,
                    "YPos": -190,
                    "ZPos": 58,
                    "XRotation": 0,
                    "YRotation": -1536,
                    "ZRotation": 0
                },
                {
                    "ModelId": "45110",
                    "ModelIdNum": 45110,
                    "ObjectType": 0,
                    "XPos": -105,
                    "YPos": -252,
                    "ZPos": 86,
                    "YScale": 1.712806,
                    "ZScale": 1.581977,
                    "XRotation": 0,
                    "YRotation": -1536,
                    "ZRotation": -511
                },
                {
                    "ModelId": "3304",
                    "ModelIdNum": 3304,
                    "ObjectType": 13,
                    "XPos": 19,
                    "YPos": -63,
                    "ZPos": -252,
                    "ZScale": 1.0129,
                    "XRotation": 0,
                    "YRotation": -1024,
                    "ZRotation": 0
                },
                {
                    "ModelId": "3304",
                    "ModelIdNum": 3304,
                    "ObjectType": 13,
                    "XPos": 74,
                    "YPos": -63,
                    "ZPos": -194,
                    "ZScale": 0.9667999,
                    "XRotation": 0,
                    "YRotation": -1536,
                    "ZRotation": 0
                },
                {
                    "ModelId": "3307",
                    "ModelIdNum": 3307,
                    "ObjectType": 13,
                    "XPos": -200,
                    "YPos": 2,
                    "ZPos": 256,
                    "YScale": 1.01,
                    "ZScale": 1.069953,
                    "XRotation": 0,
                    "YRotation": -1536,
                    "ZRotation": 0
                },
                {
                    "ModelId": "2001",
                    "ModelIdNum": 2001,
                    "ObjectType": 13,
                    "XPos": -165,
                    "YPos": -126,
                    "ZPos": 190,
                    "XRotation": 0,
                    "YRotation": 0,
                    "ZRotation": 0
                },
                {
                    "ModelId": "3300",
                    "ModelIdNum": 3300,
                    "ObjectType": 13,
                    "XPos": 105,
                    "YPos": -62,
                    "ZPos": -124,
                    "XRotation": 0,
                    "YRotation": -1024,
                    "ZRotation": 0
                },
                {
                    "ModelId": "3304",
                    "ModelIdNum": 3304,
                    "ObjectType": 13,
                    "XPos": 72,
                    "YPos": -62,
                    "ZPos": -182,
                    "XRotation": 0,
                    "YRotation": -512,
                    "ZRotation": 0
                },
                {
                    "ModelId": "3319",
                    "ModelIdNum": 3319,
                    "ObjectType": 13,
                    "XPos": -224,
                    "YPos": -62,
                    "ZPos": 192,
                    "YScale": 1.01,
                    "XRotation": 0,
                    "YRotation": -1024,
                    "ZRotation": 0
                },
                {
                    "ModelId": "2010",
                    "ModelIdNum": 2010,
                    "ObjectType": 13,
                    "XPos": 82,
                    "YPos": -128,
                    "ZPos": -252,
                    "XRotation": 0,
                    "YRotation": 0,
                    "ZRotation": 0
                },
                {
                    "ModelId": "3300",
                    "ModelIdNum": 3300,
                    "ObjectType": 13,
                    "XPos": 74,
                    "YPos": -192,
                    "ZPos": -170,
                    "XRotation": 0,
                    "YRotation": -512,
                    "ZRotation": 0
                },
                {
                    "ModelId": "3300",
                    "ModelIdNum": 3300,
                    "ObjectType": 13,
                    "XPos": -70,
                    "YPos": -192,
                    "ZPos": -170,
                    "XRotation": 0,
                    "YRotation": -512,
                    "ZRotation": 0
                },
                {
                    "ModelId": "62319",
                    "ModelIdNum": 62319,
                    "ObjectType": 0,
                    "XPos": 2,
                    "YPos": -198,
                    "ZPos": -176,
                    "XScale": 1.133561,
                    "YScale": 1.846459,
                    "ZScale": 2.544976,
                    "XRotation": 0,
                    "YRotation": 0,
                    "ZRotation": -512
                },
                {
                    "ModelId": "3300",
                    "ModelIdNum": 3300,
                    "ObjectType": 13,
                    "XPos": -70,
                    "YPos": -192,
                    "ZPos": -176,
                    "XRotation": 0,
                    "YRotation": -1536,
                    "ZRotation": 0
                },
                {
                    "ModelId": "3300",
                    "ModelIdNum": 3300,
                    "ObjectType": 13,
                    "XPos": 74,
                    "YPos": -192,
                    "ZPos": -174,
                    "XRotation": 0,
                    "YRotation": -1536,
                    "ZRotation": 0
                },
                {
                    "ModelId": "3304",
                    "ModelIdNum": 3304,
                    "ObjectType": 13,
                    "XPos": -4,
                    "YPos": -194,
                    "ZPos": -254,
                    "YScale": 1.0381,
                    "XRotation": 0,
                    "YRotation": 0,
                    "ZRotation": 0
                },
                {
                    "ModelId": "3304",
                    "ModelIdNum": 3304,
                    "ObjectType": 13,
                    "XPos": 2,
                    "YPos": -194,
                    "ZPos": -254,
                    "YScale": 1.053076,
                    "XRotation": 0,
                    "YRotation": -1024,
                    "ZRotation": 0
                },
                {
                    "ModelId": "3318",
                    "ModelIdNum": 3318,
                    "ObjectType": 13,
                    "XPos": -168,
                    "YPos": 2,
                    "ZPos": -130,
                    "YScale": 1.01,
                    "XRotation": 0,
                    "YRotation": -1024,
                    "ZRotation": 0
                },
                {
                    "ModelId": "45110",
                    "ModelIdNum": 45110,
                    "ObjectType": 0,
                    "XPos": -278,
                    "YPos": -128,
                    "ZPos": 314,
                    "XScale": 1.288195,
                    "YScale": 7.177276,
                    "ZScale": 1.0951,
                    "XRotation": 0,
                    "YRotation": -1024,
                    "ZRotation": -512
                },
                {
                    "ModelId": "4304",
                    "ModelIdNum": 4304,
                    "ObjectType": 13,
                    "XPos": -170,
                    "YPos": 1,
                    "ZPos": -2,
                    "XRotation": 0,
                    "YRotation": -1536,
                    "ZRotation": 0
                },
                {
                    "ModelId": "4304",
                    "ModelIdNum": 4304,
                    "ObjectType": 13,
                    "XPos": -170,
                    "YPos": 1,
                    "ZPos": 130,
                    "XRotation": 0,
                    "YRotation": -1536,
                    "ZRotation": 0
                },
                {
                    "ModelId": "45110",
                    "ModelIdNum": 45110,
                    "ObjectType": 0,
                    "XPos": 146,
                    "YPos": -128,
                    "ZPos": 194,
                    "XScale": 1.1722,
                    "YScale": 1.65236,
                    "ZScale": 1.090944,
                    "XRotation": 0,
                    "YRotation": -512,
                    "ZRotation": -512
                },
                {
                    "ModelId": "3304",
                    "ModelIdNum": 3304,
                    "ObjectType": 13,
                    "XPos": -168,
                    "YPos": -62,
                    "ZPos": -184,
                    "XRotation": 0,
                    "YRotation": -512,
                    "ZRotation": 0
                },
                {
                    "ModelId": "4304",
                    "ModelIdNum": 4304,
                    "ObjectType": 13,
                    "XPos": -40,
                    "YPos": 2,
                    "ZPos": -252,
                    "XRotation": 0,
                    "YRotation": 0,
                    "ZRotation": 0
                },
                {
                    "ModelId": "4304",
                    "ModelIdNum": 4304,
                    "ObjectType": 13,
                    "XPos": -172,
                    "YPos": 2,
                    "ZPos": -128,
                    "XScale": 1.0549,
                    "XRotation": 0,
                    "YRotation": -1024,
                    "ZRotation": 0
                },
                {
                    "ModelId": "4304",
                    "ModelIdNum": 4304,
                    "ObjectType": 13,
                    "XPos": -50,
                    "YPos": 2,
                    "ZPos": -126,
                    "XScale": 1.0549,
                    "XRotation": 0,
                    "YRotation": -1024,
                    "ZRotation": 0
                },
                {
                    "ModelId": "3305",
                    "ModelIdNum": 3305,
                    "ObjectType": 13,
                    "XPos": 272,
                    "YPos": -63,
                    "ZPos": -188,
                    "XRotation": 0,
                    "YRotation": 0,
                    "ZRotation": 0
                },
                {
                    "ModelId": "45110",
                    "ModelIdNum": 45110,
                    "ObjectType": 0,
                    "XPos": 92,
                    "YPos": 8,
                    "ZPos": 188,
                    "XScale": 1.529731,
                    "YScale": 1.630723,
                    "ZScale": 1.402412,
                    "XRotation": 0,
                    "YRotation": -1024,
                    "ZRotation": 0
                },
                {
                    "ModelId": "3304",
                    "ModelIdNum": 3304,
                    "ObjectType": 13,
                    "XPos": -204,
                    "YPos": -192,
                    "ZPos": -168,
                    "ZScale": 1.1499,
                    "XRotation": 0,
                    "YRotation": -511,
                    "ZRotation": 0
                },
                {
                    "ModelId": "4304",
                    "ModelIdNum": 4304,
                    "ObjectType": 13,
                    "XPos": -200,
                    "YPos": -128,
                    "ZPos": -112,
                    "XScale": 1.0549,
                    "XRotation": 0,
                    "YRotation": -1024,
                    "ZRotation": 0
                },
                {
                    "ModelId": "4304",
                    "ModelIdNum": 4304,
                    "ObjectType": 13,
                    "XPos": 66,
                    "YPos": -128,
                    "ZPos": -112,
                    "XScale": 1.0549,
                    "XRotation": 0,
                    "YRotation": -1024,
                    "ZRotation": 0
                },
                {
                    "ModelId": "3305",
                    "ModelIdNum": 3305,
                    "ObjectType": 13,
                    "XPos": 256,
                    "YPos": -192,
                    "ZPos": -168,
                    "XRotation": 0,
                    "YRotation": -512,
                    "ZRotation": 0
                },
                {
                    "ModelId": "3305",
                    "ModelIdNum": 3305,
                    "ObjectType": 13,
                    "XPos": 258,
                    "YPos": -192,
                    "ZPos": -178,
                    "XRotation": 0,
                    "YRotation": -1536,
                    "ZRotation": 0
                },
                {
                    "ModelId": "4304",
                    "ModelIdNum": 4304,
                    "ObjectType": 13,
                    "XPos": 206,
                    "YPos": -128,
                    "ZPos": -234,
                    "XScale": 1.0549,
                    "XRotation": 0,
                    "YRotation": 0,
                    "ZRotation": 0
                },
                {
                    "ModelId": "4304",
                    "ModelIdNum": 4304,
                    "ObjectType": 13,
                    "XPos": -66,
                    "YPos": -128,
                    "ZPos": -236,
                    "XScale": 1.0549,
                    "XRotation": 0,
                    "YRotation": 0,
                    "ZRotation": 0
                },
                {
                    "ModelId": "3305",
                    "ModelIdNum": 3305,
                    "ObjectType": 13,
                    "XPos": -256,
                    "YPos": -192,
                    "ZPos": -178,
                    "XRotation": 0,
                    "YRotation": -1536,
                    "ZRotation": 0
                },
                {
                    "ModelId": "1007",
                    "ModelIdNum": 1007,
                    "ObjectType": 13,
                    "XPos": -112,
                    "YPos": -258,
                    "ZPos": -188,
                    "XScale": 0.80948,
                    "XRotation": 0,
                    "YRotation": 0,
                    "ZRotation": 0
                },
                {
                    "ModelId": "45110",
                    "ModelIdNum": 45110,
                    "ObjectType": 0,
                    "XPos": 18,
                    "YPos": -254,
                    "ZPos": 58,
                    "XScale": 0.5031288,
                    "YScale": 1.040576,
                    "ZScale": 0.5509762,
                    "XRotation": 0,
                    "YRotation": -1536,
                    "ZRotation": -512
                },
                {
                    "ModelId": "2007",
                    "ModelIdNum": 2007,
                    "ObjectType": 13,
                    "XPos": -130,
                    "YPos": -254,
                    "ZPos": 190,
                    "XRotation": 0,
                    "YRotation": 0,
                    "ZRotation": 0
                },
                {
                    "ModelId": "2007",
                    "ModelIdNum": 2007,
                    "ObjectType": 13,
                    "XPos": -130,
                    "YPos": -256,
                    "ZPos": -188,
                    "XRotation": 0,
                    "YRotation": 0,
                    "ZRotation": 0
                },
                {
                    "ModelId": "4300",
                    "ModelIdNum": 4300,
                    "ObjectType": 13,
                    "XPos": 130,
                    "YPos": -62,
                    "ZPos": -188,
                    "XRotation": 0,
                    "YRotation": -1536,
                    "ZRotation": 0
                },
                {
                    "ModelId": "45110",
                    "ModelIdNum": 45110,
                    "ObjectType": 0,
                    "XPos": 150,
                    "YPos": 12,
                    "ZPos": 312,
                    "XScale": 1.529731,
                    "YScale": 3.270903,
                    "ZScale": 1.300431,
                    "XRotation": 0,
                    "YRotation": -1024,
                    "ZRotation": 0
                },
                {
                    "ModelId": "2000",
                    "ModelIdNum": 2000,
                    "ObjectType": 13,
                    "XPos": -170,
                    "YPos": -254,
                    "ZPos": 0,
                    "XRotation": 0,
                    "YRotation": 0,
                    "ZRotation": 0
                },
                {
                    "ModelId": "1000",
                    "ModelIdNum": 1000,
                    "ObjectType": 13,
                    "XPos": -156,
                    "YPos": -254,
                    "ZPos": 10,
                    "XScale": 0.80948,
                    "XRotation": 0,
                    "YRotation": 0,
                    "ZRotation": 0
                },
                {
                    "ModelId": "1700",
                    "ModelIdNum": 1700,
                    "ObjectType": 13,
                    "XPos": -48,
                    "YPos": -128,
                    "ZPos": 10,
                    "XScale": 0.8,
                    "ZScale": 0.8,
                    "XRotation": 0,
                    "YRotation": -1536,
                    "ZRotation": 0
                },
                {
                    "ModelId": "2000",
                    "ModelIdNum": 2000,
                    "ObjectType": 13,
                    "XPos": 242,
                    "YPos": -220,
                    "ZPos": 250,
                    "XRotation": 0,
                    "YRotation": 0,
                    "ZRotation": 0
                },
                {
                    "ModelId": "2000",
                    "ModelIdNum": 2000,
                    "ObjectType": 13,
                    "XPos": 260,
                    "YPos": -232,
                    "ZPos": 188,
                    "XRotation": -1792,
                    "YRotation": -1536,
                    "ZRotation": -510
                },
                {
                    "ModelId": "45110",
                    "ModelIdNum": 45110,
                    "ObjectType": 0,
                    "XPos": 92,
                    "YPos": -84,
                    "ZPos": 188,
                    "XScale": 1.337582,
                    "YScale": 0.7274976,
                    "ZScale": 0.8111514,
                    "XRotation": -256,
                    "YRotation": -1024,
                    "ZRotation": 0
                },
                {
                    "ModelId": "45110",
                    "ModelIdNum": 45110,
                    "ObjectType": 0,
                    "XPos": 92,
                    "YPos": -84,
                    "ZPos": 188,
                    "XScale": 1.254157,
                    "YScale": 0.7274975,
                    "ZScale": 0.811151,
                    "XRotation": -256,
                    "YRotation": -512,
                    "ZRotation": 0
                },
                {
                    "ModelId": "45110",
                    "ModelIdNum": 45110,
                    "ObjectType": 0,
                    "XPos": -106,
                    "YPos": 8,
                    "ZPos": 188,
                    "XScale": 1.529731,
                    "YScale": 1.630723,
                    "ZScale": 1.402412,
                    "XRotation": 0,
                    "YRotation": -1024,
                    "ZRotation": 0
                },
                {
                    "ModelId": "45110",
                    "ModelIdNum": 45110,
                    "ObjectType": 0,
                    "XPos": -106,
                    "YPos": -84,
                    "ZPos": 188,
                    "XScale": 1.337582,
                    "YScale": 0.7274976,
                    "ZScale": 0.8111514,
                    "XRotation": -256,
                    "YRotation": -1024,
                    "ZRotation": 0
                },
                {
                    "ModelId": "45110",
                    "ModelIdNum": 45110,
                    "ObjectType": 0,
                    "XPos": -106,
                    "YPos": -84,
                    "ZPos": 188,
                    "XScale": 1.337582,
                    "YScale": 0.7274976,
                    "ZScale": 0.8111514,
                    "XRotation": -256,
                    "YRotation": 0,
                    "ZRotation": 0
                },
                {
                    "ModelId": "45110",
                    "ModelIdNum": 45110,
                    "ObjectType": 0,
                    "XPos": 276,
                    "YPos": -126,
                    "ZPos": 190,
                    "XScale": 1.254157,
                    "YScale": 1.565308,
                    "ZScale": 0.8111514,
                    "XRotation": -1792,
                    "YRotation": -512,
                    "ZRotation": 0
                },
                {
                    "ModelId": "6300",
                    "ModelIdNum": 6300,
                    "ObjectType": 13,
                    "XPos": 272,
                    "YPos": -184,
                    "ZPos": 252,
                    "YScale": 1.202837,
                    "XRotation": -1536,
                    "YRotation": -512,
                    "ZRotation": 0
                },
                {
                    "ModelId": "3304",
                    "ModelIdNum": 3304,
                    "ObjectType": 13,
                    "XPos": 270,
                    "YPos": -63,
                    "ZPos": -310,
                    "XRotation": 0,
                    "YRotation": -512,
                    "ZRotation": 0
                },
                {
                    "ModelId": "4304",
                    "ModelIdNum": 4304,
                    "ObjectType": 13,
                    "XPos": 140,
                    "YPos": 0,
                    "ZPos": -252,
                    "XScale": 1.0549,
                    "ZScale": 1.0125,
                    "XRotation": 0,
                    "YRotation": -1024,
                    "ZRotation": 0
                },
                {
                    "ModelId": "3304",
                    "ModelIdNum": 3304,
                    "ObjectType": 13,
                    "XPos": -220,
                    "YPos": -62,
                    "ZPos": -254,
                    "XRotation": 0,
                    "YRotation": -1024,
                    "ZRotation": 0
                },
                {
                    "ModelId": "3304",
                    "ModelIdNum": 3304,
                    "ObjectType": 13,
                    "XPos": -166,
                    "YPos": -63,
                    "ZPos": -312,
                    "XRotation": 0,
                    "YRotation": -512,
                    "ZRotation": 0
                },
                {
                    "ModelId": "4304",
                    "ModelIdNum": 4304,
                    "ObjectType": 13,
                    "XPos": -238,
                    "YPos": 0,
                    "ZPos": -254,
                    "XScale": 1.0549,
                    "ZScale": 1.0125,
                    "XRotation": 0,
                    "YRotation": -1024,
                    "ZRotation": 0
                },
                {
                    "ModelId": "4304",
                    "ModelIdNum": 4304,
                    "ObjectType": 13,
                    "XPos": 90,
                    "YPos": 0,
                    "ZPos": 124,
                    "XRotation": 0,
                    "YRotation": -1024,
                    "ZRotation": 0
                },
                {
                    "ModelId": "4304",
                    "ModelIdNum": 4304,
                    "ObjectType": 13,
                    "XPos": 94,
                    "YPos": 0,
                    "ZPos": -4,
                    "XRotation": 0,
                    "YRotation": -512,
                    "ZRotation": 0
                },
                {
                    "ModelId": "45110",
                    "ModelIdNum": 45110,
                    "ObjectType": 0,
                    "XPos": 274,
                    "YPos": 4,
                    "ZPos": 186,
                    "XScale": 1.33326,
                    "YScale": 1.449574,
                    "ZScale": 1.090944,
                    "XRotation": 0,
                    "YRotation": 0,
                    "ZRotation": -512
                },
                {
                    "ModelId": "45110",
                    "ModelIdNum": 45110,
                    "ObjectType": 0,
                    "XPos": 156,
                    "YPos": 4,
                    "ZPos": 314,
                    "XScale": 1.33326,
                    "YScale": 1.459455,
                    "ZScale": 1.090944,
                    "XRotation": 0,
                    "YRotation": -1536,
                    "ZRotation": -512
                },
                {
                    "ModelId": "3304",
                    "ModelIdNum": 3304,
                    "ObjectType": 13,
                    "XPos": 136,
                    "YPos": -64,
                    "ZPos": -64,
                    "ZScale": 0.8994122,
                    "XRotation": 0,
                    "YRotation": -1536,
                    "ZRotation": 0
                },
                {
                    "ModelId": "62318",
                    "ModelIdNum": 62318,
                    "ObjectType": 0,
                    "XPos": 2,
                    "YPos": -184,
                    "ZPos": 266,
                    "XScale": 1.634128,
                    "YScale": 1.634128,
                    "ZScale": 1.634128,
                    "XRotation": 0,
                    "YRotation": -511,
                    "ZRotation": 0
                },
                {
                    "ModelId": "45081",
                    "ModelIdNum": 45081,
                    "ObjectType": 0,
                    "XPos": -148,
                    "YPos": -55,
                    "ZPos": 292,
                    "XScale": 0.5,
                    "YScale": 0.8108,
                    "ZScale": 0.76571,
                    "XRotation": 0,
                    "YRotation": -1809,
                    "ZRotation": -512
                },
                {
                    "ModelId": "41117",
                    "ModelIdNum": 41117,
                    "ObjectType": 3,
                    "XPos": -182,
                    "YPos": 8,
                    "ZPos": 278,
                    "ZScale": 0.9547392,
                    "XRotation": 0,
                    "YRotation": -785,
                    "ZRotation": 0
                },
                {
                    "ModelId": "45076",
                    "ModelIdNum": 45076,
                    "ObjectType": 0,
                    "XPos": -188,
                    "YPos": -14,
                    "ZPos": 286,
                    "ZScale": 0.8000002,
                    "XRotation": 0,
                    "YRotation": -1820,
                    "ZRotation": 0
                },
                {
                    "ModelId": "45081",
                    "ModelIdNum": 45081,
                    "ObjectType": 0,
                    "XPos": -138,
                    "YPos": -60,
                    "ZPos": 296,
                    "YScale": 1.043905,
                    "ZScale": 0.76571,
                    "XRotation": 0,
                    "YRotation": -1820,
                    "ZRotation": -512
                },
                {
                    "ModelId": "45129",
                    "ModelIdNum": 45129,
                    "ObjectType": 0,
                    "XPos": -112,
                    "YPos": -3,
                    "ZPos": 324,
                    "XScale": 1.2,
                    "YScale": 2.050196,
                    "ZScale": 2.502094,
                    "XRotation": 0,
                    "YRotation": -1809,
                    "ZRotation": -512
                },
                {
                    "ModelId": "4300",
                    "ModelIdNum": 4300,
                    "ObjectType": 13,
                    "XPos": 156,
                    "YPos": -64,
                    "ZPos": -64,
                    "XScale": 0.83406,
                    "XRotation": 0,
                    "YRotation": -511,
                    "ZRotation": 0
                },
                {
                    "ModelId": "41105",
                    "ModelIdNum": 41105,
                    "ObjectType": 0,
                    "XPos": -212,
                    "YPos": -16,
                    "ZPos": -118,
                    "XRotation": 0,
                    "YRotation": -512,
                    "ZRotation": 0
                },
                {
                    "ModelId": "41001",
                    "ModelIdNum": 41001,
                    "ObjectType": 0,
                    "XPos": 186,
                    "YPos": -140,
                    "ZPos": -222,
                    "XRotation": 0,
                    "YRotation": -1536,
                    "ZRotation": 0
                },
                {
                    "ModelId": "41018",
                    "ModelIdNum": 41018,
                    "ObjectType": 3,
                    "XPos": -14,
                    "YPos": 132,
                    "ZPos": -228,
                    "XRotation": 0,
                    "YRotation": -1536,
                    "ZRotation": 0
                },
                {
                    "ModelId": "51109",
                    "ModelIdNum": 51109,
                    "ObjectType": 0,
                    "XPos": -180,
                    "YPos": -145,
                    "ZPos": -246,
                    "XRotation": 0,
                    "YRotation": -512,
                    "ZRotation": 0
                },
                {
                    "ModelId": "74807",
                    "ModelIdNum": 74807,
                    "ObjectType": 0,
                    "XPos": -108,
                    "YPos": -128,
                    "ZPos": -246,
                    "XScale": 0.8,
                    "YScale": 0.8,
                    "XRotation": -1536,
                    "YRotation": 0,
                    "ZRotation": 0
                },
                {
                    "ModelId": "41110",
                    "ModelIdNum": 41110,
                    "ObjectType": 0,
                    "XPos": -26,
                    "YPos": -142,
                    "ZPos": -280,
                    "XScale": 0.3940168,
                    "YScale": 0.5802379,
                    "ZScale": 0.7983564,
                    "XRotation": 0,
                    "YRotation": -511,
                    "ZRotation": 0
                },
                {
                    "ModelId": "41811",
                    "ModelIdNum": 41811,
                    "ObjectType": 3,
                    "XPos": 186,
                    "YPos": 130,
                    "ZPos": -290,
                    "XRotation": 0,
                    "YRotation": 0,
                    "ZRotation": 0
                },
                {
                    "ModelId": "41007",
                    "ModelIdNum": 41007,
                    "ObjectType": 0,
                    "XPos": 12,
                    "YPos": -190,
                    "ZPos": -278,
                    "XRotation": 0,
                    "YRotation": -512,
                    "ZRotation": 0
                },
                {
                    "ModelId": "41037",
                    "ModelIdNum": 41037,
                    "ObjectType": 0,
                    "XPos": 16,
                    "YPos": -166,
                    "ZPos": -228,
                    "XRotation": 0,
                    "YRotation": -512,
                    "ZRotation": 0
                },
                {
                    "ModelId": "41029",
                    "ModelIdNum": 41029,
                    "ObjectType": 3,
                    "XPos": 214,
                    "YPos": 1,
                    "ZPos": 14,
                    "XRotation": 0,
                    "YRotation": 0,
                    "ZRotation": 0
                },
                {
                    "ModelId": "41108",
                    "ModelIdNum": 41108,
                    "ObjectType": 0,
                    "XPos": -200,
                    "YPos": -18,
                    "ZPos": 170,
                    "XScale": 1.2236,
                    "XRotation": 0,
                    "YRotation": -1536,
                    "ZRotation": 0
                },
                {
                    "ModelId": "45105",
                    "ModelIdNum": 45105,
                    "ObjectType": 0,
                    "XPos": 30,
                    "YPos": -8,
                    "ZPos": 284,
                    "XScale": 1.507959,
                    "YScale": 0.5391864,
                    "ZScale": 1.090483,
                    "XRotation": 0,
                    "YRotation": -1024,
                    "ZRotation": 0
                },
                {
                    "ModelId": "69421",
                    "ModelIdNum": 69421,
                    "ObjectType": 0,
                    "XPos": 268,
                    "YPos": -68,
                    "ZPos": 125,
                    "XRotation": -1536,
                    "YRotation": 0,
                    "ZRotation": 0
                },
                {
                    "ModelId": "41105",
                    "ModelIdNum": 41105,
                    "ObjectType": 0,
                    "XPos": 128,
                    "YPos": -16,
                    "ZPos": 2,
                    "XRotation": 0,
                    "YRotation": -512,
                    "ZRotation": 0
                },
                {
                    "ModelId": "41110",
                    "ModelIdNum": 41110,
                    "ObjectType": 0,
                    "XPos": -198,
                    "YPos": -148,
                    "ZPos": 262,
                    "XScale": 0.6337302,
                    "YScale": 0.87445,
                    "XRotation": 0,
                    "YRotation": -1587,
                    "ZRotation": 0
                },
                {
                    "ModelId": "41113",
                    "ModelIdNum": 41113,
                    "ObjectType": 0,
                    "XPos": 234,
                    "YPos": -11,
                    "ZPos": -264,
                    "XRotation": 0,
                    "YRotation": -242,
                    "ZRotation": 0
                },
                {
                    "ModelId": "41409",
                    "ModelIdNum": 41409,
                    "ObjectType": 3,
                    "XPos": -94,
                    "YPos": 5,
                    "ZPos": 220,
                    "YScale": 1.1,
                    "XRotation": 0,
                    "YRotation": -511,
                    "ZRotation": 0
                },
                {
                    "ModelId": "41051",
                    "ModelIdNum": 41051,
                    "ObjectType": 0,
                    "XPos": -4,
                    "YPos": -36,
                    "ZPos": 74,
                    "XRotation": 0,
                    "YRotation": 0,
                    "ZRotation": 0
                },
                {
                    "ModelId": "41100",
                    "ModelIdNum": 41100,
                    "ObjectType": 0,
                    "XPos": -150,
                    "YPos": -145,
                    "ZPos": 284,
                    "XRotation": 0,
                    "YRotation": -1143,
                    "ZRotation": 0
                },
                {
                    "ModelId": "41101",
                    "ModelIdNum": 41101,
                    "ObjectType": 0,
                    "XPos": -194,
                    "YPos": -145,
                    "ZPos": 200,
                    "XRotation": 0,
                    "YRotation": -1922,
                    "ZRotation": 0
                },
                {
                    "ModelId": "41001",
                    "ModelIdNum": 41001,
                    "ObjectType": 0,
                    "XPos": -48,
                    "YPos": -268,
                    "ZPos": -250,
                    "XRotation": 0,
                    "YRotation": -512,
                    "ZRotation": 0
                },
                {
                    "ModelId": "41102",
                    "ModelIdNum": 41102,
                    "ObjectType": 3,
                    "XPos": 46,
                    "YPos": 259,
                    "ZPos": -268,
                    "XRotation": 0,
                    "YRotation": -1223,
                    "ZRotation": 0
                },
                {
                    "ModelId": "41050",
                    "ModelIdNum": 41050,
                    "ObjectType": 3,
                    "XPos": 50,
                    "YPos": 258,
                    "ZPos": -216,
                    "XRotation": 0,
                    "YRotation": -1024,
                    "ZRotation": 0
                },
                {
                    "ModelId": "41045",
                    "ModelIdNum": 41045,
                    "ObjectType": 0,
                    "XPos": -50,
                    "YPos": -296,
                    "ZPos": 248,
                    "XRotation": 0,
                    "YRotation": -512,
                    "ZRotation": 0
                },
                {
                    "ModelId": "41831",
                    "ModelIdNum": 41831,
                    "ObjectType": 3,
                    "XPos": -82,
                    "YPos": 258,
                    "ZPos": 160,
                    "XRotation": 0,
                    "YRotation": -1450,
                    "ZRotation": 0
                },
                {
                    "ModelId": "41816",
                    "ModelIdNum": 41816,
                    "ObjectType": 3,
                    "XPos": -44,
                    "YPos": 258,
                    "ZPos": 118,
                    "XRotation": 0,
                    "YRotation": -1292,
                    "ZRotation": 0
                },
                {
                    "ModelId": "41811",
                    "ModelIdNum": 41811,
                    "ObjectType": 3,
                    "XPos": 48,
                    "YPos": 258,
                    "ZPos": 242,
                    "XRotation": 0,
                    "YRotation": -512,
                    "ZRotation": 0
                },
                {
                    "ModelId": "41204",
                    "ModelIdNum": 41204,
                    "ObjectType": 0,
                    "XPos": 98,
                    "YPos": -142,
                    "ZPos": -18,
                    "YScale": 0.5285744,
                    "XRotation": 0,
                    "YRotation": 0,
                    "ZRotation": 0
                },
                {
                    "ModelId": "41204",
                    "ModelIdNum": 41204,
                    "ObjectType": 0,
                    "XPos": 94,
                    "YPos": -142,
                    "ZPos": 154,
                    "YScale": 0.52,
                    "XRotation": 0,
                    "YRotation": -1024,
                    "ZRotation": 0
                },
                {
                    "ModelId": "41203",
                    "ModelIdNum": 41203,
                    "ObjectType": 0,
                    "XPos": 128,
                    "YPos": -142,
                    "ZPos": 194,
                    "YScale": 0.52,
                    "ZScale": 0.4926725,
                    "XRotation": 0,
                    "YRotation": -1536,
                    "ZRotation": 0
                },
                {
                    "ModelId": "6300",
                    "ModelIdNum": 6300,
                    "ObjectType": 13,
                    "XPos": -8,
                    "YPos": -382,
                    "ZPos": -256,
                    "XRotation": 0,
                    "YRotation": -512,
                    "ZRotation": 0
                },
                {
                    "ModelId": "6300",
                    "ModelIdNum": 6300,
                    "ObjectType": 13,
                    "XPos": -8,
                    "YPos": -382,
                    "ZPos": 378,
                    "XRotation": 0,
                    "YRotation": -512,
                    "ZRotation": 0
                },
                {
                    "ModelId": "6300",
                    "ModelIdNum": 6300,
                    "ObjectType": 13,
                    "XPos": -40,
                    "YPos": -254,
                    "ZPos": 2,
                    "YScale": 1.092962,
                    "ZScale": 1.0462,
                    "XRotation": 0,
                    "YRotation": -511,
                    "ZRotation": 0
                },
                {
                    "ModelId": "41207",
                    "ModelIdNum": 41207,
                    "ObjectType": 0,
                    "XPos": 146,
                    "YPos": -148,
                    "ZPos": 256,
                    "XScale": 0.5914478,
                    "YScale": 0.456,
                    "ZScale": 0.684,
                    "XRotation": 0,
                    "YRotation": -1038,
                    "ZRotation": 0
                },
                {
                    "ModelId": "41204",
                    "ModelIdNum": 41204,
                    "ObjectType": 0,
                    "XPos": 24,
                    "YPos": -142,
                    "ZPos": -64,
                    "YScale": 0.5285744,
                    "ZScale": 0.8111153,
                    "XRotation": 0,
                    "YRotation": -511,
                    "ZRotation": 0
                },
                {
                    "ModelId": "41206",
                    "ModelIdNum": 41206,
                    "ObjectType": 0,
                    "XPos": -100,
                    "YPos": -156,
                    "ZPos": 128,
                    "XScale": 0.87558,
                    "YScale": 0.735,
                    "XRotation": 0,
                    "YRotation": -1024,
                    "ZRotation": 0
                },
                {
                    "ModelId": "41036",
                    "ModelIdNum": 41036,
                    "ObjectType": 0,
                    "XPos": 232,
                    "YPos": -36,
                    "ZPos": -302,
                    "XRotation": 0,
                    "YRotation": 0,
                    "ZRotation": 0
                },
                {
                    "ModelId": "41050",
                    "ModelIdNum": 41050,
                    "ObjectType": 0,
                    "XPos": 52,
                    "YPos": -13,
                    "ZPos": -286,
                    "ZScale": 1.5,
                    "XRotation": 0,
                    "YRotation": -511,
                    "ZRotation": 0
                },
                {
                    "ModelId": "42080",
                    "ModelIdNum": 42080,
                    "ObjectType": 0,
                    "XPos": -148,
                    "YPos": -42,
                    "ZPos": -276,
                    "XRotation": 0,
                    "YRotation": 0,
                    "ZRotation": 0
                },
                {
                    "ModelId": "42075",
                    "ModelIdNum": 42075,
                    "ObjectType": 0,
                    "XPos": 70,
                    "YPos": -11,
                    "ZPos": -234,
                    "XRotation": 0,
                    "YRotation": 0,
                    "ZRotation": 0
                },
                {
                    "ModelId": "41011",
                    "ModelIdNum": 41011,
                    "ObjectType": 0,
                    "XPos": 214,
                    "YPos": -35,
                    "ZPos": -38,
                    "XRotation": 0,
                    "YRotation": 0,
                    "ZRotation": 0
                },
                {
                    "ModelId": "69465",
                    "ModelIdNum": 69465,
                    "ObjectType": 0,
                    "XPos": -178,
                    "YPos": 1,
                    "ZPos": 274,
                    "XScale": 0.25,
                    "YScale": 0.6,
                    "ZScale": 0.9,
                    "XRotation": 0,
                    "YRotation": -273,
                    "ZRotation": 0
                },
                {
                    "ModelId": "41020",
                    "ModelIdNum": 41020,
                    "ObjectType": 3,
                    "XPos": 246,
                    "YPos": 1,
                    "ZPos": -176,
                    "XRotation": 0,
                    "YRotation": -500,
                    "ZRotation": 0
                },
                {
                    "ModelId": "69461",
                    "ModelIdNum": 69461,
                    "ObjectType": 0,
                    "XPos": -38,
                    "YPos": -68,
                    "ZPos": -64,
                    "XRotation": 0,
                    "YRotation": -1024,
                    "ZRotation": 0
                }
            ],
            "BlockFlatObjectRecords": [
                {
                    "Position": 0,
                    "XPos": 22,
                    "YPos": -80,
                    "ZPos": -126,
                    "TextureArchive": 210,
                    "TextureRecord": 13,
                    "FactionID": -32752,
                    "Flags": 17
                },
                {
                    "Position": 0,
                    "XPos": 167,
                    "YPos": -78,
                    "ZPos": -176,
                    "TextureArchive": 210,
                    "TextureRecord": 13,
                    "FactionID": -32752,
                    "Flags": 17
                },
                {
                    "Position": 0,
                    "XPos": -105,
                    "YPos": -80,
                    "ZPos": -236,
                    "TextureArchive": 210,
                    "TextureRecord": 13,
                    "FactionID": 28680,
                    "Flags": 17
                },
                {
                    "Position": 0,
                    "XPos": 207,
                    "YPos": 0,
                    "ZPos": 112,
                    "TextureArchive": 199,
                    "TextureRecord": 20,
                    "FactionID": 0,
                    "Flags": 17
                },
                {
                    "Position": 0,
                    "XPos": -162,
                    "YPos": 0,
                    "ZPos": 230,
                    "TextureArchive": 199,
                    "TextureRecord": 20,
                    "FactionID": 0,
                    "Flags": 17
                },
                {
                    "Position": 0,
                    "XPos": -21,
                    "YPos": 0,
                    "ZPos": -278,
                    "TextureArchive": 199,
                    "TextureRecord": 20,
                    "FactionID": 0,
                    "Flags": 17
                },
                {
                    "Position": 0,
                    "XPos": 218,
                    "YPos": 0,
                    "ZPos": -130,
                    "TextureArchive": 199,
                    "TextureRecord": 20,
                    "FactionID": 0,
                    "Flags": 17
                },
                {
                    "Position": 0,
                    "XPos": -156,
                    "YPos": 0,
                    "ZPos": 96,
                    "TextureArchive": 199,
                    "TextureRecord": 8,
                    "FactionID": 0,
                    "Flags": 0
                },
                {
                    "Position": 0,
                    "XPos": 60,
                    "YPos": -259,
                    "ZPos": 138,
                    "TextureArchive": 199,
                    "TextureRecord": 18,
                    "FactionID": 0,
                    "Flags": 0
                },
                {
                    "Position": 0,
                    "XPos": 3,
                    "YPos": -123,
                    "ZPos": 198,
                    "TextureArchive": 210,
                    "TextureRecord": 9,
                    "FactionID": 0,
                    "Flags": 0
                },
                {
                    "Position": 0,
                    "XPos": -102,
                    "YPos": -210,
                    "ZPos": -250,
                    "TextureArchive": 210,
                    "TextureRecord": 13,
                    "FactionID": -32752,
                    "Flags": 17
                },
                {
                    "Position": 0,
                    "XPos": 110,
                    "YPos": -210,
                    "ZPos": -250,
                    "TextureArchive": 210,
                    "TextureRecord": 13,
                    "FactionID": -32752,
                    "Flags": 17
                },
                {
                    "Position": 0,
                    "XPos": 2,
                    "YPos": -195,
                    "ZPos": -80,
                    "TextureArchive": 210,
                    "TextureRecord": 27,
                    "FactionID": 0,
                    "Flags": 0
                },
                {
                    "Position": 0,
                    "XPos": -26,
                    "YPos": -150,
                    "ZPos": -280,
                    "TextureArchive": 209,
                    "TextureRecord": 1,
                    "FactionID": 0,
                    "Flags": 0
                },
                {
                    "Position": 0,
                    "XPos": -142,
                    "YPos": -74,
                    "ZPos": -126,
                    "TextureArchive": 213,
                    "TextureRecord": 14,
                    "FactionID": 0,
                    "Flags": 0
                },
                {
                    "Position": 0,
                    "XPos": 38,
                    "YPos": -36,
                    "ZPos": 276,
                    "TextureArchive": 10021,
                    "TextureRecord": 11,
                    "FactionID": 0,
                    "Flags": 0
                },
                {
                    "Position": 0,
                    "XPos": 82,
                    "YPos": -38,
                    "ZPos": 256,
                    "TextureArchive": 10021,
                    "TextureRecord": 0,
                    "FactionID": 0,
                    "Flags": 0
                },
                {
                    "Position": 0,
                    "XPos": 86,
                    "YPos": -36,
                    "ZPos": 286,
                    "TextureArchive": 10021,
                    "TextureRecord": 3,
                    "FactionID": 0,
                    "Flags": 0
                },
                {
                    "Position": 0,
                    "XPos": -20,
                    "YPos": -37,
                    "ZPos": 292,
                    "TextureArchive": 10021,
                    "TextureRecord": 1,
                    "FactionID": 0,
                    "Flags": 0
                },
                {
                    "Position": 0,
                    "XPos": -14,
                    "YPos": -34,
                    "ZPos": 262,
                    "TextureArchive": 10021,
                    "TextureRecord": 14,
                    "FactionID": 0,
                    "Flags": 0
                },
                {
                    "Position": 0,
                    "XPos": -196,
                    "YPos": -32,
                    "ZPos": 196,
                    "TextureArchive": 10021,
                    "TextureRecord": 6,
                    "FactionID": 0,
                    "Flags": 0
                },
                {
                    "Position": 0,
                    "XPos": -214,
                    "YPos": -31,
                    "ZPos": 176,
                    "TextureArchive": 10021,
                    "TextureRecord": 7,
                    "FactionID": 0,
                    "Flags": 0
                },
                {
                    "Position": 0,
                    "XPos": -196,
                    "YPos": -31,
                    "ZPos": 158,
                    "TextureArchive": 10021,
                    "TextureRecord": 16,
                    "FactionID": 0,
                    "Flags": 0
                },
                {
                    "Position": 0,
                    "XPos": -214,
                    "YPos": -32,
                    "ZPos": 136,
                    "TextureArchive": 10021,
                    "TextureRecord": 17,
                    "FactionID": 0,
                    "Flags": 0
                },
                {
                    "Position": 0,
                    "XPos": -126,
                    "YPos": -84,
                    "ZPos": 232,
                    "TextureArchive": 56790,
                    "TextureRecord": 12,
                    "FactionID": 0,
                    "Flags": 0
                },
                {
                    "Position": 0,
                    "XPos": -140,
                    "YPos": -87,
                    "ZPos": 200,
                    "TextureArchive": 56790,
                    "TextureRecord": 11,
                    "FactionID": 0,
                    "Flags": 0
                },
                {
                    "Position": 0,
                    "XPos": -154,
                    "YPos": -77,
                    "ZPos": 212,
                    "TextureArchive": 56790,
                    "TextureRecord": 10,
                    "FactionID": 0,
                    "Flags": 0
                },
                {
                    "Position": 0,
                    "XPos": -158,
                    "YPos": -97,
                    "ZPos": 238,
                    "TextureArchive": 56790,
                    "TextureRecord": 8,
                    "FactionID": 0,
                    "Flags": 0
                },
                {
                    "Position": 0,
                    "XPos": -140,
                    "YPos": -77,
                    "ZPos": 250,
                    "TextureArchive": 56790,
                    "TextureRecord": 13,
                    "FactionID": 0,
                    "Flags": 0
                },
                {
                    "Position": 0,
                    "XPos": -184,
                    "YPos": -161,
                    "ZPos": 284,
                    "TextureArchive": 1210,
                    "TextureRecord": 20,
                    "FactionID": 0,
                    "Flags": 0
                },
                {
                    "Position": 0,
                    "XPos": -190,
                    "YPos": -161,
                    "ZPos": 240,
                    "TextureArchive": 56790,
                    "TextureRecord": 3,
                    "FactionID": 0,
                    "Flags": 0
                },
                {
                    "Position": 0,
                    "XPos": -200,
                    "YPos": -161,
                    "ZPos": 270,
                    "TextureArchive": 205,
                    "TextureRecord": 11,
                    "FactionID": 0,
                    "Flags": 0
                },
                {
                    "Position": 0,
                    "XPos": -190,
                    "YPos": -160,
                    "ZPos": 254,
                    "TextureArchive": 210,
                    "TextureRecord": 4,
                    "FactionID": 0,
                    "Flags": 0
                },
                {
                    "Position": 0,
                    "XPos": -62,
                    "YPos": -1,
                    "ZPos": 202,
                    "TextureArchive": 199,
                    "TextureRecord": 21,
                    "FactionID": 0,
                    "Flags": 0
                },
                {
                    "Position": 0,
                    "XPos": -138,
                    "YPos": -131,
                    "ZPos": 224,
                    "TextureArchive": 199,
                    "TextureRecord": 22,
                    "FactionID": 0,
                    "Flags": 0
                },
                {
                    "Position": 0,
                    "XPos": 52,
                    "YPos": -26,
                    "ZPos": -286,
                    "TextureArchive": 56790,
                    "TextureRecord": 23,
                    "FactionID": 0,
                    "Flags": 0
                },
                {
                    "Position": 0,
                    "XPos": 152,
                    "YPos": -78,
                    "ZPos": 132,
                    "TextureArchive": 210,
                    "TextureRecord": 13,
                    "FactionID": 0,
                    "Flags": 0
                },
                {
                    "Position": 0,
                    "XPos": 168,
                    "YPos": -1,
                    "ZPos": -256,
                    "TextureArchive": 199,
                    "TextureRecord": 4,
                    "FactionID": 0,
                    "Flags": 0
                },
                {
                    "Position": 0,
                    "XPos": -102,
                    "YPos": -133,
                    "ZPos": -254,
                    "TextureArchive": 199,
                    "TextureRecord": 11,
                    "FactionID": 0,
                    "Flags": 0
                }
            ],
            "BlockSection3Records": [
                {
                    "XPos": -192,
                    "YPos": 0,
                    "ZPos": 256
                },
                {
                    "XPos": -64,
                    "YPos": 0,
                    "ZPos": 256
                },
                {
                    "XPos": 64,
                    "YPos": 0,
                    "ZPos": 256
                },
                {
                    "XPos": 64,
                    "YPos": 0,
                    "ZPos": 128
                },
                {
                    "XPos": 192,
                    "YPos": 0,
                    "ZPos": 128
                },
                {
                    "XPos": 64,
                    "YPos": 0,
                    "ZPos": 0
                },
                {
                    "XPos": -64,
                    "YPos": 0,
                    "ZPos": 0
                },
                {
                    "XPos": -64,
                    "YPos": 0,
                    "ZPos": 128
                },
                {
                    "XPos": -192,
                    "YPos": 0,
                    "ZPos": 128
                },
                {
                    "XPos": -192,
                    "YPos": 0,
                    "ZPos": -128
                },
                {
                    "XPos": -64,
                    "YPos": 0,
                    "ZPos": -128
                },
                {
                    "XPos": 192,
                    "YPos": 0,
                    "ZPos": 0
                },
                {
                    "XPos": 192,
                    "YPos": 0,
                    "ZPos": -128
                },
                {
                    "XPos": 64,
                    "YPos": 0,
                    "ZPos": -128
                },
                {
                    "XPos": 64,
                    "YPos": 0,
                    "ZPos": -256
                },
                {
                    "XPos": 192,
                    "YPos": 0,
                    "ZPos": -256
                },
                {
                    "XPos": -192,
                    "YPos": 0,
                    "ZPos": -256
                },
                {
                    "XPos": -64,
                    "YPos": 0,
                    "ZPos": -256
                },
                {
                    "XPos": 192,
                    "YPos": -129,
                    "ZPos": 256
                },
                {
                    "XPos": -192,
                    "YPos": -129,
                    "ZPos": 256
                },
                {
                    "XPos": -64,
                    "YPos": -129,
                    "ZPos": 256
                },
                {
                    "XPos": 64,
                    "YPos": -129,
                    "ZPos": 256
                },
                {
                    "XPos": 64,
                    "YPos": -129,
                    "ZPos": 128
                },
                {
                    "XPos": 64,
                    "YPos": -129,
                    "ZPos": 0
                },
                {
                    "XPos": 192,
                    "YPos": -129,
                    "ZPos": 0
                },
                {
                    "XPos": -64,
                    "YPos": -129,
                    "ZPos": 0
                },
                {
                    "XPos": -192,
                    "YPos": -129,
                    "ZPos": 128
                },
                {
                    "XPos": -192,
                    "YPos": -129,
                    "ZPos": 0
                },
                {
                    "XPos": -64,
                    "YPos": -129,
                    "ZPos": -128
                },
                {
                    "XPos": -64,
                    "YPos": -129,
                    "ZPos": -256
                },
                {
                    "XPos": 192,
                    "YPos": -129,
                    "ZPos": -256
                },
                {
                    "XPos": 192,
                    "YPos": -129,
                    "ZPos": -128
                },
                {
                    "XPos": -192,
                    "YPos": -129,
                    "ZPos": -128
                },
                {
                    "XPos": -192,
                    "YPos": -129,
                    "ZPos": -256
                },
                {
                    "XPos": 64,
                    "YPos": -129,
                    "ZPos": -256
                },
                {
                    "XPos": 64,
                    "YPos": -129,
                    "ZPos": -128
                },
                {
                    "XPos": 192,
                    "YPos": -129,
                    "ZPos": 128
                },
                {
                    "XPos": -64,
                    "YPos": -129,
                    "ZPos": 128
                }
            ],
            "BlockPeopleRecords": [
                {
                    "Position": 5834,
                    "XPos": 1,
                    "YPos": -2,
                    "ZPos": 130,
                    "TextureArchive": 184,
                    "TextureRecord": 20,
                    "FactionID": 0,
                    "Flags": 9
                },
                {
                    "Position": 5835,
                    "XPos": 56,
                    "YPos": -2,
                    "ZPos": 162,
                    "TextureArchive": 182,
                    "TextureRecord": 27,
                    "FactionID": 0,
                    "Flags": 0
                },
                {
                    "Position": 5836,
                    "XPos": 128,
                    "YPos": -121,
                    "ZPos": -272,
                    "TextureArchive": 182,
                    "TextureRecord": 4,
                    "FactionID": 0,
                    "Flags": 0
                },
                {
                    "Position": 5837,
                    "XPos": -156,
                    "YPos": -131,
                    "ZPos": -126,
                    "TextureArchive": 182,
                    "TextureRecord": 53,
                    "FactionID": 0,
                    "Flags": 0
                }
            ],
            "BlockDoorRecords": [
                {
                    "Position": 0,
                    "XPos": -18,
                    "YPos": -44,
                    "ZPos": -193,
                    "YRotation": -1024,
                    "OpenRotation": 93,
                    "DoorModelIndex": 0
                },
                {
                    "Position": 1,
                    "XPos": 238,
                    "YPos": -45,
                    "ZPos": 62,
                    "YRotation": -1024,
                    "OpenRotation": 93,
                    "DoorModelIndex": 0
                },
                {
                    "Position": 2,
                    "XPos": 50,
                    "YPos": -174,
                    "ZPos": -168,
                    "YRotation": 0,
                    "OpenRotation": 90,
                    "DoorModelIndex": 0
                },
                {
                    "Position": 3,
                    "XPos": -94,
                    "YPos": -174,
                    "ZPos": -168,
                    "YRotation": 0,
                    "OpenRotation": 90,
                    "DoorModelIndex": 0
                },
                {
                    "Position": 4,
                    "XPos": 104,
                    "YPos": -44,
                    "ZPos": -100,
                    "YRotation": -512,
                    "OpenRotation": 93,
                    "DoorModelIndex": 0
                }
            ]
        }
    },
    "AutoMapData": null
}