{
    "FactionId": 0,
    "BuildingType": 18,
    "Quality": 6,
    "NameSeed": 0,
    "RmbSubRecord": {
        "XPos": 704,
        "ZPos": 896,
        "YRotation": 512,
        "Exterior": {
            "Header": {
                "Num3dObjectRecords": 1,
                "NumFlatObjectRecords": 0,
                "NumSection3Records": 0,
                "NumPeopleRecords": 0,
                "NumDoorRecords": 0
            },
            "Block3dObjectRecords": [
                {
                    "ModelId": "151",
                    "ModelIdNum": 151,
                    "ObjectType": 4,
                    "XPos": 0,
                    "YPos": 0,
                    "ZPos": 0,
                    "XRotation": 0,
                    "YRotation": 0,
                    "ZRotation": 0
                }
            ],
            "BlockFlatObjectRecords": [],
            "BlockSection3Records": [],
            "BlockPeopleRecords": [],
            "BlockDoorRecords": []
        },
        "Interior": {
            "Header": {
                "Num3dObjectRecords": 37,
                "NumFlatObjectRecords": 22,
                "NumSection3Records": 55,
                "NumPeopleRecords": 1,
                "NumDoorRecords": 14
            },
            "Block3dObjectRecords": [
                {
                    "ModelId": "31424",
                    "ModelIdNum": 31424,
                    "ObjectType": 13,
                    "XPos": 0,
                    "YPos": -63,
                    "ZPos": 61,
                    "XRotation": 0,
                    "YRotation": -1536,
                    "ZRotation": 0
                },
                {
                    "ModelId": "31424",
                    "ModelIdNum": 31424,
                    "ObjectType": 13,
                    "XPos": 0,
                    "YPos": -63,
                    "ZPos": -189,
                    "XRotation": 0,
                    "YRotation": -512,
                    "ZRotation": 0
                },
                {
                    "ModelId": "31427",
                    "ModelIdNum": 31427,
                    "ObjectType": 13,
                    "XPos": 128,
                    "YPos": -63,
                    "ZPos": -189,
                    "XRotation": 0,
                    "YRotation": -1536,
                    "ZRotation": 0
                },
                {
                    "ModelId": "31419",
                    "ModelIdNum": 31419,
                    "ObjectType": 13,
                    "XPos": -253,
                    "YPos": -63,
                    "ZPos": -64,
                    "XRotation": 0,
                    "YRotation": -1536,
                    "ZRotation": 0
                },
                {
                    "ModelId": "31425",
                    "ModelIdNum": 31425,
                    "ObjectType": 13,
                    "XPos": -128,
                    "YPos": -63,
                    "ZPos": -64,
                    "XRotation": 0,
                    "YRotation": -1536,
                    "ZRotation": 0
                },
                {
                    "ModelId": "31425",
                    "ModelIdNum": 31425,
                    "ObjectType": 13,
                    "XPos": 0,
                    "YPos": -63,
                    "ZPos": -64,
                    "XRotation": 0,
                    "YRotation": -1536,
                    "ZRotation": 0
                },
                {
                    "ModelId": "31428",
                    "ModelIdNum": 31428,
                    "ObjectType": 13,
                    "XPos": -128,
                    "YPos": -63,
                    "ZPos": 64,
                    "XRotation": 0,
                    "YRotation": -512,
                    "ZRotation": 0
                },
                {
                    "ModelId": "31428",
                    "ModelIdNum": 31428,
                    "ObjectType": 13,
                    "XPos": -128,
                    "YPos": -63,
                    "ZPos": -192,
                    "XRotation": 0,
                    "YRotation": 0,
                    "ZRotation": 0
                },
                {
                    "ModelId": "8400",
                    "ModelIdNum": 8400,
                    "ObjectType": 13,
                    "XPos": -256,
                    "YPos": -63,
                    "ZPos": 317,
                    "XRotation": 0,
                    "YRotation": -1024,
                    "ZRotation": 0
                },
                {
                    "ModelId": "8400",
                    "ModelIdNum": 8400,
                    "ObjectType": 13,
                    "XPos": 252,
                    "YPos": -63,
                    "ZPos": 320,
                    "XRotation": 0,
                    "YRotation": -1536,
                    "ZRotation": 0
                },
                {
                    "ModelId": "31409",
                    "ModelIdNum": 31409,
                    "ObjectType": 13,
                    "XPos": 131,
                    "YPos": -63,
                    "ZPos": 192,
                    "XRotation": 0,
                    "YRotation": -1024,
                    "ZRotation": 0
                },
                {
                    "ModelId": "36400",
                    "ModelIdNum": 36400,
                    "ObjectType": 13,
                    "XPos": 253,
                    "YPos": -64,
                    "ZPos": -317,
                    "XRotation": 0,
                    "YRotation": 0,
                    "ZRotation": 0
                },
                {
                    "ModelId": "36400",
                    "ModelIdNum": 36400,
                    "ObjectType": 13,
                    "XPos": 253,
                    "YPos": -64,
                    "ZPos": 189,
                    "XRotation": 0,
                    "YRotation": -1536,
                    "ZRotation": 0
                },
                {
                    "ModelId": "31428",
                    "ModelIdNum": 31428,
                    "ObjectType": 13,
                    "XPos": 128,
                    "YPos": -63,
                    "ZPos": 64,
                    "XRotation": 0,
                    "YRotation": -1024,
                    "ZRotation": 0
                },
                {
                    "ModelId": "28411",
                    "ModelIdNum": 28411,
                    "ObjectType": 13,
                    "XPos": 0,
                    "YPos": -223,
                    "ZPos": 0,
                    "XRotation": 0,
                    "YRotation": -1024,
                    "ZRotation": 0
                },
                {
                    "ModelId": "31424",
                    "ModelIdNum": 31424,
                    "ObjectType": 13,
                    "XPos": 125,
                    "YPos": -63,
                    "ZPos": -64,
                    "XRotation": 0,
                    "YRotation": 0,
                    "ZRotation": 0
                },
                {
                    "ModelId": "41121",
                    "ModelIdNum": 41121,
                    "ObjectType": 3,
                    "XPos": 8,
                    "YPos": 2,
                    "ZPos": -74,
                    "XRotation": 0,
                    "YRotation": -1536,
                    "ZRotation": 0
                },
                {
                    "ModelId": "41106",
                    "ModelIdNum": 41106,
                    "ObjectType": 3,
                    "XPos": 48,
                    "YPos": 2,
                    "ZPos": -80,
                    "XRotation": 0,
                    "YRotation": -1536,
                    "ZRotation": 0
                },
                {
                    "ModelId": "41106",
                    "ModelIdNum": 41106,
                    "ObjectType": 3,
                    "XPos": -40,
                    "YPos": 2,
                    "ZPos": -48,
                    "XRotation": 0,
                    "YRotation": -1536,
                    "ZRotation": 0
                },
                {
                    "ModelId": "41106",
                    "ModelIdNum": 41106,
                    "ObjectType": 3,
                    "XPos": -32,
                    "YPos": 2,
                    "ZPos": -136,
                    "XRotation": 0,
                    "YRotation": -1536,
                    "ZRotation": 0
                },
                {
                    "ModelId": "41003",
                    "ModelIdNum": 41003,
                    "ObjectType": 3,
                    "XPos": -242,
                    "YPos": 2,
                    "ZPos": 362,
                    "XRotation": 0,
                    "YRotation": -1024,
                    "ZRotation": 0
                },
                {
                    "ModelId": "41817",
                    "ModelIdNum": 41817,
                    "ObjectType": 3,
                    "XPos": -218,
                    "YPos": 2,
                    "ZPos": 215,
                    "XRotation": 0,
                    "YRotation": -512,
                    "ZRotation": 0
                },
                {
                    "ModelId": "41822",
                    "ModelIdNum": 41822,
                    "ObjectType": 0,
                    "XPos": 234,
                    "YPos": -16,
                    "ZPos": 197,
                    "XRotation": 0,
                    "YRotation": -455,
                    "ZRotation": 0
                },
                {
                    "ModelId": "41409",
                    "ModelIdNum": 41409,
                    "ObjectType": 3,
                    "XPos": -242,
                    "YPos": 3,
                    "ZPos": -270,
                    "XRotation": 0,
                    "YRotation": -1024,
                    "ZRotation": 0
                },
                {
                    "ModelId": "41116",
                    "ModelIdNum": 41116,
                    "ObjectType": 3,
                    "XPos": 2,
                    "YPos": 9,
                    "ZPos": -250,
                    "ZScale": 1.044976,
                    "XRotation": 0,
                    "YRotation": 0,
                    "ZRotation": 0
                },
                {
                    "ModelId": "45076",
                    "ModelIdNum": 45076,
                    "ObjectType": 0,
                    "XPos": 0,
                    "YPos": -14,
                    "ZPos": -248,
                    "XScale": 0.9959956,
                    "ZScale": 0.2689023,
                    "XRotation": 0,
                    "YRotation": 0,
                    "ZRotation": 0
                },
                {
                    "ModelId": "45081",
                    "ModelIdNum": 45081,
                    "ObjectType": 0,
                    "XPos": 44,
                    "YPos": -56,
                    "ZPos": -240,
                    "XRotation": 0,
                    "YRotation": 0,
                    "ZRotation": -512
                },
                {
                    "ModelId": "45081",
                    "ModelIdNum": 45081,
                    "ObjectType": 0,
                    "XPos": 40,
                    "YPos": -50,
                    "ZPos": -241,
                    "XScale": 0.4999999,
                    "YScale": 0.8999999,
                    "XRotation": 0,
                    "YRotation": 0,
                    "ZRotation": -512
                },
                {
                    "ModelId": "45129",
                    "ModelIdNum": 45129,
                    "ObjectType": 0,
                    "XPos": 63,
                    "YPos": -4,
                    "ZPos": -238,
                    "YScale": 1.5,
                    "ZScale": 3.0,
                    "XRotation": 0,
                    "YRotation": 0,
                    "ZRotation": -512
                },
                {
                    "ModelId": "3419",
                    "ModelIdNum": 3419,
                    "ObjectType": 13,
                    "XPos": -60,
                    "YPos": -63,
                    "ZPos": 376,
                    "ZScale": 1.03634,
                    "XRotation": 0,
                    "YRotation": -1536,
                    "ZRotation": 0
                },
                {
                    "ModelId": "3418",
                    "ModelIdNum": 3418,
                    "ObjectType": 13,
                    "XPos": 130,
                    "YPos": -63,
                    "ZPos": 377,
                    "ZScale": 0.9520234,
                    "XRotation": 0,
                    "YRotation": -1541,
                    "ZRotation": 0
                },
                {
                    "ModelId": "3404",
                    "ModelIdNum": 3404,
                    "ObjectType": 13,
                    "XPos": 308,
                    "YPos": -63,
                    "ZPos": 191,
                    "ZScale": 1.0278,
                    "XRotation": 0,
                    "YRotation": 0,
                    "ZRotation": 0
                },
                {
                    "ModelId": "3404",
                    "ModelIdNum": 3404,
                    "ObjectType": 13,
                    "XPos": 308,
                    "YPos": -63,
                    "ZPos": -321,
                    "ZScale": 1.0278,
                    "XRotation": 0,
                    "YRotation": 0,
                    "ZRotation": 0
                },
                {
                    "ModelId": "3420",
                    "ModelIdNum": 3420,
                    "ObjectType": 13,
                    "XPos": 0,
                    "YPos": -63,
                    "ZPos": -375,
                    "XRotation": 0,
                    "YRotation": -512,
                    "ZRotation": 0
                },
                {
                    "ModelId": "41041",
                    "ModelIdNum": 41041,
                    "ObjectType": 0,
                    "XPos": 172,
                    "YPos": -38,
                    "ZPos": -33,
                    "XRotation": 0,
                    "YRotation": -1536,
                    "ZRotation": 0
                },
                {
                    "ModelId": "41034",
                    "ModelIdNum": 41034,
                    "ObjectType": 0,
                    "XPos": 176,
                    "YPos": -18,
                    "ZPos": -78,
                    "XRotation": 0,
                    "YRotation": -1536,
                    "ZRotation": 0
                },
                {
                    "ModelId": "41242",
                    "ModelIdNum": 41242,
                    "ObjectType": 0,
                    "XPos": 179,
                    "YPos": -82,
                    "ZPos": -71,
                    "XScale": 0.1189654,
                    "YScale": 0.3963236,
                    "ZScale": 0.05208379,
                    "XRotation": 0,
                    "YRotation": 0,
                    "ZRotation": 0
                },
                {
                    "ModelId": "41242",
                    "ModelIdNum": 41242,
                    "ObjectType": 0,
                    "XPos": 179,
                    "YPos": -82,
                    "ZPos": -84,
                    "XScale": 0.1189654,
                    "YScale": 0.3963236,
                    "ZScale": 0.05208379,
                    "XRotation": 0,
                    "YRotation": 0,
                    "ZRotation": 0
                },
                {
                    "ModelId": "42558",
                    "ModelIdNum": 42558,
                    "ObjectType": 0,
                    "XPos": 36,
                    "YPos": -84,
                    "ZPos": 121,
                    "XScale": 0.6605407,
                    "YScale": 0.6844847,
                    "ZScale": 0.5846059,
                    "XRotation": 0,
                    "YRotation": 0,
                    "ZRotation": 0
                },
                {
                    "ModelId": "41108",
                    "ModelIdNum": 41108,
                    "ObjectType": 0,
                    "XPos": -218,
                    "YPos": -18,
                    "ZPos": 163,
                    "ZScale": 0.7443498,
                    "XRotation": 0,
                    "YRotation": -511,
                    "ZRotation": 0
                },
                {
                    "ModelId": "79016",
                    "ModelIdNum": 79016,
                    "ObjectType": 0,
                    "XPos": 50,
                    "YPos": -62,
                    "ZPos": -263,
                    "XRotation": 0,
                    "YRotation": -1024,
                    "ZRotation": 0
                },
                {
                    "ModelId": "41029",
                    "ModelIdNum": 41029,
                    "ObjectType": 0,
                    "XPos": 211,
                    "YPos": -37,
                    "ZPos": -97,
                    "XRotation": 0,
                    "YRotation": -512,
                    "ZRotation": 0
                },
                {
                    "ModelId": "41124",
                    "ModelIdNum": 41124,
                    "ObjectType": 0,
                    "XPos": 210,
                    "YPos": -36,
                    "ZPos": -16,
                    "XScale": 1.03,
                    "YScale": 1.097465,
                    "ZScale": 1.03,
                    "XRotation": 0,
                    "YRotation": -511,
                    "ZRotation": 0
                },
                {
                    "ModelId": "41817",
                    "ModelIdNum": 41817,
                    "ObjectType": 3,
                    "XPos": 277,
                    "YPos": 0,
                    "ZPos": 220,
                    "XRotation": 0,
                    "YRotation": -551,
                    "ZRotation": 0
                },
                {
                    "ModelId": "41010",
                    "ModelIdNum": 41010,
                    "ObjectType": 0,
                    "XPos": 291,
                    "YPos": -38,
                    "ZPos": 306,
                    "XRotation": 0,
                    "YRotation": -1536,
                    "ZRotation": 0
                },
                {
                    "ModelId": "41050",
                    "ModelIdNum": 41050,
                    "ObjectType": 0,
                    "XPos": 20,
                    "YPos": -17,
                    "ZPos": 218,
                    "ZScale": 1.25,
                    "XRotation": 0,
                    "YRotation": -1536,
                    "ZRotation": 0
                },
                {
                    "ModelId": "41811",
                    "ModelIdNum": 41811,
                    "ObjectType": 3,
                    "XPos": 293,
                    "YPos": 1,
                    "ZPos": 356,
                    "XRotation": 0,
                    "YRotation": 0,
                    "ZRotation": 0
                },
                {
                    "ModelId": "41005",
                    "ModelIdNum": 41005,
                    "ObjectType": 3,
                    "XPos": 276,
                    "YPos": 1,
                    "ZPos": -360,
                    "XRotation": 0,
                    "YRotation": -1024,
                    "ZRotation": 0
                },
                {
                    "ModelId": "41100",
                    "ModelIdNum": 41100,
                    "ObjectType": 0,
                    "XPos": -286,
                    "YPos": -15,
                    "ZPos": -162,
                    "XRotation": 0,
                    "YRotation": -750,
                    "ZRotation": 0
                },
                {
                    "ModelId": "41108",
                    "ModelIdNum": 41108,
                    "ObjectType": 0,
                    "XPos": -290,
                    "YPos": -11,
                    "ZPos": -209,
                    "XScale": 0.435251,
                    "YScale": 0.612396,
                    "ZScale": 0.6582065,
                    "XRotation": 0,
                    "YRotation": 0,
                    "ZRotation": 0
                },
                {
                    "ModelId": "41015",
                    "ModelIdNum": 41015,
                    "ObjectType": 3,
                    "XPos": -172,
                    "YPos": 3,
                    "ZPos": 302,
                    "XRotation": 0,
                    "YRotation": -512,
                    "ZRotation": 0
                },
                {
                    "ModelId": "41125",
                    "ModelIdNum": 41125,
                    "ObjectType": 0,
                    "XPos": 124,
                    "YPos": -142,
                    "ZPos": 60,
                    "XRotation": 0,
                    "YRotation": 0,
                    "ZRotation": 0
                },
                {
                    "ModelId": "74800",
                    "ModelIdNum": 74800,
                    "ObjectType": 0,
                    "XPos": -16,
                    "YPos": 0,
                    "ZPos": 259,
                    "XRotation": -1536,
                    "YRotation": -511,
                    "ZRotation": 0
                },
                {
                    "ModelId": "41242",
                    "ModelIdNum": 41242,
                    "ObjectType": 0,
                    "XPos": -4,
                    "YPos": -55,
                    "ZPos": -366,
                    "XScale": 0.9556803,
                    "ZScale": 0.88005,
                    "XRotation": 0,
                    "YRotation": 0,
                    "ZRotation": 0
                },
                {
                    "ModelId": "3418",
                    "ModelIdNum": 3418,
                    "ObjectType": 13,
                    "XPos": -311,
                    "YPos": -63,
                    "ZPos": 183,
                    "ZScale": 1.0321,
                    "XRotation": 0,
                    "YRotation": -1024,
                    "ZRotation": 0
                },
                {
                    "ModelId": "3418",
                    "ModelIdNum": 3418,
                    "ObjectType": 13,
                    "XPos": -311,
                    "YPos": -63,
                    "ZPos": 68,
                    "ZScale": 0.96284,
                    "XRotation": 0,
                    "YRotation": -1024,
                    "ZRotation": 0
                },
                {
                    "ModelId": "3418",
                    "ModelIdNum": 3418,
                    "ObjectType": 13,
                    "XPos": -310,
                    "YPos": -65,
                    "ZPos": -190,
                    "ZScale": 0.97118,
                    "XRotation": 0,
                    "YRotation": -1024,
                    "ZRotation": 0
                },
                {
                    "ModelId": "1400",
                    "ModelIdNum": 1400,
                    "ObjectType": 13,
                    "XPos": -255,
                    "YPos": 0,
                    "ZPos": -189,
                    "XRotation": 0,
                    "YRotation": 0,
                    "ZRotation": 0
                },
                {
                    "ModelId": "3404",
                    "ModelIdNum": 3404,
                    "ObjectType": 13,
                    "XPos": -252,
                    "YPos": -65,
                    "ZPos": -134,
                    "XRotation": 0,
                    "YRotation": -1536,
                    "ZRotation": 0
                },
                {
                    "ModelId": "3400",
                    "ModelIdNum": 3400,
                    "ObjectType": 13,
                    "XPos": -194,
                    "YPos": -65,
                    "ZPos": -192,
                    "XRotation": 0,
                    "YRotation": 0,
                    "ZRotation": 0
                },
                {
                    "ModelId": "3404",
                    "ModelIdNum": 3404,
                    "ObjectType": 13,
                    "XPos": -252,
                    "YPos": -65,
                    "ZPos": -245,
                    "XRotation": 0,
                    "YRotation": -512,
                    "ZRotation": 0
                },
                {
                    "ModelId": "1402",
                    "ModelIdNum": 1402,
                    "ObjectType": 13,
                    "XPos": 256,
                    "YPos": -2,
                    "ZPos": -192,
                    "XRotation": 0,
                    "YRotation": 0,
                    "ZRotation": 0
                },
                {
                    "ModelId": "2402",
                    "ModelIdNum": 2402,
                    "ObjectType": 13,
                    "XPos": 253,
                    "YPos": 4,
                    "ZPos": -190,
                    "XRotation": 0,
                    "YRotation": 0,
                    "ZRotation": 0
                },
                {
                    "ModelId": "3400",
                    "ModelIdNum": 3400,
                    "ObjectType": 13,
                    "XPos": 256,
                    "YPos": -64,
                    "ZPos": 124,
                    "XScale": 1.562742,
                    "XRotation": 0,
                    "YRotation": -1536,
                    "ZRotation": 0
                },
                {
                    "ModelId": "3400",
                    "ModelIdNum": 3400,
                    "ObjectType": 13,
                    "XPos": 194,
                    "YPos": -64,
                    "ZPos": -192,
                    "XRotation": 0,
                    "YRotation": -1024,
                    "ZRotation": 0
                },
                {
                    "ModelId": "4406",
                    "ModelIdNum": 4406,
                    "ObjectType": 13,
                    "XPos": 203,
                    "YPos": -65,
                    "ZPos": -246,
                    "XRotation": 0,
                    "YRotation": -1536,
                    "ZRotation": 0
                },
                {
                    "ModelId": "3400",
                    "ModelIdNum": 3400,
                    "ObjectType": 13,
                    "XPos": 194,
                    "YPos": -64,
                    "ZPos": 64,
                    "XScale": 1.358231,
                    "XRotation": 0,
                    "YRotation": -1024,
                    "ZRotation": 0
                },
                {
                    "ModelId": "3405",
                    "ModelIdNum": 3405,
                    "ObjectType": 13,
                    "XPos": 198,
                    "YPos": -65,
                    "ZPos": -63,
                    "ZScale": 0.81401,
                    "XRotation": 0,
                    "YRotation": -1024,
                    "ZRotation": 0
                },
                {
                    "ModelId": "3417",
                    "ModelIdNum": 3417,
                    "ObjectType": 13,
                    "XPos": 256,
                    "YPos": 0,
                    "ZPos": 120,
                    "ZScale": 0.97118,
                    "XRotation": 0,
                    "YRotation": 0,
                    "ZRotation": 0
                },
                {
                    "ModelId": "3416",
                    "ModelIdNum": 3416,
                    "ObjectType": 13,
                    "XPos": 257,
                    "YPos": 0,
                    "ZPos": -245,
                    "ZScale": 0.97118,
                    "XRotation": 0,
                    "YRotation": 0,
                    "ZRotation": 0
                },
                {
                    "ModelId": "3418",
                    "ModelIdNum": 3418,
                    "ObjectType": 13,
                    "XPos": 314,
                    "YPos": -64,
                    "ZPos": 8,
                    "ZScale": 0.97118,
                    "XRotation": 0,
                    "YRotation": 0,
                    "ZRotation": 0
                },
                {
                    "ModelId": "3418",
                    "ModelIdNum": 3418,
                    "ObjectType": 13,
                    "XPos": 315,
                    "YPos": -64,
                    "ZPos": -133,
                    "ZScale": 0.97118,
                    "XRotation": 0,
                    "YRotation": 0,
                    "ZRotation": 0
                },
                {
                    "ModelId": "4402",
                    "ModelIdNum": 4402,
                    "ObjectType": 13,
                    "XPos": 250,
                    "YPos": 0,
                    "ZPos": -125,
                    "XRotation": 0,
                    "YRotation": -512,
                    "ZRotation": 0
                },
                {
                    "ModelId": "4400",
                    "ModelIdNum": 4400,
                    "ObjectType": 13,
                    "XPos": 314,
                    "YPos": -64,
                    "ZPos": -72,
                    "XScale": 0.7495799,
                    "XRotation": 0,
                    "YRotation": -511,
                    "ZRotation": 0
                },
                {
                    "ModelId": "4400",
                    "ModelIdNum": 4400,
                    "ObjectType": 13,
                    "XPos": 313,
                    "YPos": -64,
                    "ZPos": -52,
                    "XScale": 0.7495799,
                    "XRotation": 0,
                    "YRotation": -511,
                    "ZRotation": 0
                },
                {
                    "ModelId": "1407",
                    "ModelIdNum": 1407,
                    "ObjectType": 13,
                    "XPos": -123,
                    "YPos": -2,
                    "ZPos": 189,
                    "XRotation": 0,
                    "YRotation": 0,
                    "ZRotation": 0
                },
                {
                    "ModelId": "2407",
                    "ModelIdNum": 2407,
                    "ObjectType": 13,
                    "XPos": -124,
                    "YPos": 5,
                    "ZPos": 190,
                    "XScale": 0.98714,
                    "XRotation": 0,
                    "YRotation": 0,
                    "ZRotation": 0
                },
                {
                    "ModelId": "3405",
                    "ModelIdNum": 3405,
                    "ObjectType": 13,
                    "XPos": -185,
                    "YPos": -63,
                    "ZPos": 254,
                    "ZScale": 1.0133,
                    "XRotation": 0,
                    "YRotation": -1024,
                    "ZRotation": 0
                },
                {
                    "ModelId": "3400",
                    "ModelIdNum": 3400,
                    "ObjectType": 13,
                    "XPos": -128,
                    "YPos": -64,
                    "ZPos": 130,
                    "XRotation": 0,
                    "YRotation": -512,
                    "ZRotation": 0
                },
                {
                    "ModelId": "3404",
                    "ModelIdNum": 3404,
                    "ObjectType": 13,
                    "XPos": -12,
                    "YPos": -64,
                    "ZPos": 133,
                    "ZScale": 1.0387,
                    "XRotation": 0,
                    "YRotation": -511,
                    "ZRotation": 0
                },
                {
                    "ModelId": "3405",
                    "ModelIdNum": 3405,
                    "ObjectType": 13,
                    "XPos": 48,
                    "YPos": -63,
                    "ZPos": 254,
                    "XRotation": 0,
                    "YRotation": 0,
                    "ZRotation": 0
                },
                {
                    "ModelId": "4402",
                    "ModelIdNum": 4402,
                    "ObjectType": 13,
                    "XPos": 120,
                    "YPos": 1,
                    "ZPos": 195,
                    "XRotation": 0,
                    "YRotation": -512,
                    "ZRotation": 0
                },
                {
                    "ModelId": "1400",
                    "ModelIdNum": 1400,
                    "ObjectType": 13,
                    "XPos": 127,
                    "YPos": 0,
                    "ZPos": 320,
                    "XRotation": 0,
                    "YRotation": 0,
                    "ZRotation": 0
                },
                {
                    "ModelId": "3400",
                    "ModelIdNum": 3400,
                    "ObjectType": 13,
                    "XPos": 188,
                    "YPos": -64,
                    "ZPos": 320,
                    "XRotation": 0,
                    "YRotation": 0,
                    "ZRotation": 0
                },
                {
                    "ModelId": "3404",
                    "ModelIdNum": 3404,
                    "ObjectType": 13,
                    "XPos": 70,
                    "YPos": -63,
                    "ZPos": 313,
                    "XRotation": 0,
                    "YRotation": -1024,
                    "ZRotation": 0
                },
                {
                    "ModelId": "4402",
                    "ModelIdNum": 4402,
                    "ObjectType": 13,
                    "XPos": 134,
                    "YPos": 1,
                    "ZPos": 309,
                    "XRotation": 0,
                    "YRotation": 0,
                    "ZRotation": 0
                },
                {
                    "ModelId": "3400",
                    "ModelIdNum": 3400,
                    "ObjectType": 13,
                    "XPos": -194,
                    "YPos": -64,
                    "ZPos": 64,
                    "XRotation": 0,
                    "YRotation": 0,
                    "ZRotation": 0
                },
                {
                    "ModelId": "3405",
                    "ModelIdNum": 3405,
                    "ObjectType": 13,
                    "XPos": -197,
                    "YPos": -64,
                    "ZPos": 244,
                    "XRotation": 0,
                    "YRotation": 0,
                    "ZRotation": 0
                },
                {
                    "ModelId": "3400",
                    "ModelIdNum": 3400,
                    "ObjectType": 13,
                    "XPos": -256,
                    "YPos": -64,
                    "ZPos": 254,
                    "XRotation": 0,
                    "YRotation": -1536,
                    "ZRotation": 0
                },
                {
                    "ModelId": "1401",
                    "ModelIdNum": 1401,
                    "ObjectType": 13,
                    "XPos": -255,
                    "YPos": 0,
                    "ZPos": 64,
                    "XRotation": 0,
                    "YRotation": 0,
                    "ZRotation": 0
                },
                {
                    "ModelId": "2401",
                    "ModelIdNum": 2401,
                    "ObjectType": 13,
                    "XPos": -251,
                    "YPos": 5,
                    "ZPos": 63,
                    "XRotation": 0,
                    "YRotation": 0,
                    "ZRotation": 0
                },
                {
                    "ModelId": "3404",
                    "ModelIdNum": 3404,
                    "ObjectType": 13,
                    "XPos": -255,
                    "YPos": -64,
                    "ZPos": 12,
                    "ZScale": 1.01234,
                    "XRotation": 0,
                    "YRotation": -511,
                    "ZRotation": 0
                },
                {
                    "ModelId": "4402",
                    "ModelIdNum": 4402,
                    "ObjectType": 13,
                    "XPos": -245,
                    "YPos": 1,
                    "ZPos": 183,
                    "XRotation": 0,
                    "YRotation": 0,
                    "ZRotation": 0
                },
                {
                    "ModelId": "1402",
                    "ModelIdNum": 1402,
                    "ObjectType": 13,
                    "XPos": -128,
                    "YPos": 0,
                    "ZPos": -319,
                    "XRotation": 0,
                    "YRotation": -512,
                    "ZRotation": 0
                },
                {
                    "ModelId": "3400",
                    "ModelIdNum": 3400,
                    "ObjectType": 13,
                    "XPos": -128,
                    "YPos": -64,
                    "ZPos": -260,
                    "XScale": 1.342676,
                    "XRotation": 0,
                    "YRotation": -1536,
                    "ZRotation": 0
                },
                {
                    "ModelId": "3400",
                    "ModelIdNum": 3400,
                    "ObjectType": 13,
                    "XPos": -189,
                    "YPos": -64,
                    "ZPos": -320,
                    "XRotation": 0,
                    "YRotation": -1024,
                    "ZRotation": 0
                },
                {
                    "ModelId": "3405",
                    "ModelIdNum": 3405,
                    "ObjectType": 13,
                    "XPos": 56,
                    "YPos": -64,
                    "ZPos": -266,
                    "XRotation": 0,
                    "YRotation": -1536,
                    "ZRotation": 0
                },
                {
                    "ModelId": "4402",
                    "ModelIdNum": 4402,
                    "ObjectType": 13,
                    "XPos": 119,
                    "YPos": 0,
                    "ZPos": -334,
                    "XRotation": 0,
                    "YRotation": -512,
                    "ZRotation": 0
                },
                {
                    "ModelId": "3400",
                    "ModelIdNum": 3400,
                    "ObjectType": 13,
                    "XPos": 190,
                    "YPos": -64,
                    "ZPos": -320,
                    "XRotation": 0,
                    "YRotation": 0,
                    "ZRotation": 0
                },
                {
                    "ModelId": "2400",
                    "ModelIdNum": 2400,
                    "ObjectType": 13,
                    "XPos": 128,
                    "YPos": 2,
                    "ZPos": 319,
                    "XScale": 0.9871398,
                    "XRotation": 0,
                    "YRotation": -511,
                    "ZRotation": 0
                },
                {
                    "ModelId": "2402",
                    "ModelIdNum": 2402,
                    "ObjectType": 13,
                    "XPos": -128,
                    "YPos": 2,
                    "ZPos": -318,
                    "XScale": 0.9871398,
                    "XRotation": 0,
                    "YRotation": -511,
                    "ZRotation": 0
                },
                {
                    "ModelId": "2400",
                    "ModelIdNum": 2400,
                    "ObjectType": 13,
                    "XPos": -253,
                    "YPos": 5,
                    "ZPos": -191,
                    "XRotation": 0,
                    "YRotation": 0,
                    "ZRotation": 0
                },
                {
                    "ModelId": "42069",
                    "ModelIdNum": 42069,
                    "ObjectType": 0,
                    "XPos": 2,
                    "YPos": -15,
                    "ZPos": 274,
                    "XRotation": 0,
                    "YRotation": -1024,
                    "ZRotation": 0
                },
                {
                    "ModelId": "4402",
                    "ModelIdNum": 4402,
                    "ObjectType": 13,
                    "XPos": -8,
                    "YPos": 0,
                    "ZPos": -328,
                    "XRotation": 0,
                    "YRotation": 0,
                    "ZRotation": 0
                },
                {
                    "ModelId": "3400",
                    "ModelIdNum": 3400,
                    "ObjectType": 13,
                    "XPos": 256,
                    "YPos": -64,
                    "ZPos": -254,
                    "XRotation": 0,
                    "YRotation": -512,
                    "ZRotation": 0
                },
                {
                    "ModelId": "69458",
                    "ModelIdNum": 69458,
                    "ObjectType": 0,
                    "XPos": -2,
                    "YPos": -64,
                    "ZPos": 134,
                    "XRotation": 0,
                    "YRotation": 0,
                    "ZRotation": 0
                },
                {
                    "ModelId": "41032",
                    "ModelIdNum": 41032,
                    "ObjectType": 0,
                    "XPos": 78,
                    "YPos": -36,
                    "ZPos": 332,
                    "XRotation": 0,
                    "YRotation": -512,
                    "ZRotation": 0
                },
                {
                    "ModelId": "69465",
                    "ModelIdNum": 69465,
                    "ObjectType": 0,
                    "XPos": 0,
                    "YPos": 2,
                    "ZPos": -251,
                    "XScale": 0.3455175,
                    "YScale": 0.6,
                    "ZScale": 0.8776299,
                    "XRotation": 0,
                    "YRotation": -511,
                    "ZRotation": 0
                },
                {
                    "ModelId": "69433",
                    "ModelIdNum": 69433,
                    "ObjectType": 0,
                    "XPos": 72,
                    "YPos": -68,
                    "ZPos": 256,
                    "XRotation": -1536,
                    "YRotation": -511,
                    "ZRotation": 0
                },
                {
                    "ModelId": "41113",
                    "ModelIdNum": 41113,
                    "ObjectType": 0,
                    "XPos": 88,
                    "YPos": -14,
                    "ZPos": 296,
                    "XScale": 1.3,
                    "YScale": 1.3,
                    "ZScale": 1.3,
                    "XRotation": 0,
                    "YRotation": -1574,
                    "ZRotation": 0
                },
                {
                    "ModelId": "45110",
                    "ModelIdNum": 45110,
                    "ObjectType": 0,
                    "XPos": 118,
                    "YPos": -338,
                    "ZPos": -122,
                    "YScale": 2.78978,
                    "ZScale": 1.3,
                    "XRotation": 0,
                    "YRotation": 0,
                    "ZRotation": -511
                },
                {
                    "ModelId": "45110",
                    "ModelIdNum": 45110,
                    "ObjectType": 0,
                    "XPos": 118,
                    "YPos": -338,
                    "ZPos": 2,
                    "YScale": 2.78978,
                    "ZScale": 1.3,
                    "XRotation": 0,
                    "YRotation": 0,
                    "ZRotation": -511
                },
                {
                    "ModelId": "45110",
                    "ModelIdNum": 45110,
                    "ObjectType": 0,
                    "XPos": 118,
                    "YPos": -338,
                    "ZPos": 124,
                    "YScale": 2.78978,
                    "ZScale": 1.3,
                    "XRotation": 0,
                    "YRotation": 0,
                    "ZRotation": -511
                },
                {
                    "ModelId": "45110",
                    "ModelIdNum": 45110,
                    "ObjectType": 0,
                    "XPos": 118,
                    "YPos": -338,
                    "ZPos": 252,
                    "YScale": 2.78978,
                    "ZScale": 1.3,
                    "XRotation": 0,
                    "YRotation": 0,
                    "ZRotation": -511
                },
                {
                    "ModelId": "45110",
                    "ModelIdNum": 45110,
                    "ObjectType": 0,
                    "XPos": 56,
                    "YPos": -274,
                    "ZPos": -190,
                    "YScale": 1.03741,
                    "XRotation": 0,
                    "YRotation": -1024,
                    "ZRotation": -170
                },
                {
                    "ModelId": "45110",
                    "ModelIdNum": 45110,
                    "ObjectType": 0,
                    "XPos": 50,
                    "YPos": -272,
                    "ZPos": -190,
                    "YScale": 2.33488,
                    "ZScale": 1.2,
                    "XRotation": 0,
                    "YRotation": 0,
                    "ZRotation": -84
                },
                {
                    "ModelId": "45110",
                    "ModelIdNum": 45110,
                    "ObjectType": 0,
                    "XPos": 118,
                    "YPos": -338,
                    "ZPos": -252,
                    "YScale": 2.78978,
                    "ZScale": 1.3,
                    "XRotation": 0,
                    "YRotation": 0,
                    "ZRotation": -511
                },
                {
                    "ModelId": "45110",
                    "ModelIdNum": 45110,
                    "ObjectType": 0,
                    "XPos": -54,
                    "YPos": -276,
                    "ZPos": -190,
                    "YScale": 1.11605,
                    "ZScale": 1.2,
                    "XRotation": 0,
                    "YRotation": 0,
                    "ZRotation": -169
                },
                {
                    "ModelId": "45110",
                    "ModelIdNum": 45110,
                    "ObjectType": 0,
                    "XPos": -50,
                    "YPos": -276,
                    "ZPos": -190,
                    "YScale": 2.15046,
                    "XRotation": 0,
                    "YRotation": -1024,
                    "ZRotation": -85
                },
                {
                    "ModelId": "45110",
                    "ModelIdNum": 45110,
                    "ObjectType": 0,
                    "XPos": 184,
                    "YPos": -274,
                    "ZPos": -58,
                    "YScale": 4.50131,
                    "ZScale": 1.3,
                    "XRotation": 0,
                    "YRotation": 0,
                    "ZRotation": -511
                },
                {
                    "ModelId": "45110",
                    "ModelIdNum": 45110,
                    "ObjectType": 0,
                    "XPos": 184,
                    "YPos": -274,
                    "ZPos": 66,
                    "YScale": 4.50131,
                    "ZScale": 1.3,
                    "XRotation": 0,
                    "YRotation": 0,
                    "ZRotation": -511
                },
                {
                    "ModelId": "45110",
                    "ModelIdNum": 45110,
                    "ObjectType": 0,
                    "XPos": 184,
                    "YPos": -274,
                    "ZPos": 188,
                    "YScale": 4.50131,
                    "ZScale": 1.3,
                    "XRotation": 0,
                    "YRotation": 0,
                    "ZRotation": -511
                },
                {
                    "ModelId": "45110",
                    "ModelIdNum": 45110,
                    "ObjectType": 0,
                    "XPos": 184,
                    "YPos": -274,
                    "ZPos": -188,
                    "YScale": 4.50131,
                    "ZScale": 1.3,
                    "XRotation": 0,
                    "YRotation": 0,
                    "ZRotation": -511
                },
                {
                    "ModelId": "45110",
                    "ModelIdNum": 45110,
                    "ObjectType": 0,
                    "XPos": 188,
                    "YPos": -274,
                    "ZPos": -122,
                    "YScale": 4.50131,
                    "ZScale": 1.3,
                    "XRotation": 0,
                    "YRotation": 0,
                    "ZRotation": -511
                },
                {
                    "ModelId": "45110",
                    "ModelIdNum": 45110,
                    "ObjectType": 0,
                    "XPos": 188,
                    "YPos": -274,
                    "ZPos": 2,
                    "YScale": 4.50131,
                    "ZScale": 1.3,
                    "XRotation": 0,
                    "YRotation": 0,
                    "ZRotation": -511
                },
                {
                    "ModelId": "45110",
                    "ModelIdNum": 45110,
                    "ObjectType": 0,
                    "XPos": 188,
                    "YPos": -274,
                    "ZPos": 124,
                    "YScale": 4.50131,
                    "ZScale": 1.3,
                    "XRotation": 0,
                    "YRotation": 0,
                    "ZRotation": -511
                },
                {
                    "ModelId": "45110",
                    "ModelIdNum": 45110,
                    "ObjectType": 0,
                    "XPos": 188,
                    "YPos": -274,
                    "ZPos": 252,
                    "YScale": 4.50131,
                    "ZScale": 1.3,
                    "XRotation": 0,
                    "YRotation": 0,
                    "ZRotation": -511
                },
                {
                    "ModelId": "45110",
                    "ModelIdNum": 45110,
                    "ObjectType": 0,
                    "XPos": 188,
                    "YPos": -274,
                    "ZPos": -252,
                    "YScale": 4.50131,
                    "ZScale": 1.3,
                    "XRotation": 0,
                    "YRotation": 0,
                    "ZRotation": -511
                },
                {
                    "ModelId": "45110",
                    "ModelIdNum": 45110,
                    "ObjectType": 0,
                    "XPos": 56,
                    "YPos": -274,
                    "ZPos": -58,
                    "YScale": 1.03741,
                    "XRotation": 0,
                    "YRotation": -1024,
                    "ZRotation": -170
                },
                {
                    "ModelId": "45110",
                    "ModelIdNum": 45110,
                    "ObjectType": 0,
                    "XPos": 50,
                    "YPos": -272,
                    "ZPos": -58,
                    "YScale": 2.33488,
                    "ZScale": 1.2,
                    "XRotation": 0,
                    "YRotation": 0,
                    "ZRotation": -84
                },
                {
                    "ModelId": "45110",
                    "ModelIdNum": 45110,
                    "ObjectType": 0,
                    "XPos": -54,
                    "YPos": -276,
                    "ZPos": -58,
                    "YScale": 1.11605,
                    "ZScale": 1.2,
                    "XRotation": 0,
                    "YRotation": 0,
                    "ZRotation": -169
                },
                {
                    "ModelId": "45110",
                    "ModelIdNum": 45110,
                    "ObjectType": 0,
                    "XPos": -50,
                    "YPos": -276,
                    "ZPos": -58,
                    "YScale": 2.15046,
                    "XRotation": 0,
                    "YRotation": -1024,
                    "ZRotation": -85
                },
                {
                    "ModelId": "45110",
                    "ModelIdNum": 45110,
                    "ObjectType": 0,
                    "XPos": 56,
                    "YPos": -274,
                    "ZPos": 188,
                    "YScale": 1.03741,
                    "XRotation": 0,
                    "YRotation": -1024,
                    "ZRotation": -170
                },
                {
                    "ModelId": "45110",
                    "ModelIdNum": 45110,
                    "ObjectType": 0,
                    "XPos": 50,
                    "YPos": -272,
                    "ZPos": 188,
                    "YScale": 2.33488,
                    "ZScale": 1.2,
                    "XRotation": 0,
                    "YRotation": 0,
                    "ZRotation": -84
                },
                {
                    "ModelId": "45110",
                    "ModelIdNum": 45110,
                    "ObjectType": 0,
                    "XPos": -54,
                    "YPos": -276,
                    "ZPos": 188,
                    "YScale": 1.11605,
                    "ZScale": 1.2,
                    "XRotation": 0,
                    "YRotation": 0,
                    "ZRotation": -169
                },
                {
                    "ModelId": "45110",
                    "ModelIdNum": 45110,
                    "ObjectType": 0,
                    "XPos": -50,
                    "YPos": -276,
                    "ZPos": 188,
                    "YScale": 2.15046,
                    "XRotation": 0,
                    "YRotation": -1024,
                    "ZRotation": -85
                },
                {
                    "ModelId": "45110",
                    "ModelIdNum": 45110,
                    "ObjectType": 0,
                    "XPos": 174,
                    "YPos": -126,
                    "ZPos": 124,
                    "YScale": 2.02244,
                    "ZScale": 1.3,
                    "XRotation": 0,
                    "YRotation": 0,
                    "ZRotation": 0
                },
                {
                    "ModelId": "45110",
                    "ModelIdNum": 45110,
                    "ObjectType": 0,
                    "XPos": -170,
                    "YPos": -126,
                    "ZPos": 124,
                    "YScale": 2.02244,
                    "ZScale": 1.3,
                    "XRotation": 0,
                    "YRotation": 0,
                    "ZRotation": 0
                },
                {
                    "ModelId": "45110",
                    "ModelIdNum": 45110,
                    "ObjectType": 0,
                    "XPos": 174,
                    "YPos": -126,
                    "ZPos": -122,
                    "YScale": 2.02244,
                    "ZScale": 1.3,
                    "XRotation": 0,
                    "YRotation": 0,
                    "ZRotation": 0
                },
                {
                    "ModelId": "45110",
                    "ModelIdNum": 45110,
                    "ObjectType": 0,
                    "XPos": -170,
                    "YPos": -126,
                    "ZPos": -122,
                    "YScale": 2.02244,
                    "ZScale": 1.3,
                    "XRotation": 0,
                    "YRotation": 0,
                    "ZRotation": 0
                },
                {
                    "ModelId": "45110",
                    "ModelIdNum": 45110,
                    "ObjectType": 0,
                    "XPos": 56,
                    "YPos": -274,
                    "ZPos": 66,
                    "YScale": 1.03741,
                    "XRotation": 0,
                    "YRotation": -1024,
                    "ZRotation": -170
                },
                {
                    "ModelId": "45110",
                    "ModelIdNum": 45110,
                    "ObjectType": 0,
                    "XPos": 50,
                    "YPos": -272,
                    "ZPos": 66,
                    "YScale": 2.33488,
                    "ZScale": 1.2,
                    "XRotation": 0,
                    "YRotation": 0,
                    "ZRotation": -84
                },
                {
                    "ModelId": "45110",
                    "ModelIdNum": 45110,
                    "ObjectType": 0,
                    "XPos": -54,
                    "YPos": -276,
                    "ZPos": 66,
                    "YScale": 1.11605,
                    "ZScale": 1.2,
                    "XRotation": 0,
                    "YRotation": 0,
                    "ZRotation": -169
                },
                {
                    "ModelId": "45110",
                    "ModelIdNum": 45110,
                    "ObjectType": 0,
                    "XPos": -50,
                    "YPos": -276,
                    "ZPos": 66,
                    "YScale": 2.15046,
                    "XRotation": 0,
                    "YRotation": -1024,
                    "ZRotation": -85
                },
                {
                    "ModelId": "41810",
                    "ModelIdNum": 41810,
                    "ObjectType": 0,
                    "XPos": 146,
                    "YPos": -56,
                    "ZPos": -244,
                    "XRotation": 0,
                    "YRotation": 0,
                    "ZRotation": 0
                },
                {
                    "ModelId": "41810",
                    "ModelIdNum": 41810,
                    "ObjectType": 0,
                    "XPos": 96,
                    "YPos": -56,
                    "ZPos": -244,
                    "XRotation": 0,
                    "YRotation": 0,
                    "ZRotation": 0
                },
                {
                    "ModelId": "41037",
                    "ModelIdNum": 41037,
                    "ObjectType": 0,
                    "XPos": -56,
                    "YPos": -36,
                    "ZPos": 111,
                    "XRotation": 0,
                    "YRotation": -1024,
                    "ZRotation": 0
                },
                {
                    "ModelId": "41024",
                    "ModelIdNum": 41024,
                    "ObjectType": 0,
                    "XPos": -24,
                    "YPos": -31,
                    "ZPos": 111,
                    "XRotation": 0,
                    "YRotation": -1024,
                    "ZRotation": 0
                },
                {
                    "ModelId": "41100",
                    "ModelIdNum": 41100,
                    "ObjectType": 0,
                    "XPos": -164,
                    "YPos": -17,
                    "ZPos": 232,
                    "XRotation": 0,
                    "YRotation": -551,
                    "ZRotation": 0
                },
                {
                    "ModelId": "41105",
                    "ModelIdNum": 41105,
                    "ObjectType": 0,
                    "XPos": -260,
                    "YPos": -16,
                    "ZPos": -108,
                    "XRotation": 0,
                    "YRotation": 0,
                    "ZRotation": 0
                }
            ],
            "BlockFlatObjectRecords": [
                {
                    "Position": 0,
                    "XPos": 280,
                    "YPos": 0,
                    "ZPos": 182,
                    "TextureArchive": 199,
                    "TextureRecord": 20,
                    "FactionID": 0,
                    "Flags": 17
                },
                {
                    "Position": 0,
                    "XPos": -74,
                    "YPos": -5,
                    "ZPos": 160,
                    "TextureArchive": 199,
                    "TextureRecord": 20,
                    "FactionID": 0,
                    "Flags": 17
                },
                {
                    "Position": 0,
                    "XPos": -228,
                    "YPos": 0,
                    "ZPos": 292,
                    "TextureArchive": 199,
                    "TextureRecord": 20,
                    "FactionID": 0,
                    "Flags": 17
                },
                {
                    "Position": 0,
                    "XPos": -272,
                    "YPos": 0,
                    "ZPos": 176,
                    "TextureArchive": 199,
                    "TextureRecord": 20,
                    "FactionID": 0,
                    "Flags": 17
                },
                {
                    "Position": 0,
                    "XPos": 154,
                    "YPos": 0,
                    "ZPos": 352,
                    "TextureArchive": 199,
                    "TextureRecord": 20,
                    "FactionID": 0,
                    "Flags": 17
                },
                {
                    "Position": 0,
                    "XPos": 232,
                    "YPos": 0,
                    "ZPos": 356,
                    "TextureArchive": 199,
                    "TextureRecord": 20,
                    "FactionID": 0,
                    "Flags": 17
                },
                {
                    "Position": 0,
                    "XPos": 152,
                    "YPos": 0,
                    "ZPos": 48,
                    "TextureArchive": 199,
                    "TextureRecord": 20,
                    "FactionID": 0,
                    "Flags": 17
                },
                {
                    "Position": 0,
                    "XPos": 92,
                    "YPos": 0,
                    "ZPos": -228,
                    "TextureArchive": 199,
                    "TextureRecord": 20,
                    "FactionID": 0,
                    "Flags": 17
                },
                {
                    "Position": 0,
                    "XPos": 256,
                    "YPos": 0,
                    "ZPos": -352,
                    "TextureArchive": 199,
                    "TextureRecord": 20,
                    "FactionID": 0,
                    "Flags": 17
                },
                {
                    "Position": 0,
                    "XPos": 280,
                    "YPos": 0,
                    "ZPos": -88,
                    "TextureArchive": 199,
                    "TextureRecord": 20,
                    "FactionID": 0,
                    "Flags": 17
                },
                {
                    "Position": 0,
                    "XPos": -184,
                    "YPos": -129,
                    "ZPos": 232,
                    "TextureArchive": 199,
                    "TextureRecord": 20,
                    "FactionID": 0,
                    "Flags": 17
                },
                {
                    "Position": 0,
                    "XPos": -72,
                    "YPos": -129,
                    "ZPos": 120,
                    "TextureArchive": 199,
                    "TextureRecord": 20,
                    "FactionID": 0,
                    "Flags": 17
                },
                {
                    "Position": 0,
                    "XPos": 64,
                    "YPos": -80,
                    "ZPos": -316,
                    "TextureArchive": 210,
                    "TextureRecord": 13,
                    "FactionID": 28680,
                    "Flags": 17
                },
                {
                    "Position": 0,
                    "XPos": -62,
                    "YPos": -76,
                    "ZPos": 254,
                    "TextureArchive": 210,
                    "TextureRecord": 13,
                    "FactionID": -32752,
                    "Flags": 17
                },
                {
                    "Position": 0,
                    "XPos": -120,
                    "YPos": -80,
                    "ZPos": -128,
                    "TextureArchive": 210,
                    "TextureRecord": 13,
                    "FactionID": -32752,
                    "Flags": 17
                },
                {
                    "Position": 0,
                    "XPos": -152,
                    "YPos": -129,
                    "ZPos": -208,
                    "TextureArchive": 199,
                    "TextureRecord": 22,
                    "FactionID": 0,
                    "Flags": 17
                },
                {
                    "Position": 0,
                    "XPos": -264,
                    "YPos": 0,
                    "ZPos": -320,
                    "TextureArchive": 199,
                    "TextureRecord": 21,
                    "FactionID": 0,
                    "Flags": 17
                },
                {
                    "Position": 0,
                    "XPos": -256,
                    "YPos": 0,
                    "ZPos": -64,
                    "TextureArchive": 199,
                    "TextureRecord": 8,
                    "FactionID": 0,
                    "Flags": 0
                },
                {
                    "Position": 0,
                    "XPos": -282,
                    "YPos": 0,
                    "ZPos": 320,
                    "TextureArchive": 199,
                    "TextureRecord": 18,
                    "FactionID": 0,
                    "Flags": 0
                },
                {
                    "Position": 0,
                    "XPos": 0,
                    "YPos": -129,
                    "ZPos": 320,
                    "TextureArchive": 199,
                    "TextureRecord": 8,
                    "FactionID": 0,
                    "Flags": 0
                },
                {
                    "Position": 0,
                    "XPos": 0,
                    "YPos": -129,
                    "ZPos": -320,
                    "TextureArchive": 199,
                    "TextureRecord": 8,
                    "FactionID": 0,
                    "Flags": 0
                },
                {
                    "Position": 0,
                    "XPos": 177,
                    "YPos": -42,
                    "ZPos": -84,
                    "TextureArchive": 218,
                    "TextureRecord": 6,
                    "FactionID": 0,
                    "Flags": 0
                },
                {
                    "Position": 0,
                    "XPos": 176,
                    "YPos": -36,
                    "ZPos": -92,
                    "TextureArchive": 213,
                    "TextureRecord": 1,
                    "FactionID": 0,
                    "Flags": 0
                },
                {
                    "Position": 0,
                    "XPos": 171,
                    "YPos": 0,
                    "ZPos": -362,
                    "TextureArchive": 218,
                    "TextureRecord": 1,
                    "FactionID": 0,
                    "Flags": 0
                },
                {
                    "Position": 0,
                    "XPos": 10,
                    "YPos": -35,
                    "ZPos": -15,
                    "TextureArchive": 1210,
                    "TextureRecord": 10,
                    "FactionID": 0,
                    "Flags": 0
                },
                {
                    "Position": 0,
                    "XPos": 18,
                    "YPos": -35,
                    "ZPos": -24,
                    "TextureArchive": 1210,
                    "TextureRecord": 12,
                    "FactionID": 0,
                    "Flags": 0
                },
                {
                    "Position": 0,
                    "XPos": 10,
                    "YPos": -34,
                    "ZPos": -90,
                    "TextureArchive": 211,
                    "TextureRecord": 31,
                    "FactionID": 0,
                    "Flags": 0
                },
                {
                    "Position": 0,
                    "XPos": 9,
                    "YPos": 0,
                    "ZPos": -265,
                    "TextureArchive": 205,
                    "TextureRecord": 0,
                    "FactionID": 0,
                    "Flags": 0
                },
                {
                    "Position": 0,
                    "XPos": -50,
                    "YPos": 0,
                    "ZPos": -282,
                    "TextureArchive": 205,
                    "TextureRecord": 0,
                    "FactionID": 0,
                    "Flags": 0
                },
                {
                    "Position": 0,
                    "XPos": 238,
                    "YPos": 0,
                    "ZPos": 289,
                    "TextureArchive": 204,
                    "TextureRecord": 1,
                    "FactionID": 0,
                    "Flags": 0
                },
                {
                    "Position": 0,
                    "XPos": -286,
                    "YPos": -21,
                    "ZPos": -215,
                    "TextureArchive": 210,
                    "TextureRecord": 4,
                    "FactionID": 0,
                    "Flags": 0
                },
                {
                    "Position": 0,
                    "XPos": -294,
                    "YPos": -19,
                    "ZPos": -204,
                    "TextureArchive": 211,
                    "TextureRecord": 24,
                    "FactionID": 0,
                    "Flags": 0
                },
                {
                    "Position": 0,
                    "XPos": 212,
                    "YPos": -1,
                    "ZPos": -279,
                    "TextureArchive": 10010,
                    "TextureRecord": 40,
                    "FactionID": 0,
                    "Flags": 0
                },
                {
                    "Position": 0,
                    "XPos": 128,
                    "YPos": -90,
                    "ZPos": 256,
                    "TextureArchive": 210,
                    "TextureRecord": 27,
                    "FactionID": 0,
                    "Flags": 0
                },
                {
                    "Position": 0,
                    "XPos": 252,
                    "YPos": -89,
                    "ZPos": -64,
                    "TextureArchive": 210,
                    "TextureRecord": 27,
                    "FactionID": 0,
                    "Flags": 0
                },
                {
                    "Position": 0,
                    "XPos": -252,
                    "YPos": -87,
                    "ZPos": 128,
                    "TextureArchive": 210,
                    "TextureRecord": 27,
                    "FactionID": 0,
                    "Flags": 0
                },
                {
                    "Position": 0,
                    "XPos": -216,
                    "YPos": -32,
                    "ZPos": 176,
                    "TextureArchive": 211,
                    "TextureRecord": 1,
                    "FactionID": 0,
                    "Flags": 0
                },
                {
                    "Position": 0,
                    "XPos": -219,
                    "YPos": -32,
                    "ZPos": 154,
                    "TextureArchive": 209,
                    "TextureRecord": 9,
                    "FactionID": 0,
                    "Flags": 0
                },
                {
                    "Position": 0,
                    "XPos": 20,
                    "YPos": -30,
                    "ZPos": 218,
                    "TextureArchive": 56790,
                    "TextureRecord": 23,
                    "FactionID": 0,
                    "Flags": 0
                },
                {
                    "Position": 0,
                    "XPos": 2,
                    "YPos": -34,
                    "ZPos": -34,
                    "TextureArchive": 56790,
                    "TextureRecord": 25,
                    "FactionID": 0,
                    "Flags": 0
                },
                {
                    "Position": 0,
                    "XPos": -46,
                    "YPos": -5,
                    "ZPos": 216,
                    "TextureArchive": 199,
                    "TextureRecord": 4,
                    "FactionID": 0,
                    "Flags": 0
                },
                {
                    "Position": 0,
                    "XPos": -244,
                    "YPos": -1,
                    "ZPos": -190,
                    "TextureArchive": 199,
                    "TextureRecord": 11,
                    "FactionID": 0,
                    "Flags": 0
                },
                {
                    "Position": 0,
                    "XPos": -2,
                    "YPos": -33,
                    "ZPos": -66,
                    "TextureArchive": 56790,
                    "TextureRecord": 18,
                    "FactionID": 0,
                    "Flags": 0
                }
            ],
            "BlockSection3Records": [
                {
                    "XPos": -128,
                    "YPos": 0,
                    "ZPos": -64
                },
                {
                    "XPos": -128,
                    "YPos": 0,
                    "ZPos": 64
                },
                {
                    "XPos": 0,
                    "YPos": 0,
                    "ZPos": 64
                },
                {
                    "XPos": 128,
                    "YPos": 0,
                    "ZPos": 64
                },
                {
                    "XPos": 128,
                    "YPos": 0,
                    "ZPos": -64
                },
                {
                    "XPos": 128,
                    "YPos": 0,
                    "ZPos": -192
                },
                {
                    "XPos": 0,
                    "YPos": 0,
                    "ZPos": -192
                },
                {
                    "XPos": -128,
                    "YPos": 0,
                    "ZPos": -192
                },
                {
                    "XPos": 0,
                    "YPos": 0,
                    "ZPos": -64
                },
                {
                    "XPos": -128,
                    "YPos": 0,
                    "ZPos": -320
                },
                {
                    "XPos": 0,
                    "YPos": 0,
                    "ZPos": -320
                },
                {
                    "XPos": 128,
                    "YPos": 0,
                    "ZPos": -320
                },
                {
                    "XPos": 256,
                    "YPos": 0,
                    "ZPos": -320
                },
                {
                    "XPos": 256,
                    "YPos": 0,
                    "ZPos": -192
                },
                {
                    "XPos": 256,
                    "YPos": 0,
                    "ZPos": -64
                },
                {
                    "XPos": 256,
                    "YPos": 0,
                    "ZPos": 64
                },
                {
                    "XPos": -256,
                    "YPos": 0,
                    "ZPos": 64
                },
                {
                    "XPos": -256,
                    "YPos": 0,
                    "ZPos": 192
                },
                {
                    "XPos": 128,
                    "YPos": 0,
                    "ZPos": 192
                },
                {
                    "XPos": 128,
                    "YPos": 0,
                    "ZPos": 320
                },
                {
                    "XPos": 256,
                    "YPos": 0,
                    "ZPos": 192
                },
                {
                    "XPos": 256,
                    "YPos": 0,
                    "ZPos": 320
                },
                {
                    "XPos": -128,
                    "YPos": 0,
                    "ZPos": 320
                },
                {
                    "XPos": 0,
                    "YPos": 0,
                    "ZPos": 320
                },
                {
                    "XPos": 0,
                    "YPos": 0,
                    "ZPos": 192
                },
                {
                    "XPos": -128,
                    "YPos": 0,
                    "ZPos": 192
                },
                {
                    "XPos": -256,
                    "YPos": 0,
                    "ZPos": -192
                },
                {
                    "XPos": -256,
                    "YPos": -129,
                    "ZPos": 320
                },
                {
                    "XPos": -128,
                    "YPos": -129,
                    "ZPos": 320
                },
                {
                    "XPos": 128,
                    "YPos": -129,
                    "ZPos": 320
                },
                {
                    "XPos": 128,
                    "YPos": -129,
                    "ZPos": 192
                },
                {
                    "XPos": 256,
                    "YPos": -129,
                    "ZPos": 192
                },
                {
                    "XPos": 128,
                    "YPos": -129,
                    "ZPos": 64
                },
                {
                    "XPos": 0,
                    "YPos": -129,
                    "ZPos": 64
                },
                {
                    "XPos": -128,
                    "YPos": -129,
                    "ZPos": 64
                },
                {
                    "XPos": -256,
                    "YPos": -129,
                    "ZPos": 64
                },
                {
                    "XPos": -256,
                    "YPos": -129,
                    "ZPos": 192
                },
                {
                    "XPos": -128,
                    "YPos": -129,
                    "ZPos": 192
                },
                {
                    "XPos": 0,
                    "YPos": -129,
                    "ZPos": 192
                },
                {
                    "XPos": 256,
                    "YPos": -129,
                    "ZPos": 320
                },
                {
                    "XPos": 256,
                    "YPos": -129,
                    "ZPos": 64
                },
                {
                    "XPos": 128,
                    "YPos": -129,
                    "ZPos": -64
                },
                {
                    "XPos": 0,
                    "YPos": -129,
                    "ZPos": -64
                },
                {
                    "XPos": -128,
                    "YPos": -129,
                    "ZPos": -64
                },
                {
                    "XPos": -256,
                    "YPos": -129,
                    "ZPos": -64
                },
                {
                    "XPos": 0,
                    "YPos": -129,
                    "ZPos": -192
                },
                {
                    "XPos": 128,
                    "YPos": -129,
                    "ZPos": -192
                },
                {
                    "XPos": 256,
                    "YPos": -129,
                    "ZPos": -192
                },
                {
                    "XPos": -128,
                    "YPos": -129,
                    "ZPos": -192
                },
                {
                    "XPos": -256,
                    "YPos": -129,
                    "ZPos": -192
                },
                {
                    "XPos": 256,
                    "YPos": -129,
                    "ZPos": -64
                },
                {
                    "XPos": 256,
                    "YPos": -129,
                    "ZPos": -320
                },
                {
                    "XPos": 128,
                    "YPos": -129,
                    "ZPos": -320
                },
                {
                    "XPos": -128,
                    "YPos": -129,
                    "ZPos": -320
                },
                {
                    "XPos": -256,
                    "YPos": -129,
                    "ZPos": -320
                }
            ],
            "BlockPeopleRecords": [
                {
                    "Position": 2118,
                    "XPos": -120,
                    "YPos": 0,
                    "ZPos": -72,
                    "TextureArchive": 184,
                    "TextureRecord": 26,
                    "FactionID": 0,
                    "Flags": 33
                },
                {
                    "Position": 2119,
                    "XPos": -112,
                    "YPos": -4,
                    "ZPos": 318,
                    "TextureArchive": 182,
                    "TextureRecord": 35,
                    "FactionID": 0,
                    "Flags": 0
                }
            ],
            "BlockDoorRecords": [
                {
                    "Position": 0,
                    "XPos": -104,
                    "YPos": -46,
                    "ZPos": 124,
                    "YRotation": -1024,
                    "OpenRotation": 94,
                    "DoorModelIndex": 0
                },
                {
                    "Position": 1,
                    "XPos": 188,
                    "YPos": -46,
                    "ZPos": -344,
                    "YRotation": -1536,
                    "OpenRotation": 94,
                    "DoorModelIndex": 0
                },
                {
                    "Position": 2,
                    "XPos": -188,
                    "YPos": -46,
                    "ZPos": -296,
                    "YRotation": -512,
                    "OpenRotation": 94,
                    "DoorModelIndex": 0
                },
                {
                    "Position": 3,
                    "XPos": -188,
                    "YPos": -46,
                    "ZPos": -168,
                    "YRotation": -512,
                    "OpenRotation": 94,
                    "DoorModelIndex": 0
                },
                {
                    "Position": 4,
                    "XPos": -152,
                    "YPos": -46,
                    "ZPos": -252,
                    "YRotation": 0,
                    "OpenRotation": 94,
                    "DoorModelIndex": 0
                },
                {
                    "Position": 5,
                    "XPos": 188,
                    "YPos": -46,
                    "ZPos": 40,
                    "YRotation": -1536,
                    "OpenRotation": 94,
                    "DoorModelIndex": 0
                },
                {
                    "Position": 6,
                    "XPos": 185,
                    "YPos": -46,
                    "ZPos": -216,
                    "YRotation": -1536,
                    "OpenRotation": 94,
                    "DoorModelIndex": 0
                },
                {
                    "Position": 7,
                    "XPos": 151,
                    "YPos": -45,
                    "ZPos": 124,
                    "YRotation": -1024,
                    "OpenRotation": 94,
                    "DoorModelIndex": 0
                },
                {
                    "Position": 8,
                    "XPos": -188,
                    "YPos": -46,
                    "ZPos": 88,
                    "YRotation": -512,
                    "OpenRotation": 94,
                    "DoorModelIndex": 0
                },
                {
                    "Position": 9,
                    "XPos": 280,
                    "YPos": -46,
                    "ZPos": -260,
                    "YRotation": -1024,
                    "OpenRotation": 94,
                    "DoorModelIndex": 0
                },
                {
                    "Position": 10,
                    "XPos": 232,
                    "YPos": -46,
                    "ZPos": 130,
                    "YRotation": 0,
                    "OpenRotation": 94,
                    "DoorModelIndex": 0
                }
            ]
        }
    },
    "AutoMapData": null
}