{
    "FactionId": 0,
    "BuildingType": 18,
    "Quality": 5,
    "NameSeed": 0,
    "RmbSubRecord": {
        "XPos": 3392,
        "ZPos": 2944,
        "YRotation": 1536,
        "Exterior": {
            "Header": {
                "Num3dObjectRecords": 2,
                "NumFlatObjectRecords": 0,
                "NumSection3Records": 0,
                "NumPeopleRecords": 0,
                "NumDoorRecords": 0
            },
            "Block3dObjectRecords": [
                {
                    "ModelId": "125",
                    "ModelIdNum": 125,
                    "ObjectType": 4,
                    "XPos": 0,
                    "YPos": 0,
                    "ZPos": 0,
                    "XRotation": 0,
                    "YRotation": 0,
                    "ZRotation": 0
                },
                {
                    "ModelId": "41902",
                    "ModelIdNum": 41902,
                    "ObjectType": 67,
                    "XPos": 184,
                    "YPos": -65,
                    "ZPos": -248,
                    "XRotation": 0,
                    "YRotation": 0,
                    "ZRotation": 0
                }
            ],
            "BlockFlatObjectRecords": [],
            "BlockSection3Records": [],
            "BlockPeopleRecords": [],
            "BlockDoorRecords": []
        },
        "Interior": {
            "Header": {
                "Num3dObjectRecords": 10,
                "NumFlatObjectRecords": 8,
                "NumSection3Records": 9,
                "NumPeopleRecords": 1,
                "NumDoorRecords": 2
            },
            "Block3dObjectRecords": [
                {
                    "ModelId": "12001",
                    "ModelIdNum": 12001,
                    "ObjectType": 13,
                    "XPos": 0,
                    "YPos": -63,
                    "ZPos": 84,
                    "XRotation": 0,
                    "YRotation": -1024,
                    "ZRotation": 0
                },
                {
                    "ModelId": "16012",
                    "ModelIdNum": 16012,
                    "ObjectType": 13,
                    "XPos": -64,
                    "YPos": -63,
                    "ZPos": -189,
                    "XRotation": 0,
                    "YRotation": -1536,
                    "ZRotation": 0
                },
                {
                    "ModelId": "41002",
                    "ModelIdNum": 41002,
                    "ObjectType": 3,
                    "XPos": 4,
                    "YPos": 3,
                    "ZPos": 200,
                    "XRotation": 0,
                    "YRotation": -1536,
                    "ZRotation": 0
                },
                {
                    "ModelId": "41112",
                    "ModelIdNum": 41112,
                    "ObjectType": 3,
                    "XPos": 152,
                    "YPos": 2,
                    "ZPos": -32,
                    "XRotation": 0,
                    "YRotation": -512,
                    "ZRotation": 0
                },
                {
                    "ModelId": "41105",
                    "ModelIdNum": 41105,
                    "ObjectType": 3,
                    "XPos": 112,
                    "YPos": 2,
                    "ZPos": -32,
                    "XRotation": 0,
                    "YRotation": -449,
                    "ZRotation": 0
                },
                {
                    "ModelId": "41116",
                    "ModelIdNum": 41116,
                    "ObjectType": 3,
                    "XPos": -2,
                    "YPos": 7,
                    "ZPos": 6,
                    "ZScale": 1.08,
                    "XRotation": 0,
                    "YRotation": 0,
                    "ZRotation": 0
                },
                {
                    "ModelId": "45076",
                    "ModelIdNum": 45076,
                    "ObjectType": 0,
                    "XPos": -2,
                    "YPos": -70,
                    "ZPos": 7,
                    "XScale": 1.1,
                    "ZScale": 0.3,
                    "XRotation": 0,
                    "YRotation": 0,
                    "ZRotation": 0
                },
                {
                    "ModelId": "45081",
                    "ModelIdNum": 45081,
                    "ObjectType": 0,
                    "XPos": 40,
                    "YPos": -54,
                    "ZPos": 16,
                    "XRotation": 0,
                    "YRotation": 0,
                    "ZRotation": -512
                },
                {
                    "ModelId": "45081",
                    "ModelIdNum": 45081,
                    "ObjectType": 0,
                    "XPos": 36,
                    "YPos": -48,
                    "ZPos": 14,
                    "XScale": 0.4999999,
                    "YScale": 0.8999999,
                    "XRotation": 0,
                    "YRotation": 0,
                    "ZRotation": -512
                },
                {
                    "ModelId": "45129",
                    "ModelIdNum": 45129,
                    "ObjectType": 0,
                    "XPos": 63,
                    "YPos": -3,
                    "ZPos": 19,
                    "YScale": 1.5,
                    "ZScale": 3.0,
                    "XRotation": 0,
                    "YRotation": 0,
                    "ZRotation": -512
                },
                {
                    "ModelId": "51109",
                    "ModelIdNum": 51109,
                    "ObjectType": 0,
                    "XPos": -64,
                    "YPos": -15,
                    "ZPos": -145,
                    "XRotation": 0,
                    "YRotation": 0,
                    "ZRotation": 0
                },
                {
                    "ModelId": "31022",
                    "ModelIdNum": 31022,
                    "ObjectType": 13,
                    "XPos": 23,
                    "YPos": 2,
                    "ZPos": -78,
                    "XScale": 0.9118499,
                    "ZScale": 0.8380498,
                    "XRotation": 0,
                    "YRotation": -1536,
                    "ZRotation": 0
                },
                {
                    "ModelId": "79010",
                    "ModelIdNum": 79010,
                    "ObjectType": 0,
                    "XPos": -72,
                    "YPos": -70,
                    "ZPos": -60,
                    "XRotation": -1536,
                    "YRotation": 0,
                    "ZRotation": 0
                },
                {
                    "ModelId": "41108",
                    "ModelIdNum": 41108,
                    "ObjectType": 0,
                    "XPos": 48,
                    "YPos": -10,
                    "ZPos": 218,
                    "XScale": 0.4830121,
                    "YScale": 0.5609322,
                    "ZScale": 0.6689238,
                    "XRotation": 0,
                    "YRotation": 0,
                    "ZRotation": 0
                },
                {
                    "ModelId": "41013",
                    "ModelIdNum": 41013,
                    "ObjectType": 3,
                    "XPos": 172,
                    "YPos": 2,
                    "ZPos": 140,
                    "XRotation": 0,
                    "YRotation": -512,
                    "ZRotation": 0
                },
                {
                    "ModelId": "8000",
                    "ModelIdNum": 8000,
                    "ObjectType": 13,
                    "XPos": 30,
                    "YPos": 66,
                    "ZPos": -186,
                    "XRotation": 0,
                    "YRotation": 0,
                    "ZRotation": 0
                },
                {
                    "ModelId": "3000",
                    "ModelIdNum": 3000,
                    "ObjectType": 13,
                    "XPos": 30,
                    "YPos": 66,
                    "ZPos": -122,
                    "XRotation": 0,
                    "YRotation": -512,
                    "ZRotation": 0
                },
                {
                    "ModelId": "41130",
                    "ModelIdNum": 41130,
                    "ObjectType": 0,
                    "XPos": -2,
                    "YPos": 112,
                    "ZPos": -226,
                    "XScale": 0.5668991,
                    "YScale": 0.7584593,
                    "ZScale": 0.9476867,
                    "XRotation": 0,
                    "YRotation": 0,
                    "ZRotation": 0
                },
                {
                    "ModelId": "41100",
                    "ModelIdNum": 41100,
                    "ObjectType": 0,
                    "XPos": -2,
                    "YPos": 114,
                    "ZPos": -184,
                    "XRotation": 0,
                    "YRotation": -694,
                    "ZRotation": 0
                },
                {
                    "ModelId": "41025",
                    "ModelIdNum": 41025,
                    "ObjectType": 0,
                    "XPos": 52,
                    "YPos": 92,
                    "ZPos": -236,
                    "XRotation": 0,
                    "YRotation": 0,
                    "ZRotation": 0
                },
                {
                    "ModelId": "41242",
                    "ModelIdNum": 41242,
                    "ObjectType": 0,
                    "XPos": 64,
                    "YPos": 3,
                    "ZPos": -135,
                    "XScale": 0.76065,
                    "XRotation": 0,
                    "YRotation": 0,
                    "ZRotation": 0
                },
                {
                    "ModelId": "62319",
                    "ModelIdNum": 62319,
                    "ObjectType": 0,
                    "XPos": 64,
                    "YPos": -66,
                    "ZPos": -127,
                    "XScale": 1.1383,
                    "XRotation": 0,
                    "YRotation": 0,
                    "ZRotation": -1536
                },
                {
                    "ModelId": "3000",
                    "ModelIdNum": 3000,
                    "ObjectType": 13,
                    "XPos": 1,
                    "YPos": -64,
                    "ZPos": -131,
                    "XRotation": 0,
                    "YRotation": -512,
                    "ZRotation": 0
                },
                {
                    "ModelId": "74800",
                    "ModelIdNum": 74800,
                    "ObjectType": 0,
                    "XPos": 11,
                    "YPos": 3,
                    "ZPos": 186,
                    "XRotation": -1536,
                    "YRotation": 0,
                    "ZRotation": 0
                },
                {
                    "ModelId": "41120",
                    "ModelIdNum": 41120,
                    "ObjectType": 0,
                    "XPos": -176,
                    "YPos": -32,
                    "ZPos": 130,
                    "XRotation": 0,
                    "YRotation": -512,
                    "ZRotation": 0
                },
                {
                    "ModelId": "69465",
                    "ModelIdNum": 69465,
                    "ObjectType": 0,
                    "XPos": -2,
                    "YPos": 6,
                    "ZPos": 8,
                    "XScale": 0.272838,
                    "YScale": 0.6,
                    "ZScale": 0.888741,
                    "XRotation": 0,
                    "YRotation": -512,
                    "ZRotation": 0
                },
                {
                    "ModelId": "1000",
                    "ModelIdNum": 1000,
                    "ObjectType": 13,
                    "XPos": 18,
                    "YPos": 0,
                    "ZPos": -64,
                    "XScale": 0.8310115,
                    "XRotation": 0,
                    "YRotation": 0,
                    "ZRotation": 0
                },
                {
                    "ModelId": "41003",
                    "ModelIdNum": 41003,
                    "ObjectType": 0,
                    "XPos": -126,
                    "YPos": -62,
                    "ZPos": -230,
                    "XRotation": 0,
                    "YRotation": 0,
                    "ZRotation": 0
                },
                {
                    "ModelId": "69471",
                    "ModelIdNum": 69471,
                    "ObjectType": 0,
                    "XPos": 22,
                    "YPos": -2,
                    "ZPos": -120,
                    "XRotation": 0,
                    "YRotation": -1024,
                    "ZRotation": 0
                },
                {
                    "ModelId": "69472",
                    "ModelIdNum": 69472,
                    "ObjectType": 0,
                    "XPos": 22,
                    "YPos": 4,
                    "ZPos": -68,
                    "XRotation": 0,
                    "YRotation": 0,
                    "ZRotation": -1024
                },
                {
                    "ModelId": "2000",
                    "ModelIdNum": 2000,
                    "ObjectType": 13,
                    "XPos": 24,
                    "YPos": 0,
                    "ZPos": -72,
                    "XScale": 0.7402203,
                    "XRotation": 0,
                    "YRotation": 0,
                    "ZRotation": 0
                },
                {
                    "ModelId": "41113",
                    "ModelIdNum": 41113,
                    "ObjectType": 0,
                    "XPos": -140,
                    "YPos": -14,
                    "ZPos": 142,
                    "XScale": 1.3,
                    "YScale": 1.3,
                    "ZScale": 1.3,
                    "XRotation": 0,
                    "YRotation": -512,
                    "ZRotation": 0
                },
                {
                    "ModelId": "41051",
                    "ModelIdNum": 41051,
                    "ObjectType": 3,
                    "XPos": -176,
                    "YPos": 1,
                    "ZPos": 70,
                    "XRotation": 0,
                    "YRotation": -512,
                    "ZRotation": 0
                }
            ],
            "BlockFlatObjectRecords": [
                {
                    "Position": 0,
                    "XPos": -64,
                    "YPos": -80,
                    "ZPos": -190,
                    "TextureArchive": 210,
                    "TextureRecord": 13,
                    "FactionID": 28680,
                    "Flags": 17
                },
                {
                    "Position": 0,
                    "XPos": 124,
                    "YPos": -80,
                    "ZPos": 86,
                    "TextureArchive": 210,
                    "TextureRecord": 13,
                    "FactionID": -32752,
                    "Flags": 17
                },
                {
                    "Position": 0,
                    "XPos": -122,
                    "YPos": -80,
                    "ZPos": 158,
                    "TextureArchive": 210,
                    "TextureRecord": 13,
                    "FactionID": 30732,
                    "Flags": 17
                },
                {
                    "Position": 0,
                    "XPos": -128,
                    "YPos": 0,
                    "ZPos": -192,
                    "TextureArchive": 199,
                    "TextureRecord": 8,
                    "FactionID": 0,
                    "Flags": 0
                },
                {
                    "Position": 0,
                    "XPos": 0,
                    "YPos": 0,
                    "ZPos": -192,
                    "TextureArchive": 199,
                    "TextureRecord": 8,
                    "FactionID": 0,
                    "Flags": 0
                },
                {
                    "Position": 0,
                    "XPos": 15,
                    "YPos": 109,
                    "ZPos": -236,
                    "TextureArchive": 210,
                    "TextureRecord": 4,
                    "FactionID": 0,
                    "Flags": 0
                },
                {
                    "Position": 0,
                    "XPos": -4,
                    "YPos": 110,
                    "ZPos": -224,
                    "TextureArchive": 209,
                    "TextureRecord": 3,
                    "FactionID": 0,
                    "Flags": 0
                },
                {
                    "Position": 0,
                    "XPos": 146,
                    "YPos": -28,
                    "ZPos": -18,
                    "TextureArchive": 1210,
                    "TextureRecord": 11,
                    "FactionID": 0,
                    "Flags": 0
                },
                {
                    "Position": 0,
                    "XPos": 48,
                    "YPos": -18,
                    "ZPos": 216,
                    "TextureArchive": 10021,
                    "TextureRecord": 10,
                    "FactionID": 0,
                    "Flags": 0
                },
                {
                    "Position": 0,
                    "XPos": 122,
                    "YPos": -2,
                    "ZPos": 210,
                    "TextureArchive": 1301,
                    "TextureRecord": 2,
                    "FactionID": 0,
                    "Flags": 0
                },
                {
                    "Position": 0,
                    "XPos": 52,
                    "YPos": 128,
                    "ZPos": -192,
                    "TextureArchive": 199,
                    "TextureRecord": 11,
                    "FactionID": 0,
                    "Flags": 0
                },
                {
                    "Position": 0,
                    "XPos": 60,
                    "YPos": -1,
                    "ZPos": 94,
                    "TextureArchive": 199,
                    "TextureRecord": 18,
                    "FactionID": 0,
                    "Flags": 0
                },
                {
                    "Position": 0,
                    "XPos": -100,
                    "YPos": -1,
                    "ZPos": 198,
                    "TextureArchive": 199,
                    "TextureRecord": 4,
                    "FactionID": 0,
                    "Flags": 0
                },
                {
                    "Position": 0,
                    "XPos": 30,
                    "YPos": 129,
                    "ZPos": -126,
                    "TextureArchive": 199,
                    "TextureRecord": 13,
                    "FactionID": 0,
                    "Flags": 0
                },
                {
                    "Position": 0,
                    "XPos": -4,
                    "YPos": -1,
                    "ZPos": -150,
                    "TextureArchive": 199,
                    "TextureRecord": 14,
                    "FactionID": 0,
                    "Flags": 0
                },
                {
                    "Position": 0,
                    "XPos": 150,
                    "YPos": -24,
                    "ZPos": -42,
                    "TextureArchive": 10021,
                    "TextureRecord": 15,
                    "FactionID": 0,
                    "Flags": 0
                }
            ],
            "BlockSection3Records": [
                {
                    "XPos": -128,
                    "YPos": 0,
                    "ZPos": -64
                },
                {
                    "XPos": -128,
                    "YPos": 0,
                    "ZPos": 64
                },
                {
                    "XPos": -128,
                    "YPos": 0,
                    "ZPos": 192
                },
                {
                    "XPos": 0,
                    "YPos": 0,
                    "ZPos": 192
                },
                {
                    "XPos": 128,
                    "YPos": 0,
                    "ZPos": 192
                },
                {
                    "XPos": 0,
                    "YPos": 0,
                    "ZPos": 64
                },
                {
                    "XPos": 128,
                    "YPos": 0,
                    "ZPos": 64
                },
                {
                    "XPos": 128,
                    "YPos": 0,
                    "ZPos": -64
                },
                {
                    "XPos": 0,
                    "YPos": 0,
                    "ZPos": -64
                }
            ],
            "BlockPeopleRecords": [],
            "BlockDoorRecords": [
                {
                    "Position": 0,
                    "XPos": -152,
                    "YPos": -46,
                    "ZPos": -126,
                    "YRotation": 0,
                    "OpenRotation": 90,
                    "DoorModelIndex": 0
                }
            ]
        }
    },
    "AutoMapData": null
}