{
    "FactionId": 0,
    "BuildingType": 18,
    "Quality": 8,
    "NameSeed": 0,
    "RmbSubRecord": {
        "XPos": 1984,
        "ZPos": 1984,
        "YRotation": 0,
        "Exterior": {
            "Header": {
                "Num3dObjectRecords": 1,
                "NumFlatObjectRecords": 0,
                "NumSection3Records": 0,
                "NumPeopleRecords": 0,
                "NumDoorRecords": 0
            },
            "Block3dObjectRecords": [
                {
                    "ModelId": "200",
                    "ModelIdNum": 200,
                    "ObjectType": 4,
                    "XPos": 0,
                    "YPos": 0,
                    "ZPos": 0,
                    "XRotation": 0,
                    "YRotation": 0,
                    "ZRotation": 0
                },
                {
                    "ModelId": "45117",
                    "ModelIdNum": 45117,
                    "ObjectType": 4,
                    "XPos": -64,
                    "YPos": -24,
                    "ZPos": -98,
                    "XRotation": 0,
                    "YRotation": 0,
                    "ZRotation": 0
                },
                {
                    "ModelId": "45117",
                    "ModelIdNum": 45117,
                    "ObjectType": 4,
                    "XPos": -64,
                    "YPos": -24,
                    "ZPos": -160,
                    "XRotation": 0,
                    "YRotation": 0,
                    "ZRotation": 0
                }
            ],
            "BlockFlatObjectRecords": [],
            "BlockSection3Records": [],
            "BlockPeopleRecords": [],
            "BlockDoorRecords": []
        },
        "Interior": {
            "Header": {
                "Num3dObjectRecords": 22,
                "NumFlatObjectRecords": 7,
                "NumSection3Records": 11,
                "NumPeopleRecords": 1,
                "NumDoorRecords": 2
            },
            "Block3dObjectRecords": [
                {
                    "ModelId": "31719",
                    "ModelIdNum": 31719,
                    "ObjectType": 13,
                    "XPos": 3,
                    "YPos": -64,
                    "ZPos": 0,
                    "XRotation": 0,
                    "YRotation": -1536,
                    "ZRotation": 0
                },
                {
                    "ModelId": "31706",
                    "ModelIdNum": 31706,
                    "ObjectType": 13,
                    "XPos": 125,
                    "YPos": -63,
                    "ZPos": 253,
                    "XRotation": 0,
                    "YRotation": -1536,
                    "ZRotation": 0
                },
                {
                    "ModelId": "31706",
                    "ModelIdNum": 31706,
                    "ObjectType": 13,
                    "XPos": 3,
                    "YPos": -63,
                    "ZPos": 131,
                    "XRotation": 0,
                    "YRotation": -512,
                    "ZRotation": 0
                },
                {
                    "ModelId": "41108",
                    "ModelIdNum": 41108,
                    "ObjectType": 3,
                    "XPos": -11,
                    "YPos": 1,
                    "ZPos": 165,
                    "XRotation": 0,
                    "YRotation": -6,
                    "ZRotation": 0
                },
                {
                    "ModelId": "41106",
                    "ModelIdNum": 41106,
                    "ObjectType": 3,
                    "XPos": -11,
                    "YPos": 2,
                    "ZPos": 201,
                    "XRotation": 0,
                    "YRotation": -11,
                    "ZRotation": 0
                },
                {
                    "ModelId": "41106",
                    "ModelIdNum": 41106,
                    "ObjectType": 3,
                    "XPos": -9,
                    "YPos": 1,
                    "ZPos": 125,
                    "XRotation": 0,
                    "YRotation": -1069,
                    "ZRotation": 0
                },
                {
                    "ModelId": "41106",
                    "ModelIdNum": 41106,
                    "ObjectType": 3,
                    "XPos": 174,
                    "YPos": 1,
                    "ZPos": -128,
                    "XRotation": 0,
                    "YRotation": -512,
                    "ZRotation": 0
                },
                {
                    "ModelId": "3718",
                    "ModelIdNum": 3718,
                    "ObjectType": 13,
                    "XPos": -62,
                    "YPos": -63,
                    "ZPos": -128,
                    "XRotation": 0,
                    "YRotation": -1024,
                    "ZRotation": 0
                },
                {
                    "ModelId": "3704",
                    "ModelIdNum": 3704,
                    "ObjectType": 13,
                    "XPos": 0,
                    "YPos": -63,
                    "ZPos": -70,
                    "XRotation": 0,
                    "YRotation": -1536,
                    "ZRotation": 0
                },
                {
                    "ModelId": "3704",
                    "ModelIdNum": 3704,
                    "ObjectType": 13,
                    "XPos": -58,
                    "YPos": -63,
                    "ZPos": -256,
                    "XRotation": 0,
                    "YRotation": -1024,
                    "ZRotation": 0
                },
                {
                    "ModelId": "3717",
                    "ModelIdNum": 3717,
                    "ObjectType": 13,
                    "XPos": 128,
                    "YPos": 1,
                    "ZPos": -260,
                    "XRotation": 0,
                    "YRotation": -512,
                    "ZRotation": 0
                },
                {
                    "ModelId": "3718",
                    "ModelIdNum": 3718,
                    "ObjectType": 13,
                    "XPos": 190,
                    "YPos": -63,
                    "ZPos": -128,
                    "XRotation": 0,
                    "YRotation": 0,
                    "ZRotation": 0
                },
                {
                    "ModelId": "3704",
                    "ModelIdNum": 3704,
                    "ObjectType": 13,
                    "XPos": 186,
                    "YPos": -63,
                    "ZPos": -256,
                    "XRotation": 0,
                    "YRotation": 0,
                    "ZRotation": 0
                },
                {
                    "ModelId": "31725",
                    "ModelIdNum": 31725,
                    "ObjectType": 13,
                    "XPos": 128,
                    "YPos": -63,
                    "ZPos": 128,
                    "XRotation": 0,
                    "YRotation": -1536,
                    "ZRotation": 0
                },
                {
                    "ModelId": "3718",
                    "ModelIdNum": 3718,
                    "ObjectType": 13,
                    "XPos": 190,
                    "YPos": -63,
                    "ZPos": 128,
                    "XRotation": 0,
                    "YRotation": 0,
                    "ZRotation": 0
                },
                {
                    "ModelId": "31725",
                    "ModelIdNum": 31725,
                    "ObjectType": 13,
                    "XPos": 0,
                    "YPos": -63,
                    "ZPos": 256,
                    "XRotation": 0,
                    "YRotation": -1536,
                    "ZRotation": 0
                },
                {
                    "ModelId": "15714",
                    "ModelIdNum": 15714,
                    "ObjectType": 13,
                    "XPos": -128,
                    "YPos": 1,
                    "ZPos": 128,
                    "XRotation": 0,
                    "YRotation": 0,
                    "ZRotation": 0
                },
                {
                    "ModelId": "31726",
                    "ModelIdNum": 31726,
                    "ObjectType": 13,
                    "XPos": -128,
                    "YPos": -62,
                    "ZPos": 253,
                    "XRotation": 0,
                    "YRotation": -1536,
                    "ZRotation": 0
                },
                {
                    "ModelId": "3700",
                    "ModelIdNum": 3700,
                    "ObjectType": 13,
                    "XPos": -61,
                    "YPos": -63,
                    "ZPos": 256,
                    "XRotation": 0,
                    "YRotation": -1024,
                    "ZRotation": 0
                },
                {
                    "ModelId": "3716",
                    "ModelIdNum": 3716,
                    "ObjectType": 13,
                    "XPos": -190,
                    "YPos": -62,
                    "ZPos": 256,
                    "XRotation": 0,
                    "YRotation": -1024,
                    "ZRotation": 0
                },
                {
                    "ModelId": "3717",
                    "ModelIdNum": 3717,
                    "ObjectType": 13,
                    "XPos": -132,
                    "YPos": 2,
                    "ZPos": 128,
                    "XRotation": 0,
                    "YRotation": -1024,
                    "ZRotation": 0
                },
                {
                    "ModelId": "3718",
                    "ModelIdNum": 3718,
                    "ObjectType": 13,
                    "XPos": 0,
                    "YPos": -63,
                    "ZPos": 318,
                    "XRotation": 0,
                    "YRotation": -1536,
                    "ZRotation": 0
                },
                {
                    "ModelId": "31725",
                    "ModelIdNum": 31725,
                    "ObjectType": 13,
                    "XPos": 128,
                    "YPos": -63,
                    "ZPos": -128,
                    "XRotation": 0,
                    "YRotation": -1536,
                    "ZRotation": 0
                },
                {
                    "ModelId": "31725",
                    "ModelIdNum": 31725,
                    "ObjectType": 13,
                    "XPos": 0,
                    "YPos": -63,
                    "ZPos": -128,
                    "XRotation": 0,
                    "YRotation": -1536,
                    "ZRotation": 0
                },
                {
                    "ModelId": "31725",
                    "ModelIdNum": 31725,
                    "ObjectType": 13,
                    "XPos": 0,
                    "YPos": -63,
                    "ZPos": -256,
                    "XRotation": 0,
                    "YRotation": -1536,
                    "ZRotation": 0
                },
                {
                    "ModelId": "31725",
                    "ModelIdNum": 31725,
                    "ObjectType": 13,
                    "XPos": 128,
                    "YPos": -63,
                    "ZPos": -256,
                    "XRotation": 0,
                    "YRotation": -1536,
                    "ZRotation": 0
                },
                {
                    "ModelId": "3716",
                    "ModelIdNum": 3716,
                    "ObjectType": 13,
                    "XPos": 0,
                    "YPos": -63,
                    "ZPos": -318,
                    "XRotation": 0,
                    "YRotation": -512,
                    "ZRotation": 0
                },
                {
                    "ModelId": "3700",
                    "ModelIdNum": 3700,
                    "ObjectType": 13,
                    "XPos": 61,
                    "YPos": -64,
                    "ZPos": 0,
                    "XRotation": 0,
                    "YRotation": 0,
                    "ZRotation": 0
                },
                {
                    "ModelId": "15708",
                    "ModelIdNum": 15708,
                    "ObjectType": 13,
                    "XPos": 128,
                    "YPos": 0,
                    "ZPos": 0,
                    "XRotation": 0,
                    "YRotation": -1024,
                    "ZRotation": 0
                },
                {
                    "ModelId": "31718",
                    "ModelIdNum": 31718,
                    "ObjectType": 13,
                    "XPos": -131,
                    "YPos": 66,
                    "ZPos": 126,
                    "XRotation": 0,
                    "YRotation": 0,
                    "ZRotation": 0
                },
                {
                    "ModelId": "15713",
                    "ModelIdNum": 15713,
                    "ObjectType": 13,
                    "XPos": -128,
                    "YPos": 66,
                    "ZPos": 248,
                    "XRotation": 0,
                    "YRotation": -1024,
                    "ZRotation": 0
                },
                {
                    "ModelId": "31727",
                    "ModelIdNum": 31727,
                    "ObjectType": 13,
                    "XPos": -3,
                    "YPos": 66,
                    "ZPos": 248,
                    "XRotation": 0,
                    "YRotation": -512,
                    "ZRotation": 0
                },
                {
                    "ModelId": "15714",
                    "ModelIdNum": 15714,
                    "ObjectType": 13,
                    "XPos": 125,
                    "YPos": 129,
                    "ZPos": 251,
                    "XRotation": 0,
                    "YRotation": -1536,
                    "ZRotation": 0
                },
                {
                    "ModelId": "15714",
                    "ModelIdNum": 15714,
                    "ObjectType": 13,
                    "XPos": 125,
                    "YPos": 129,
                    "ZPos": 123,
                    "XRotation": 0,
                    "YRotation": 0,
                    "ZRotation": 0
                },
                {
                    "ModelId": "15714",
                    "ModelIdNum": 15714,
                    "ObjectType": 13,
                    "XPos": -3,
                    "YPos": 129,
                    "ZPos": 123,
                    "XRotation": 0,
                    "YRotation": -512,
                    "ZRotation": 0
                },
                {
                    "ModelId": "41036",
                    "ModelIdNum": 41036,
                    "ObjectType": 0,
                    "XPos": -49,
                    "YPos": -37,
                    "ZPos": -28,
                    "XRotation": 0,
                    "YRotation": -512,
                    "ZRotation": 0
                },
                {
                    "ModelId": "41006",
                    "ModelIdNum": 41006,
                    "ObjectType": 0,
                    "XPos": 1,
                    "YPos": -35,
                    "ZPos": -79,
                    "XRotation": 0,
                    "YRotation": 0,
                    "ZRotation": 0
                },
                {
                    "ModelId": "41040",
                    "ModelIdNum": 41040,
                    "ObjectType": 0,
                    "XPos": -128,
                    "YPos": -36,
                    "ZPos": 306,
                    "XRotation": 0,
                    "YRotation": -1024,
                    "ZRotation": 0
                },
                {
                    "ModelId": "41004",
                    "ModelIdNum": 41004,
                    "ObjectType": 0,
                    "XPos": -89,
                    "YPos": -61,
                    "ZPos": 147,
                    "XRotation": 0,
                    "YRotation": -1536,
                    "ZRotation": 0
                },
                {
                    "ModelId": "41124",
                    "ModelIdNum": 41124,
                    "ObjectType": 0,
                    "XPos": -26,
                    "YPos": -33,
                    "ZPos": 82,
                    "XRotation": 0,
                    "YRotation": 0,
                    "ZRotation": 0
                },
                {
                    "ModelId": "41124",
                    "ModelIdNum": 41124,
                    "ObjectType": 0,
                    "XPos": 38,
                    "YPos": -33,
                    "ZPos": 82,
                    "XRotation": 0,
                    "YRotation": 0,
                    "ZRotation": 0
                },
                {
                    "ModelId": "41003",
                    "ModelIdNum": 41003,
                    "ObjectType": 3,
                    "XPos": -151,
                    "YPos": -127,
                    "ZPos": 292,
                    "XRotation": 0,
                    "YRotation": -1024,
                    "ZRotation": 0
                },
                {
                    "ModelId": "41051",
                    "ModelIdNum": 41051,
                    "ObjectType": 0,
                    "XPos": -81,
                    "YPos": 93,
                    "ZPos": 153,
                    "XRotation": 0,
                    "YRotation": -1536,
                    "ZRotation": 0
                },
                {
                    "ModelId": "41831",
                    "ModelIdNum": 41831,
                    "ObjectType": 0,
                    "XPos": -98,
                    "YPos": 117,
                    "ZPos": 96,
                    "XRotation": 0,
                    "YRotation": -2011,
                    "ZRotation": 0
                },
                {
                    "ModelId": "41815",
                    "ModelIdNum": 41815,
                    "ObjectType": 0,
                    "XPos": -97,
                    "YPos": 98,
                    "ZPos": 94,
                    "XRotation": 0,
                    "YRotation": 0,
                    "ZRotation": 0
                },
                {
                    "ModelId": "41019",
                    "ModelIdNum": 41019,
                    "ObjectType": 0,
                    "XPos": 174,
                    "YPos": 91,
                    "ZPos": 248,
                    "XRotation": 0,
                    "YRotation": -1536,
                    "ZRotation": 0
                },
                {
                    "ModelId": "41108",
                    "ModelIdNum": 41108,
                    "ObjectType": 0,
                    "XPos": 157,
                    "YPos": 111,
                    "ZPos": 102,
                    "XRotation": 0,
                    "YRotation": -512,
                    "ZRotation": 0
                },
                {
                    "ModelId": "41102",
                    "ModelIdNum": 41102,
                    "ObjectType": 0,
                    "XPos": 117,
                    "YPos": 113,
                    "ZPos": 91,
                    "XRotation": 0,
                    "YRotation": -89,
                    "ZRotation": 0
                },
                {
                    "ModelId": "41050",
                    "ModelIdNum": 41050,
                    "ObjectType": 0,
                    "XPos": -40,
                    "YPos": 116,
                    "ZPos": 189,
                    "ZScale": 1.25,
                    "XRotation": 0,
                    "YRotation": -512,
                    "ZRotation": 0
                },
                {
                    "ModelId": "41811",
                    "ModelIdNum": 41811,
                    "ObjectType": 3,
                    "XPos": 161,
                    "YPos": -129,
                    "ZPos": 154,
                    "XRotation": 0,
                    "YRotation": -512,
                    "ZRotation": 0
                },
                {
                    "ModelId": "79010",
                    "ModelIdNum": 79010,
                    "ObjectType": 0,
                    "XPos": 60,
                    "YPos": 50,
                    "ZPos": 308,
                    "XRotation": -1536,
                    "YRotation": -1536,
                    "ZRotation": 0
                },
                {
                    "ModelId": "41005",
                    "ModelIdNum": 41005,
                    "ObjectType": 0,
                    "XPos": 29,
                    "YPos": -39,
                    "ZPos": 49,
                    "XRotation": 0,
                    "YRotation": 0,
                    "ZRotation": 0
                },
                {
                    "ModelId": "79018",
                    "ModelIdNum": 79018,
                    "ObjectType": 0,
                    "XPos": 185,
                    "YPos": -74,
                    "ZPos": 1,
                    "XRotation": 0,
                    "YRotation": -1536,
                    "ZRotation": 0
                },
                {
                    "ModelId": "41120",
                    "ModelIdNum": 41120,
                    "ObjectType": 0,
                    "XPos": -48,
                    "YPos": -32,
                    "ZPos": -259,
                    "XRotation": 0,
                    "YRotation": -512,
                    "ZRotation": 0
                },
                {
                    "ModelId": "41113",
                    "ModelIdNum": 41113,
                    "ObjectType": 0,
                    "XPos": -13,
                    "YPos": -11,
                    "ZPos": -258,
                    "XRotation": 0,
                    "YRotation": -1583,
                    "ZRotation": 0
                },
                {
                    "ModelId": "41102",
                    "ModelIdNum": 41102,
                    "ObjectType": 0,
                    "XPos": 33,
                    "YPos": -16,
                    "ZPos": -116,
                    "XRotation": 0,
                    "YRotation": -1585,
                    "ZRotation": 0
                },
                {
                    "ModelId": "41116",
                    "ModelIdNum": 41116,
                    "ObjectType": 3,
                    "XPos": 180,
                    "YPos": 11,
                    "ZPos": -253,
                    "YScale": 1.0573,
                    "ZScale": 1.038859,
                    "XRotation": 0,
                    "YRotation": -1536,
                    "ZRotation": 0
                },
                {
                    "ModelId": "45076",
                    "ModelIdNum": 45076,
                    "ObjectType": 0,
                    "XPos": 182,
                    "YPos": -34,
                    "ZPos": -253,
                    "XScale": 0.3696662,
                    "XRotation": 0,
                    "YRotation": 0,
                    "ZRotation": 0
                },
                {
                    "ModelId": "45081",
                    "ModelIdNum": 45081,
                    "ObjectType": 0,
                    "XPos": 170,
                    "YPos": -58,
                    "ZPos": -296,
                    "XRotation": 0,
                    "YRotation": -510,
                    "ZRotation": -510
                },
                {
                    "ModelId": "45081",
                    "ModelIdNum": 45081,
                    "ObjectType": 0,
                    "XPos": 172,
                    "YPos": -51,
                    "ZPos": -292,
                    "XScale": 0.5,
                    "YScale": 0.9,
                    "XRotation": 0,
                    "YRotation": -512,
                    "ZRotation": -511
                },
                {
                    "ModelId": "45129",
                    "ModelIdNum": 45129,
                    "ObjectType": 0,
                    "XPos": 173,
                    "YPos": -6,
                    "ZPos": -316,
                    "YScale": 1.5,
                    "ZScale": 3.0,
                    "XRotation": 0,
                    "YRotation": -511,
                    "ZRotation": -512
                },
                {
                    "ModelId": "69465",
                    "ModelIdNum": 69465,
                    "ObjectType": 0,
                    "XPos": 180,
                    "YPos": 13,
                    "ZPos": -253,
                    "XScale": 0.3082041,
                    "YScale": 0.68878,
                    "ZScale": 0.86648,
                    "XRotation": 0,
                    "YRotation": 0,
                    "ZRotation": 0
                },
                {
                    "ModelId": "45082",
                    "ModelIdNum": 45082,
                    "ObjectType": 0,
                    "XPos": 64,
                    "YPos": 0,
                    "ZPos": -43,
                    "XRotation": -512,
                    "YRotation": 0,
                    "ZRotation": 0
                },
                {
                    "ModelId": "45081",
                    "ModelIdNum": 45081,
                    "ObjectType": 0,
                    "XPos": 164,
                    "YPos": -60,
                    "ZPos": 299,
                    "XRotation": 0,
                    "YRotation": 0,
                    "ZRotation": -512
                },
                {
                    "ModelId": "45081",
                    "ModelIdNum": 45081,
                    "ObjectType": 0,
                    "XPos": 160,
                    "YPos": -54,
                    "ZPos": 299,
                    "XScale": 0.5,
                    "YScale": 0.9,
                    "XRotation": 0,
                    "YRotation": 0,
                    "ZRotation": -512
                },
                {
                    "ModelId": "41116",
                    "ModelIdNum": 41116,
                    "ObjectType": 3,
                    "XPos": 122,
                    "YPos": 10,
                    "ZPos": 309,
                    "YScale": 1.18403,
                    "ZScale": 1.24675,
                    "XRotation": 0,
                    "YRotation": -1024,
                    "ZRotation": 0
                },
                {
                    "ModelId": "45076",
                    "ModelIdNum": 45076,
                    "ObjectType": 0,
                    "XPos": 122,
                    "YPos": -15,
                    "ZPos": 308,
                    "XScale": 0.91785,
                    "ZScale": 0.3,
                    "XRotation": 0,
                    "YRotation": -1024,
                    "ZRotation": 0
                },
                {
                    "ModelId": "45129",
                    "ModelIdNum": 45129,
                    "ObjectType": 0,
                    "XPos": 60,
                    "YPos": -2,
                    "ZPos": 302,
                    "YScale": 1.5,
                    "ZScale": 3.3429,
                    "XRotation": 0,
                    "YRotation": -1024,
                    "ZRotation": -512
                },
                {
                    "ModelId": "69465",
                    "ModelIdNum": 69465,
                    "ObjectType": 0,
                    "XPos": 122,
                    "YPos": 1,
                    "ZPos": 308,
                    "XScale": 0.3377,
                    "YScale": 0.62,
                    "ZScale": 0.8006099,
                    "XRotation": 0,
                    "YRotation": -511,
                    "ZRotation": 0
                },
                {
                    "ModelId": "45082",
                    "ModelIdNum": 45082,
                    "ObjectType": 0,
                    "XPos": -64,
                    "YPos": 0,
                    "ZPos": 198,
                    "XRotation": -512,
                    "YRotation": 0,
                    "ZRotation": 0
                },
                {
                    "ModelId": "41100",
                    "ModelIdNum": 41100,
                    "ObjectType": 0,
                    "XPos": 131,
                    "YPos": 114,
                    "ZPos": 260,
                    "XRotation": 0,
                    "YRotation": -889,
                    "ZRotation": 0
                },
                {
                    "ModelId": "42071",
                    "ModelIdNum": 42071,
                    "ObjectType": 0,
                    "XPos": -17,
                    "YPos": 87,
                    "ZPos": 130,
                    "ZScale": 1.35,
                    "XRotation": 0,
                    "YRotation": 0,
                    "ZRotation": 0
                },
                {
                    "ModelId": "41106",
                    "ModelIdNum": 41106,
                    "ObjectType": 3,
                    "XPos": 174,
                    "YPos": 1,
                    "ZPos": 128,
                    "XRotation": 0,
                    "YRotation": -512,
                    "ZRotation": 0
                },
                {
                    "ModelId": "75807",
                    "ModelIdNum": 75807,
                    "ObjectType": 0,
                    "XPos": 118,
                    "YPos": 2,
                    "ZPos": -252,
                    "XScale": 1.5,
                    "YScale": 1.5,
                    "XRotation": -1536,
                    "YRotation": -512,
                    "ZRotation": 0
                },
                {
                    "ModelId": "41113",
                    "ModelIdNum": 41113,
                    "ObjectType": 0,
                    "XPos": -100,
                    "YPos": 118,
                    "ZPos": 288,
                    "XRotation": 0,
                    "YRotation": 0,
                    "ZRotation": 0
                },
                {
                    "ModelId": "200",
                    "ModelIdNum": 200,
                    "ObjectType": 0,
                    "XPos": 0,
                    "YPos": 0,
                    "ZPos": 0,
                    "XRotation": 0,
                    "YRotation": 0,
                    "ZRotation": 0
                },
                {
                    "ModelId": "69471",
                    "ModelIdNum": 69471,
                    "ObjectType": 0,
                    "XPos": -172,
                    "YPos": -2,
                    "ZPos": 82,
                    "XRotation": 0,
                    "YRotation": -1024,
                    "ZRotation": 0
                },
                {
                    "ModelId": "69472",
                    "ModelIdNum": 69472,
                    "ObjectType": 0,
                    "XPos": -120,
                    "YPos": 6,
                    "ZPos": 82,
                    "XRotation": 0,
                    "YRotation": -1024,
                    "ZRotation": -1024
                },
                {
                    "ModelId": "41409",
                    "ModelIdNum": 41409,
                    "ObjectType": 0,
                    "XPos": -146,
                    "YPos": 68,
                    "ZPos": 73,
                    "XRotation": 0,
                    "YRotation": 0,
                    "ZRotation": 0
                }
            ],
            "BlockFlatObjectRecords": [
                {
                    "Position": 0,
                    "XPos": 129,
                    "YPos": -82,
                    "ZPos": -94,
                    "TextureArchive": 210,
                    "TextureRecord": 22,
                    "FactionID": -16368,
                    "Flags": 17
                },
                {
                    "Position": 0,
                    "XPos": 0,
                    "YPos": 0,
                    "ZPos": 0,
                    "TextureArchive": 199,
                    "TextureRecord": 8,
                    "FactionID": 0,
                    "Flags": 0
                },
                {
                    "Position": 0,
                    "XPos": 34,
                    "YPos": -2,
                    "ZPos": -35,
                    "TextureArchive": 204,
                    "TextureRecord": 1,
                    "FactionID": 0,
                    "Flags": 0
                },
                {
                    "Position": 0,
                    "XPos": -133,
                    "YPos": -89,
                    "ZPos": 224,
                    "TextureArchive": 210,
                    "TextureRecord": 22,
                    "FactionID": 0,
                    "Flags": 0
                },
                {
                    "Position": 0,
                    "XPos": -97,
                    "YPos": 75,
                    "ZPos": 82,
                    "TextureArchive": 210,
                    "TextureRecord": 22,
                    "FactionID": 0,
                    "Flags": 0
                },
                {
                    "Position": 0,
                    "XPos": 166,
                    "YPos": 104,
                    "ZPos": 128,
                    "TextureArchive": 210,
                    "TextureRecord": 27,
                    "FactionID": 0,
                    "Flags": 0
                },
                {
                    "Position": 0,
                    "XPos": -10,
                    "YPos": 112,
                    "ZPos": 128,
                    "TextureArchive": 201,
                    "TextureRecord": 8,
                    "FactionID": 0,
                    "Flags": 0
                },
                {
                    "Position": 0,
                    "XPos": 170,
                    "YPos": 97,
                    "ZPos": 77,
                    "TextureArchive": 211,
                    "TextureRecord": 1,
                    "FactionID": 0,
                    "Flags": 0
                },
                {
                    "Position": 0,
                    "XPos": 152,
                    "YPos": 97,
                    "ZPos": 103,
                    "TextureArchive": 209,
                    "TextureRecord": 11,
                    "FactionID": 0,
                    "Flags": 0
                },
                {
                    "Position": 0,
                    "XPos": -132,
                    "YPos": -73,
                    "ZPos": 305,
                    "TextureArchive": 56790,
                    "TextureRecord": 3,
                    "FactionID": 0,
                    "Flags": 0
                },
                {
                    "Position": 0,
                    "XPos": -144,
                    "YPos": -97,
                    "ZPos": 304,
                    "TextureArchive": 56790,
                    "TextureRecord": 8,
                    "FactionID": 0,
                    "Flags": 0
                },
                {
                    "Position": 0,
                    "XPos": -163,
                    "YPos": -78,
                    "ZPos": 307,
                    "TextureArchive": 56790,
                    "TextureRecord": 10,
                    "FactionID": 0,
                    "Flags": 0
                },
                {
                    "Position": 0,
                    "XPos": -160,
                    "YPos": 0,
                    "ZPos": 284,
                    "TextureArchive": 56790,
                    "TextureRecord": 16,
                    "FactionID": 0,
                    "Flags": 0
                },
                {
                    "Position": 0,
                    "XPos": -168,
                    "YPos": 0,
                    "ZPos": 264,
                    "TextureArchive": 205,
                    "TextureRecord": 17,
                    "FactionID": 0,
                    "Flags": 0
                },
                {
                    "Position": 0,
                    "XPos": -170,
                    "YPos": 0,
                    "ZPos": 235,
                    "TextureArchive": 205,
                    "TextureRecord": 19,
                    "FactionID": 0,
                    "Flags": 0
                },
                {
                    "Position": 0,
                    "XPos": -40,
                    "YPos": -66,
                    "ZPos": 86,
                    "TextureArchive": 205,
                    "TextureRecord": 12,
                    "FactionID": 0,
                    "Flags": 0
                },
                {
                    "Position": 0,
                    "XPos": 8,
                    "YPos": -32,
                    "ZPos": 148,
                    "TextureArchive": 200,
                    "TextureRecord": 1,
                    "FactionID": 0,
                    "Flags": 0
                },
                {
                    "Position": 0,
                    "XPos": -3,
                    "YPos": -32,
                    "ZPos": 172,
                    "TextureArchive": 200,
                    "TextureRecord": 3,
                    "FactionID": 0,
                    "Flags": 0
                },
                {
                    "Position": 0,
                    "XPos": -32,
                    "YPos": -66,
                    "ZPos": 79,
                    "TextureArchive": 205,
                    "TextureRecord": 13,
                    "FactionID": 0,
                    "Flags": 0
                },
                {
                    "Position": 0,
                    "XPos": -25,
                    "YPos": -32,
                    "ZPos": 164,
                    "TextureArchive": 218,
                    "TextureRecord": 3,
                    "FactionID": 0,
                    "Flags": 0
                },
                {
                    "Position": 0,
                    "XPos": 168,
                    "YPos": -90,
                    "ZPos": 263,
                    "TextureArchive": 56790,
                    "TextureRecord": 11,
                    "FactionID": 0,
                    "Flags": 0
                },
                {
                    "Position": 0,
                    "XPos": 137,
                    "YPos": -85,
                    "ZPos": 306,
                    "TextureArchive": 56790,
                    "TextureRecord": 12,
                    "FactionID": 0,
                    "Flags": 0
                },
                {
                    "Position": 0,
                    "XPos": 139,
                    "YPos": -78,
                    "ZPos": 281,
                    "TextureArchive": 56790,
                    "TextureRecord": 13,
                    "FactionID": 0,
                    "Flags": 0
                },
                {
                    "Position": 0,
                    "XPos": 154,
                    "YPos": -91,
                    "ZPos": 271,
                    "TextureArchive": 56790,
                    "TextureRecord": 14,
                    "FactionID": 0,
                    "Flags": 0
                },
                {
                    "Position": 0,
                    "XPos": 40,
                    "YPos": -77,
                    "ZPos": 52,
                    "TextureArchive": 210,
                    "TextureRecord": 4,
                    "FactionID": 0,
                    "Flags": 0
                },
                {
                    "Position": 0,
                    "XPos": -24,
                    "YPos": -1,
                    "ZPos": -154,
                    "TextureArchive": 208,
                    "TextureRecord": 0,
                    "FactionID": 0,
                    "Flags": 0
                },
                {
                    "Position": 0,
                    "XPos": 80,
                    "YPos": 128,
                    "ZPos": 234,
                    "TextureArchive": 199,
                    "TextureRecord": 11,
                    "FactionID": 0,
                    "Flags": 0
                },
                {
                    "Position": 0,
                    "XPos": -147,
                    "YPos": 0,
                    "ZPos": 200,
                    "TextureArchive": 199,
                    "TextureRecord": 18,
                    "FactionID": 0,
                    "Flags": 0
                },
                {
                    "Position": 0,
                    "XPos": 14,
                    "YPos": -1,
                    "ZPos": -286,
                    "TextureArchive": 199,
                    "TextureRecord": 20,
                    "FactionID": 0,
                    "Flags": 0
                },
                {
                    "Position": 0,
                    "XPos": 154,
                    "YPos": -1,
                    "ZPos": 256,
                    "TextureArchive": 199,
                    "TextureRecord": 20,
                    "FactionID": 0,
                    "Flags": 0
                },
                {
                    "Position": 0,
                    "XPos": 34,
                    "YPos": -1,
                    "ZPos": 290,
                    "TextureArchive": 199,
                    "TextureRecord": 20,
                    "FactionID": 0,
                    "Flags": 0
                },
                {
                    "Position": 0,
                    "XPos": -40,
                    "YPos": 103,
                    "ZPos": 190,
                    "TextureArchive": 56790,
                    "TextureRecord": 23,
                    "FactionID": 0,
                    "Flags": 0
                },
                {
                    "Position": 0,
                    "XPos": 122,
                    "YPos": -1,
                    "ZPos": 44,
                    "TextureArchive": 199,
                    "TextureRecord": 4,
                    "FactionID": 0,
                    "Flags": 0
                },
                {
                    "Position": 0,
                    "XPos": -144,
                    "YPos": 128,
                    "ZPos": 162,
                    "TextureArchive": 199,
                    "TextureRecord": 13,
                    "FactionID": 0,
                    "Flags": 0
                },
                {
                    "Position": 0,
                    "XPos": -146,
                    "YPos": 0,
                    "ZPos": 154,
                    "TextureArchive": 199,
                    "TextureRecord": 14,
                    "FactionID": 0,
                    "Flags": 0
                },
                {
                    "Position": 0,
                    "XPos": 106,
                    "YPos": -4,
                    "ZPos": -244,
                    "TextureArchive": 1301,
                    "TextureRecord": 2,
                    "FactionID": 0,
                    "Flags": 0
                }
            ],
            "BlockSection3Records": [
                {
                    "XPos": 128,
                    "YPos": 0,
                    "ZPos": 0
                },
                {
                    "XPos": 128,
                    "YPos": 0,
                    "ZPos": 128
                },
                {
                    "XPos": -128,
                    "YPos": 0,
                    "ZPos": 128
                },
                {
                    "XPos": 0,
                    "YPos": 0,
                    "ZPos": 256
                },
                {
                    "XPos": 0,
                    "YPos": 0,
                    "ZPos": 128
                },
                {
                    "XPos": 128,
                    "YPos": 0,
                    "ZPos": 256
                },
                {
                    "XPos": -128,
                    "YPos": 0,
                    "ZPos": 256
                },
                {
                    "XPos": 0,
                    "YPos": 0,
                    "ZPos": -128
                },
                {
                    "XPos": 128,
                    "YPos": 0,
                    "ZPos": -128
                },
                {
                    "XPos": 128,
                    "YPos": 0,
                    "ZPos": -256
                },
                {
                    "XPos": 0,
                    "YPos": 0,
                    "ZPos": -256
                }
            ],
            "BlockPeopleRecords": [],
            "BlockDoorRecords": [
                {
                    "Position": 0,
                    "XPos": -59,
                    "YPos": -45,
                    "ZPos": 279,
                    "YRotation": -512,
                    "OpenRotation": 90,
                    "DoorModelIndex": 0
                }
            ]
        }
    },
    "AutoMapData": null
}