{
    "FactionId": 0,
    "BuildingType": 18,
    "Quality": 4,
    "NameSeed": 0,
    "RmbSubRecord": {
        "XPos": 384,
        "ZPos": 3648,
        "YRotation": 1024,
        "Exterior": {
            "Header": {
                "Num3dObjectRecords": 1,
                "NumFlatObjectRecords": 0,
                "NumSection3Records": 0,
                "NumPeopleRecords": 0,
                "NumDoorRecords": 0
            },
            "Block3dObjectRecords": [
                {
                    "ModelId": "156",
                    "ModelIdNum": 156,
                    "ObjectType": 4,
                    "XPos": -2,
                    "YPos": 0,
                    "ZPos": 4,
                    "XRotation": 0,
                    "YRotation": 0,
                    "ZRotation": 0
                },
                {
                    "ModelId": "41200",
                    "ModelIdNum": 41200,
                    "ObjectType": 4,
                    "XPos": -122,
                    "YPos": -31,
                    "ZPos": 14,
                    "XRotation": 0,
                    "YRotation": -1536,
                    "ZRotation": 0
                },
                {
                    "ModelId": "41200",
                    "ModelIdNum": 41200,
                    "ObjectType": 4,
                    "XPos": -40,
                    "YPos": -31,
                    "ZPos": -174,
                    "XRotation": 0,
                    "YRotation": 0,
                    "ZRotation": 0
                },
                {
                    "ModelId": "41105",
                    "ModelIdNum": 41105,
                    "ObjectType": 4,
                    "XPos": -62,
                    "YPos": -16,
                    "ZPos": 46,
                    "XRotation": 0,
                    "YRotation": 0,
                    "ZRotation": 0
                }
            ],
            "BlockFlatObjectRecords": [],
            "BlockSection3Records": [],
            "BlockPeopleRecords": [],
            "BlockDoorRecords": []
        },
        "Interior": {
            "Header": {
                "Num3dObjectRecords": 8,
                "NumFlatObjectRecords": 5,
                "NumSection3Records": 3,
                "NumPeopleRecords": 1,
                "NumDoorRecords": 2
            },
            "Block3dObjectRecords": [
                {
                    "ModelId": "31018",
                    "ModelIdNum": 31018,
                    "ObjectType": 13,
                    "XPos": -61,
                    "YPos": -58,
                    "ZPos": 132,
                    "XRotation": 0,
                    "YRotation": -512,
                    "ZRotation": 0
                },
                {
                    "ModelId": "31003",
                    "ModelIdNum": 31003,
                    "ObjectType": 13,
                    "XPos": 61,
                    "YPos": -58,
                    "ZPos": 129,
                    "XRotation": 0,
                    "YRotation": -1536,
                    "ZRotation": 0
                },
                {
                    "ModelId": "41033",
                    "ModelIdNum": 41033,
                    "ObjectType": 3,
                    "XPos": 26,
                    "YPos": -4,
                    "ZPos": -100,
                    "ZScale": 1.5,
                    "XRotation": 0,
                    "YRotation": -504,
                    "ZRotation": 0
                },
                {
                    "ModelId": "41105",
                    "ModelIdNum": 41105,
                    "ObjectType": 3,
                    "XPos": -27,
                    "YPos": -4,
                    "ZPos": 172,
                    "XRotation": 0,
                    "YRotation": 0,
                    "ZRotation": 0
                },
                {
                    "ModelId": "3018",
                    "ModelIdNum": 3018,
                    "ObjectType": 13,
                    "XPos": 119,
                    "YPos": -59,
                    "ZPos": 2,
                    "ZScale": 1.0383,
                    "XRotation": 0,
                    "YRotation": 0,
                    "ZRotation": 0
                },
                {
                    "ModelId": "45081",
                    "ModelIdNum": 45081,
                    "ObjectType": 0,
                    "XPos": -103,
                    "YPos": -50,
                    "ZPos": 96,
                    "XScale": 0.4999999,
                    "YScale": 0.7999997,
                    "XRotation": 0,
                    "YRotation": -512,
                    "ZRotation": -511
                },
                {
                    "ModelId": "41117",
                    "ModelIdNum": 41117,
                    "ObjectType": 3,
                    "XPos": -110,
                    "YPos": 3,
                    "ZPos": 132,
                    "ZScale": 0.5499842,
                    "XRotation": 0,
                    "YRotation": -511,
                    "ZRotation": 0
                },
                {
                    "ModelId": "45076",
                    "ModelIdNum": 45076,
                    "ObjectType": 0,
                    "XPos": -114,
                    "YPos": -9,
                    "ZPos": 132,
                    "XScale": 0.9632547,
                    "ZScale": 0.3333899,
                    "XRotation": 0,
                    "YRotation": -511,
                    "ZRotation": 0
                },
                {
                    "ModelId": "45129",
                    "ModelIdNum": 45129,
                    "ObjectType": 0,
                    "XPos": -105,
                    "YPos": 2,
                    "ZPos": 72,
                    "YScale": 1.58168,
                    "ZScale": 4.0,
                    "XRotation": 0,
                    "YRotation": -512,
                    "ZRotation": -512
                },
                {
                    "ModelId": "45081",
                    "ModelIdNum": 45081,
                    "ObjectType": 0,
                    "XPos": -102,
                    "YPos": -56,
                    "ZPos": 88,
                    "YScale": 1.02,
                    "XRotation": 0,
                    "YRotation": -512,
                    "ZRotation": -512
                },
                {
                    "ModelId": "45163",
                    "ModelIdNum": 45163,
                    "ObjectType": 0,
                    "XPos": 120,
                    "YPos": -88,
                    "ZPos": -98,
                    "XRotation": 0,
                    "YRotation": -512,
                    "ZRotation": 0
                },
                {
                    "ModelId": "41108",
                    "ModelIdNum": 41108,
                    "ObjectType": 0,
                    "XPos": -28,
                    "YPos": -9,
                    "ZPos": 96,
                    "XScale": 0.7335978,
                    "YScale": 0.7335978,
                    "ZScale": 0.7335978,
                    "XRotation": 0,
                    "YRotation": 0,
                    "ZRotation": 0
                },
                {
                    "ModelId": "1001",
                    "ModelIdNum": 1001,
                    "ObjectType": 13,
                    "XPos": 62,
                    "YPos": 5,
                    "ZPos": -61,
                    "ZScale": 1.005,
                    "XRotation": 0,
                    "YRotation": 0,
                    "ZRotation": 0
                },
                {
                    "ModelId": "3000",
                    "ModelIdNum": 3000,
                    "ObjectType": 13,
                    "XPos": 64,
                    "YPos": -59,
                    "ZPos": 65,
                    "XRotation": 0,
                    "YRotation": -1536,
                    "ZRotation": 0
                },
                {
                    "ModelId": "3000",
                    "ModelIdNum": 3000,
                    "ObjectType": 13,
                    "XPos": 64,
                    "YPos": -59,
                    "ZPos": -61,
                    "XRotation": 0,
                    "YRotation": -512,
                    "ZRotation": 0
                },
                {
                    "ModelId": "3002",
                    "ModelIdNum": 3002,
                    "ObjectType": 13,
                    "XPos": 6,
                    "YPos": -59,
                    "ZPos": 2,
                    "ZScale": 1.0379,
                    "XRotation": 0,
                    "YRotation": -1024,
                    "ZRotation": 0
                },
                {
                    "ModelId": "2001",
                    "ModelIdNum": 2001,
                    "ObjectType": 13,
                    "XPos": 59,
                    "YPos": -123,
                    "ZPos": -61,
                    "XRotation": 0,
                    "YRotation": 0,
                    "ZRotation": 0
                },
                {
                    "ModelId": "3000",
                    "ModelIdNum": 3000,
                    "ObjectType": 13,
                    "XPos": 64,
                    "YPos": -59,
                    "ZPos": -66,
                    "XRotation": 0,
                    "YRotation": -1536,
                    "ZRotation": 0
                },
                {
                    "ModelId": "3004",
                    "ModelIdNum": 3004,
                    "ObjectType": 13,
                    "XPos": 122,
                    "YPos": -59,
                    "ZPos": -124,
                    "XRotation": 0,
                    "YRotation": 0,
                    "ZRotation": 0
                },
                {
                    "ModelId": "3004",
                    "ModelIdNum": 3004,
                    "ObjectType": 13,
                    "XPos": 64,
                    "YPos": -59,
                    "ZPos": -181,
                    "XRotation": 0,
                    "YRotation": -512,
                    "ZRotation": 0
                },
                {
                    "ModelId": "3017",
                    "ModelIdNum": 3017,
                    "ObjectType": 13,
                    "XPos": 65,
                    "YPos": 5,
                    "ZPos": -125,
                    "XRotation": 0,
                    "YRotation": -1024,
                    "ZRotation": 0
                },
                {
                    "ModelId": "69465",
                    "ModelIdNum": 69465,
                    "ObjectType": 0,
                    "XPos": -112,
                    "YPos": 0,
                    "ZPos": 132,
                    "XScale": 0.3065013,
                    "YScale": 0.6,
                    "ZScale": 0.8445,
                    "XRotation": 0,
                    "YRotation": 0,
                    "ZRotation": 0
                },
                {
                    "ModelId": "42076",
                    "ModelIdNum": 42076,
                    "ObjectType": 0,
                    "XPos": 54,
                    "YPos": -5,
                    "ZPos": -154,
                    "XRotation": 0,
                    "YRotation": 0,
                    "ZRotation": 0
                },
                {
                    "ModelId": "41019",
                    "ModelIdNum": 41019,
                    "ObjectType": 0,
                    "XPos": 112,
                    "YPos": -33,
                    "ZPos": 128,
                    "XRotation": 0,
                    "YRotation": -1536,
                    "ZRotation": 0
                },
                {
                    "ModelId": "69453",
                    "ModelIdNum": 69453,
                    "ObjectType": 0,
                    "XPos": 60,
                    "YPos": -64,
                    "ZPos": 188,
                    "XRotation": 0,
                    "YRotation": -1024,
                    "ZRotation": 0
                },
                {
                    "ModelId": "156",
                    "ModelIdNum": 156,
                    "ObjectType": 0,
                    "XPos": 0,
                    "YPos": 0,
                    "ZPos": 6,
                    "XRotation": 0,
                    "YRotation": 0,
                    "ZRotation": 0
                },
                {
                    "ModelId": "41811",
                    "ModelIdNum": 41811,
                    "ObjectType": 3,
                    "XPos": 106,
                    "YPos": -5,
                    "ZPos": -34,
                    "XRotation": 0,
                    "YRotation": -512,
                    "ZRotation": 0
                },
                {
                    "ModelId": "41100",
                    "ModelIdNum": 41100,
                    "ObjectType": 0,
                    "XPos": 94,
                    "YPos": -10,
                    "ZPos": 36,
                    "XRotation": 0,
                    "YRotation": -1223,
                    "ZRotation": 0
                },
                {
                    "ModelId": "41200",
                    "ModelIdNum": 41200,
                    "ObjectType": 0,
                    "XPos": -122,
                    "YPos": -26,
                    "ZPos": 14,
                    "XRotation": 0,
                    "YRotation": -1536,
                    "ZRotation": 0
                },
                {
                    "ModelId": "41200",
                    "ModelIdNum": 41200,
                    "ObjectType": 0,
                    "XPos": -58,
                    "YPos": -26,
                    "ZPos": -166,
                    "XRotation": 0,
                    "YRotation": -22,
                    "ZRotation": 0
                },
                {
                    "ModelId": "41106",
                    "ModelIdNum": 41106,
                    "ObjectType": 0,
                    "XPos": -58,
                    "YPos": -15,
                    "ZPos": 46,
                    "XRotation": 0,
                    "YRotation": 0,
                    "ZRotation": 0
                }
            ],
            "BlockFlatObjectRecords": [
                {
                    "Position": 0,
                    "XPos": 0,
                    "YPos": -82,
                    "ZPos": 128,
                    "TextureArchive": 210,
                    "TextureRecord": 22,
                    "FactionID": 24588,
                    "Flags": 17
                },
                {
                    "Position": 0,
                    "XPos": 60,
                    "YPos": -80,
                    "ZPos": -124,
                    "TextureArchive": 210,
                    "TextureRecord": 22,
                    "FactionID": 18444,
                    "Flags": 17
                },
                {
                    "Position": 0,
                    "XPos": 90,
                    "YPos": 0,
                    "ZPos": -88,
                    "TextureArchive": 199,
                    "TextureRecord": 20,
                    "FactionID": 0,
                    "Flags": 17
                },
                {
                    "Position": 0,
                    "XPos": 22,
                    "YPos": 0,
                    "ZPos": 96,
                    "TextureArchive": 199,
                    "TextureRecord": 20,
                    "FactionID": 0,
                    "Flags": 17
                },
                {
                    "Position": 0,
                    "XPos": 56,
                    "YPos": 0,
                    "ZPos": 16,
                    "TextureArchive": 199,
                    "TextureRecord": 8,
                    "FactionID": 0,
                    "Flags": 0
                },
                {
                    "Position": 0,
                    "XPos": 26,
                    "YPos": -30,
                    "ZPos": -100,
                    "TextureArchive": 56790,
                    "TextureRecord": 22,
                    "FactionID": 0,
                    "Flags": 0
                },
                {
                    "Position": 0,
                    "XPos": -26,
                    "YPos": 1,
                    "ZPos": 138,
                    "TextureArchive": 199,
                    "TextureRecord": 18,
                    "FactionID": 0,
                    "Flags": 0
                },
                {
                    "Position": 0,
                    "XPos": -29,
                    "YPos": -19,
                    "ZPos": 96,
                    "TextureArchive": 56790,
                    "TextureRecord": 16,
                    "FactionID": 0,
                    "Flags": 0
                },
                {
                    "Position": 0,
                    "XPos": 34,
                    "YPos": 1,
                    "ZPos": -36,
                    "TextureArchive": 199,
                    "TextureRecord": 11,
                    "FactionID": 0,
                    "Flags": 0
                },
                {
                    "Position": 0,
                    "XPos": 78,
                    "YPos": 1,
                    "ZPos": 130,
                    "TextureArchive": 199,
                    "TextureRecord": 4,
                    "FactionID": 0,
                    "Flags": 0
                }
            ],
            "BlockSection3Records": [
                {
                    "XPos": -64,
                    "YPos": 0,
                    "ZPos": 128
                },
                {
                    "XPos": 64,
                    "YPos": 0,
                    "ZPos": 128
                },
                {
                    "XPos": 64,
                    "YPos": 0,
                    "ZPos": -128
                }
            ],
            "BlockPeopleRecords": [
                {
                    "Position": 5060,
                    "XPos": 80,
                    "YPos": -2,
                    "ZPos": -110,
                    "TextureArchive": 184,
                    "TextureRecord": 18,
                    "FactionID": 0,
                    "Flags": 33
                },
                {
                    "Position": 5061,
                    "XPos": 36,
                    "YPos": -2,
                    "ZPos": 148,
                    "TextureArchive": 182,
                    "TextureRecord": 20,
                    "FactionID": 0,
                    "Flags": 0
                }
            ],
            "BlockDoorRecords": []
        }
    },
    "AutoMapData": null
}