{
    "FactionId": 0,
    "BuildingType": 20,
    "Quality": 12,
    "NameSeed": 0,
    "RmbSubRecord": {
        "XPos": 2304,
        "ZPos": 3712,
        "YRotation": 1024,
        "Exterior": {
            "Header": {
                "Num3dObjectRecords": 1,
                "NumFlatObjectRecords": 0,
                "NumSection3Records": 0,
                "NumPeopleRecords": 0,
                "NumDoorRecords": 0
            },
            "Block3dObjectRecords": [
                {
                    "ModelId": "708",
                    "ModelIdNum": 708,
                    "ObjectType": 4,
                    "XPos": 0,
                    "YPos": 0,
                    "ZPos": 0,
                    "XRotation": 0,
                    "YRotation": 0,
                    "ZRotation": 0
                }
            ],
            "BlockFlatObjectRecords": [],
            "BlockSection3Records": [],
            "BlockPeopleRecords": [],
            "BlockDoorRecords": []
        },
        "Interior": {
            "Header": {
                "Num3dObjectRecords": 39,
                "NumFlatObjectRecords": 27,
                "NumSection3Records": 34,
                "NumPeopleRecords": 2,
                "NumDoorRecords": 6
            },
            "Block3dObjectRecords": [
                {
                    "ModelId": "31029",
                    "ModelIdNum": 31029,
                    "ObjectType": 13,
                    "XPos": 192,
                    "YPos": -63,
                    "ZPos": -64,
                    "XRotation": 0,
                    "YRotation": -1024,
                    "ZRotation": 0
                },
                {
                    "ModelId": "8001",
                    "ModelIdNum": 8001,
                    "ObjectType": 13,
                    "XPos": -253,
                    "YPos": -63,
                    "ZPos": -64,
                    "XRotation": 0,
                    "YRotation": -512,
                    "ZRotation": 0
                },
                {
                    "ModelId": "31018",
                    "ModelIdNum": 31018,
                    "ObjectType": 13,
                    "XPos": 317,
                    "YPos": -63,
                    "ZPos": -64,
                    "XRotation": 0,
                    "YRotation": -1536,
                    "ZRotation": 0
                },
                {
                    "ModelId": "31003",
                    "ModelIdNum": 31003,
                    "ObjectType": 13,
                    "XPos": -61,
                    "YPos": -63,
                    "ZPos": 189,
                    "XRotation": 0,
                    "YRotation": -1024,
                    "ZRotation": 0
                },
                {
                    "ModelId": "31007",
                    "ModelIdNum": 31007,
                    "ObjectType": 13,
                    "XPos": -67,
                    "YPos": -63,
                    "ZPos": 64,
                    "XRotation": 0,
                    "YRotation": -1024,
                    "ZRotation": 0
                },
                {
                    "ModelId": "31030",
                    "ModelIdNum": 31030,
                    "ObjectType": 13,
                    "XPos": -192,
                    "YPos": -192,
                    "ZPos": -61,
                    "XRotation": 0,
                    "YRotation": -1024,
                    "ZRotation": 0
                },
                {
                    "ModelId": "31025",
                    "ModelIdNum": 31025,
                    "ObjectType": 13,
                    "XPos": -192,
                    "YPos": -192,
                    "ZPos": 64,
                    "XRotation": 0,
                    "YRotation": -1536,
                    "ZRotation": 0
                },
                {
                    "ModelId": "31006",
                    "ModelIdNum": 31006,
                    "ObjectType": 13,
                    "XPos": -67,
                    "YPos": -192,
                    "ZPos": -61,
                    "XRotation": 0,
                    "YRotation": 0,
                    "ZRotation": 0
                },
                {
                    "ModelId": "31006",
                    "ModelIdNum": 31006,
                    "ObjectType": 13,
                    "XPos": -317,
                    "YPos": -192,
                    "ZPos": -61,
                    "XRotation": 0,
                    "YRotation": -512,
                    "ZRotation": 0
                },
                {
                    "ModelId": "8001",
                    "ModelIdNum": 8001,
                    "ObjectType": 13,
                    "XPos": 253,
                    "YPos": -192,
                    "ZPos": 192,
                    "XRotation": 0,
                    "YRotation": -1536,
                    "ZRotation": 0
                },
                {
                    "ModelId": "8000",
                    "ModelIdNum": 8000,
                    "ObjectType": 13,
                    "XPos": -320,
                    "YPos": -192,
                    "ZPos": 189,
                    "XRotation": 0,
                    "YRotation": -1024,
                    "ZRotation": 0
                },
                {
                    "ModelId": "31026",
                    "ModelIdNum": 31026,
                    "ObjectType": 13,
                    "XPos": -64,
                    "YPos": -192,
                    "ZPos": 61,
                    "XRotation": 0,
                    "YRotation": -1536,
                    "ZRotation": 0
                },
                {
                    "ModelId": "31017",
                    "ModelIdNum": 31017,
                    "ObjectType": 13,
                    "XPos": 64,
                    "YPos": -192,
                    "ZPos": 64,
                    "XRotation": 0,
                    "YRotation": -1024,
                    "ZRotation": 0
                },
                {
                    "ModelId": "31026",
                    "ModelIdNum": 31026,
                    "ObjectType": 13,
                    "XPos": 64,
                    "YPos": -192,
                    "ZPos": 189,
                    "XRotation": 0,
                    "YRotation": -1536,
                    "ZRotation": 0
                },
                {
                    "ModelId": "31006",
                    "ModelIdNum": 31006,
                    "ObjectType": 13,
                    "XPos": -189,
                    "YPos": -192,
                    "ZPos": 189,
                    "XRotation": 0,
                    "YRotation": -1024,
                    "ZRotation": 0
                },
                {
                    "ModelId": "31000",
                    "ModelIdNum": 31000,
                    "ObjectType": 13,
                    "XPos": -64,
                    "YPos": -192,
                    "ZPos": 192,
                    "XRotation": 0,
                    "YRotation": -1536,
                    "ZRotation": 0
                },
                {
                    "ModelId": "41000",
                    "ModelIdNum": 41000,
                    "ObjectType": 3,
                    "XPos": 190,
                    "YPos": 2,
                    "ZPos": 56,
                    "XRotation": 0,
                    "YRotation": -517,
                    "ZRotation": 0
                },
                {
                    "ModelId": "41827",
                    "ModelIdNum": 41827,
                    "ObjectType": 3,
                    "XPos": 328,
                    "YPos": 131,
                    "ZPos": 212,
                    "XRotation": 0,
                    "YRotation": -2045,
                    "ZRotation": 0
                },
                {
                    "ModelId": "41831",
                    "ModelIdNum": 41831,
                    "ObjectType": 3,
                    "XPos": 280,
                    "YPos": 131,
                    "ZPos": 176,
                    "XRotation": 0,
                    "YRotation": -125,
                    "ZRotation": 0
                },
                {
                    "ModelId": "41103",
                    "ModelIdNum": 41103,
                    "ObjectType": 3,
                    "XPos": -86,
                    "YPos": 131,
                    "ZPos": -24,
                    "XRotation": 0,
                    "YRotation": -1243,
                    "ZRotation": 0
                },
                {
                    "ModelId": "41105",
                    "ModelIdNum": 41105,
                    "ObjectType": 0,
                    "XPos": -18,
                    "YPos": -16,
                    "ZPos": 64,
                    "XRotation": 0,
                    "YRotation": -512,
                    "ZRotation": 0
                },
                {
                    "ModelId": "41109",
                    "ModelIdNum": 41109,
                    "ObjectType": 0,
                    "XPos": -254,
                    "YPos": -11,
                    "ZPos": 36,
                    "XRotation": 0,
                    "YRotation": 0,
                    "ZRotation": 0
                },
                {
                    "ModelId": "41042",
                    "ModelIdNum": 41042,
                    "ObjectType": 0,
                    "XPos": -358,
                    "YPos": -35,
                    "ZPos": 184,
                    "XRotation": 0,
                    "YRotation": -512,
                    "ZRotation": 0
                },
                {
                    "ModelId": "69439",
                    "ModelIdNum": 69439,
                    "ObjectType": 0,
                    "XPos": -136,
                    "YPos": -70,
                    "ZPos": 158,
                    "XScale": 1.2,
                    "YScale": 1.2,
                    "ZScale": 1.2,
                    "XRotation": 0,
                    "YRotation": -1536,
                    "ZRotation": 0
                },
                {
                    "ModelId": "41816",
                    "ModelIdNum": 41816,
                    "ObjectType": 0,
                    "XPos": -344,
                    "YPos": -10,
                    "ZPos": 64,
                    "XRotation": 0,
                    "YRotation": 0,
                    "ZRotation": 0
                },
                {
                    "ModelId": "41010",
                    "ModelIdNum": 41010,
                    "ObjectType": 0,
                    "XPos": -110,
                    "YPos": -35,
                    "ZPos": 191,
                    "XRotation": 0,
                    "YRotation": -1536,
                    "ZRotation": 0
                },
                {
                    "ModelId": "41032",
                    "ModelIdNum": 41032,
                    "ObjectType": 0,
                    "XPos": -113,
                    "YPos": -36,
                    "ZPos": 141,
                    "XRotation": 0,
                    "YRotation": -512,
                    "ZRotation": 0
                },
                {
                    "ModelId": "41103",
                    "ModelIdNum": 41103,
                    "ObjectType": 0,
                    "XPos": -155,
                    "YPos": -15,
                    "ZPos": 193,
                    "XRotation": 0,
                    "YRotation": -1251,
                    "ZRotation": 0
                },
                {
                    "ModelId": "41124",
                    "ModelIdNum": 41124,
                    "ObjectType": 0,
                    "XPos": -364,
                    "YPos": -33,
                    "ZPos": -78,
                    "XRotation": 0,
                    "YRotation": -512,
                    "ZRotation": 0
                },
                {
                    "ModelId": "41046",
                    "ModelIdNum": 41046,
                    "ObjectType": 0,
                    "XPos": -238,
                    "YPos": -35,
                    "ZPos": -22,
                    "XRotation": 0,
                    "YRotation": 0,
                    "ZRotation": 0
                },
                {
                    "ModelId": "41045",
                    "ModelIdNum": 41045,
                    "ObjectType": 0,
                    "XPos": 70,
                    "YPos": -40,
                    "ZPos": 26,
                    "XRotation": 0,
                    "YRotation": 0,
                    "ZRotation": 0
                },
                {
                    "ModelId": "41050",
                    "ModelIdNum": 41050,
                    "ObjectType": 0,
                    "XPos": 128,
                    "YPos": -15,
                    "ZPos": 26,
                    "XRotation": 0,
                    "YRotation": 0,
                    "ZRotation": 0
                },
                {
                    "ModelId": "41811",
                    "ModelIdNum": 41811,
                    "ObjectType": 3,
                    "XPos": 364,
                    "YPos": 2,
                    "ZPos": 210,
                    "XRotation": 0,
                    "YRotation": -512,
                    "ZRotation": 0
                },
                {
                    "ModelId": "41032",
                    "ModelIdNum": 41032,
                    "ObjectType": 0,
                    "XPos": 367,
                    "YPos": -38,
                    "ZPos": 168,
                    "XRotation": 0,
                    "YRotation": -1536,
                    "ZRotation": 0
                },
                {
                    "ModelId": "41024",
                    "ModelIdNum": 41024,
                    "ObjectType": 0,
                    "XPos": 254,
                    "YPos": -33,
                    "ZPos": 27,
                    "XRotation": 0,
                    "YRotation": 0,
                    "ZRotation": 0
                },
                {
                    "ModelId": "41003",
                    "ModelIdNum": 41003,
                    "ObjectType": 0,
                    "XPos": 356,
                    "YPos": -62,
                    "ZPos": -74,
                    "XRotation": 0,
                    "YRotation": -1536,
                    "ZRotation": 0
                },
                {
                    "ModelId": "41007",
                    "ModelIdNum": 41007,
                    "ObjectType": 0,
                    "XPos": -94,
                    "YPos": -64,
                    "ZPos": -112,
                    "XRotation": 0,
                    "YRotation": 0,
                    "ZRotation": 0
                },
                {
                    "ModelId": "41113",
                    "ModelIdNum": 41113,
                    "ObjectType": 0,
                    "XPos": 312,
                    "YPos": -11,
                    "ZPos": -26,
                    "XRotation": 0,
                    "YRotation": 0,
                    "ZRotation": 0
                },
                {
                    "ModelId": "4004",
                    "ModelIdNum": 4004,
                    "ObjectType": 13,
                    "XPos": 372,
                    "YPos": -64,
                    "ZPos": 128,
                    "XRotation": 0,
                    "YRotation": -512,
                    "ZRotation": 0
                },
                {
                    "ModelId": "3018",
                    "ModelIdNum": 3018,
                    "ObjectType": 13,
                    "XPos": 374,
                    "YPos": -64,
                    "ZPos": 64,
                    "XRotation": 0,
                    "YRotation": 0,
                    "ZRotation": 0
                },
                {
                    "ModelId": "1013",
                    "ModelIdNum": 1013,
                    "ObjectType": 13,
                    "XPos": 64,
                    "YPos": -2,
                    "ZPos": 64,
                    "XRotation": 0,
                    "YRotation": 0,
                    "ZRotation": 0
                },
                {
                    "ModelId": "3032",
                    "ModelIdNum": 3032,
                    "ObjectType": 13,
                    "XPos": 190,
                    "YPos": -64,
                    "ZPos": 6,
                    "XRotation": 0,
                    "YRotation": -512,
                    "ZRotation": 0
                },
                {
                    "ModelId": "2013",
                    "ModelIdNum": 2013,
                    "ObjectType": 13,
                    "XPos": 64,
                    "YPos": 2,
                    "ZPos": 62,
                    "XRotation": 0,
                    "YRotation": 0,
                    "ZRotation": 0
                },
                {
                    "ModelId": "3000",
                    "ModelIdNum": 3000,
                    "ObjectType": 13,
                    "XPos": 2,
                    "YPos": -64,
                    "ZPos": 192,
                    "XRotation": 0,
                    "YRotation": -1024,
                    "ZRotation": 0
                },
                {
                    "ModelId": "3004",
                    "ModelIdNum": 3004,
                    "ObjectType": 13,
                    "XPos": 4,
                    "YPos": -64,
                    "ZPos": 64,
                    "XRotation": 0,
                    "YRotation": -1024,
                    "ZRotation": 0
                },
                {
                    "ModelId": "3032",
                    "ModelIdNum": 3032,
                    "ObjectType": 13,
                    "XPos": 190,
                    "YPos": -64,
                    "ZPos": 250,
                    "XRotation": 0,
                    "YRotation": -1536,
                    "ZRotation": 0
                },
                {
                    "ModelId": "62319",
                    "ModelIdNum": 62319,
                    "ObjectType": 0,
                    "XPos": -2,
                    "YPos": 0,
                    "ZPos": 173,
                    "YScale": 0.3,
                    "ZScale": 0.35,
                    "XRotation": 0,
                    "YRotation": -511,
                    "ZRotation": 0
                },
                {
                    "ModelId": "3004",
                    "ModelIdNum": 3004,
                    "ObjectType": 13,
                    "XPos": 374,
                    "YPos": -64,
                    "ZPos": 192,
                    "XRotation": 0,
                    "YRotation": 0,
                    "ZRotation": 0
                },
                {
                    "ModelId": "4004",
                    "ModelIdNum": 4004,
                    "ObjectType": 13,
                    "XPos": 8,
                    "YPos": -64,
                    "ZPos": 128,
                    "XRotation": 0,
                    "YRotation": -1536,
                    "ZRotation": 0
                },
                {
                    "ModelId": "3000",
                    "ModelIdNum": 3000,
                    "ObjectType": 13,
                    "XPos": -130,
                    "YPos": -64,
                    "ZPos": 64,
                    "XRotation": 0,
                    "YRotation": 0,
                    "ZRotation": 0
                },
                {
                    "ModelId": "1007",
                    "ModelIdNum": 1007,
                    "ObjectType": 13,
                    "XPos": -256,
                    "YPos": -2,
                    "ZPos": 122,
                    "XRotation": 0,
                    "YRotation": 0,
                    "ZRotation": 0
                },
                {
                    "ModelId": "3005",
                    "ModelIdNum": 3005,
                    "ObjectType": 13,
                    "XPos": -254,
                    "YPos": -64,
                    "ZPos": 6,
                    "XRotation": 0,
                    "YRotation": -512,
                    "ZRotation": 0
                },
                {
                    "ModelId": "3004",
                    "ModelIdNum": 3004,
                    "ObjectType": 13,
                    "XPos": -132,
                    "YPos": -64,
                    "ZPos": 186,
                    "XRotation": 0,
                    "YRotation": 0,
                    "ZRotation": 0
                },
                {
                    "ModelId": "3005",
                    "ModelIdNum": 3005,
                    "ObjectType": 13,
                    "XPos": -254,
                    "YPos": -64,
                    "ZPos": 242,
                    "XRotation": 0,
                    "YRotation": -1536,
                    "ZRotation": 0
                },
                {
                    "ModelId": "3018",
                    "ModelIdNum": 3018,
                    "ObjectType": 13,
                    "XPos": -376,
                    "YPos": -64,
                    "ZPos": 64,
                    "XRotation": 0,
                    "YRotation": -1024,
                    "ZRotation": 0
                },
                {
                    "ModelId": "4004",
                    "ModelIdNum": 4004,
                    "ObjectType": 13,
                    "XPos": -136,
                    "YPos": -64,
                    "ZPos": 126,
                    "XRotation": 0,
                    "YRotation": -512,
                    "ZRotation": 0
                },
                {
                    "ModelId": "3004",
                    "ModelIdNum": 3004,
                    "ObjectType": 13,
                    "XPos": -376,
                    "YPos": -64,
                    "ZPos": 186,
                    "XRotation": 0,
                    "YRotation": -1024,
                    "ZRotation": 0
                },
                {
                    "ModelId": "4004",
                    "ModelIdNum": 4004,
                    "ObjectType": 13,
                    "XPos": -374,
                    "YPos": -64,
                    "ZPos": 126,
                    "XRotation": 0,
                    "YRotation": -1536,
                    "ZRotation": 0
                },
                {
                    "ModelId": "2007",
                    "ModelIdNum": 2007,
                    "ObjectType": 13,
                    "XPos": -254,
                    "YPos": -126,
                    "ZPos": 130,
                    "XRotation": 0,
                    "YRotation": 0,
                    "ZRotation": 0
                },
                {
                    "ModelId": "62319",
                    "ModelIdNum": 62319,
                    "ObjectType": 0,
                    "XPos": -128,
                    "YPos": 0,
                    "ZPos": 74,
                    "YScale": 0.3,
                    "ZScale": 0.35,
                    "XRotation": 0,
                    "YRotation": -511,
                    "ZRotation": 0
                },
                {
                    "ModelId": "3000",
                    "ModelIdNum": 3000,
                    "ObjectType": 13,
                    "XPos": -126,
                    "YPos": -64,
                    "ZPos": -64,
                    "XRotation": 0,
                    "YRotation": -1024,
                    "ZRotation": 0
                },
                {
                    "ModelId": "31025",
                    "ModelIdNum": 31025,
                    "ObjectType": 13,
                    "XPos": -64,
                    "YPos": -63,
                    "ZPos": -64,
                    "XRotation": 0,
                    "YRotation": 0,
                    "ZRotation": 0
                },
                {
                    "ModelId": "3016",
                    "ModelIdNum": 3016,
                    "ObjectType": 13,
                    "XPos": -64,
                    "YPos": -63,
                    "ZPos": -126,
                    "XRotation": 0,
                    "YRotation": -512,
                    "ZRotation": 0
                },
                {
                    "ModelId": "3017",
                    "ModelIdNum": 3017,
                    "ObjectType": 13,
                    "XPos": 64,
                    "YPos": 1,
                    "ZPos": -68,
                    "XRotation": 0,
                    "YRotation": -512,
                    "ZRotation": 0
                },
                {
                    "ModelId": "31024",
                    "ModelIdNum": 31024,
                    "ObjectType": 13,
                    "XPos": 64,
                    "YPos": -63,
                    "ZPos": -67,
                    "XRotation": 0,
                    "YRotation": -1536,
                    "ZRotation": 0
                },
                {
                    "ModelId": "41034",
                    "ModelIdNum": 41034,
                    "ObjectType": 0,
                    "XPos": -36,
                    "YPos": -18,
                    "ZPos": -120,
                    "XRotation": 0,
                    "YRotation": 0,
                    "ZRotation": 0
                },
                {
                    "ModelId": "41120",
                    "ModelIdNum": 41120,
                    "ObjectType": 0,
                    "XPos": -68,
                    "YPos": -162,
                    "ZPos": 112,
                    "XRotation": 0,
                    "YRotation": -1024,
                    "ZRotation": 0
                },
                {
                    "ModelId": "41830",
                    "ModelIdNum": 41830,
                    "ObjectType": 0,
                    "XPos": -96,
                    "YPos": -135,
                    "ZPos": -56,
                    "XRotation": 0,
                    "YRotation": -34,
                    "ZRotation": 0
                },
                {
                    "ModelId": "41113",
                    "ModelIdNum": 41113,
                    "ObjectType": 0,
                    "XPos": -98,
                    "YPos": -140,
                    "ZPos": 82,
                    "XRotation": 0,
                    "YRotation": 0,
                    "ZRotation": 0
                },
                {
                    "ModelId": "41014",
                    "ModelIdNum": 41014,
                    "ObjectType": 0,
                    "XPos": -334,
                    "YPos": -167,
                    "ZPos": 222,
                    "XRotation": 0,
                    "YRotation": 0,
                    "ZRotation": 0
                },
                {
                    "ModelId": "41818",
                    "ModelIdNum": 41818,
                    "ObjectType": 0,
                    "XPos": -300,
                    "YPos": -141,
                    "ZPos": 174,
                    "XRotation": 0,
                    "YRotation": 0,
                    "ZRotation": 0
                },
                {
                    "ModelId": "41005",
                    "ModelIdNum": 41005,
                    "ObjectType": 0,
                    "XPos": -368,
                    "YPos": -167,
                    "ZPos": -60,
                    "XRotation": 0,
                    "YRotation": -1536,
                    "ZRotation": 0
                },
                {
                    "ModelId": "41110",
                    "ModelIdNum": 41110,
                    "ObjectType": 0,
                    "XPos": -186,
                    "YPos": -149,
                    "ZPos": 222,
                    "XRotation": 0,
                    "YRotation": 0,
                    "ZRotation": 0
                },
                {
                    "ModelId": "41105",
                    "ModelIdNum": 41105,
                    "ObjectType": 0,
                    "XPos": 62,
                    "YPos": -145,
                    "ZPos": 238,
                    "XRotation": 0,
                    "YRotation": 0,
                    "ZRotation": 0
                },
                {
                    "ModelId": "41051",
                    "ModelIdNum": 41051,
                    "ObjectType": 0,
                    "XPos": -32,
                    "YPos": -165,
                    "ZPos": 144,
                    "XRotation": 0,
                    "YRotation": 0,
                    "ZRotation": 0
                },
                {
                    "ModelId": "41813",
                    "ModelIdNum": 41813,
                    "ObjectType": 3,
                    "XPos": -72,
                    "YPos": 129,
                    "ZPos": 148,
                    "XRotation": 0,
                    "YRotation": 0,
                    "ZRotation": 0
                },
                {
                    "ModelId": "41125",
                    "ModelIdNum": 41125,
                    "ObjectType": 0,
                    "XPos": 260,
                    "YPos": -134,
                    "ZPos": 208,
                    "XRotation": 0,
                    "YRotation": -1376,
                    "ZRotation": 0
                },
                {
                    "ModelId": "41041",
                    "ModelIdNum": 41041,
                    "ObjectType": 0,
                    "XPos": 106,
                    "YPos": -167,
                    "ZPos": -74,
                    "XRotation": 0,
                    "YRotation": -512,
                    "ZRotation": 0
                },
                {
                    "ModelId": "41811",
                    "ModelIdNum": 41811,
                    "ObjectType": 3,
                    "XPos": 32,
                    "YPos": 129,
                    "ZPos": -94,
                    "XRotation": 0,
                    "YRotation": 0,
                    "ZRotation": 0
                },
                {
                    "ModelId": "3000",
                    "ModelIdNum": 3000,
                    "ObjectType": 13,
                    "XPos": 128,
                    "YPos": -193,
                    "ZPos": 64,
                    "XRotation": 0,
                    "YRotation": -1024,
                    "ZRotation": 0
                },
                {
                    "ModelId": "1007",
                    "ModelIdNum": 1007,
                    "ObjectType": 13,
                    "XPos": 256,
                    "YPos": -130,
                    "ZPos": -4,
                    "XRotation": 0,
                    "YRotation": 0,
                    "ZRotation": 0
                },
                {
                    "ModelId": "2007",
                    "ModelIdNum": 2007,
                    "ObjectType": 13,
                    "XPos": 252,
                    "YPos": -256,
                    "ZPos": 4,
                    "XRotation": 0,
                    "YRotation": 0,
                    "ZRotation": 0
                },
                {
                    "ModelId": "3005",
                    "ModelIdNum": 3005,
                    "ObjectType": 13,
                    "XPos": 252,
                    "YPos": -193,
                    "ZPos": 122,
                    "XRotation": 0,
                    "YRotation": -1536,
                    "ZRotation": 0
                },
                {
                    "ModelId": "3004",
                    "ModelIdNum": 3004,
                    "ObjectType": 13,
                    "XPos": 374,
                    "YPos": -193,
                    "ZPos": -62,
                    "XRotation": 0,
                    "YRotation": 0,
                    "ZRotation": 0
                },
                {
                    "ModelId": "3018",
                    "ModelIdNum": 3018,
                    "ObjectType": 13,
                    "XPos": 190,
                    "YPos": -193,
                    "ZPos": -120,
                    "XRotation": 0,
                    "YRotation": -512,
                    "ZRotation": 0
                },
                {
                    "ModelId": "3004",
                    "ModelIdNum": 3004,
                    "ObjectType": 13,
                    "XPos": 132,
                    "YPos": -193,
                    "ZPos": -62,
                    "XRotation": 0,
                    "YRotation": -1024,
                    "ZRotation": 0
                },
                {
                    "ModelId": "4004",
                    "ModelIdNum": 4004,
                    "ObjectType": 13,
                    "XPos": 134,
                    "YPos": -193,
                    "ZPos": 2,
                    "XRotation": 0,
                    "YRotation": -1536,
                    "ZRotation": 0
                },
                {
                    "ModelId": "3004",
                    "ModelIdNum": 3004,
                    "ObjectType": 13,
                    "XPos": 316,
                    "YPos": -193,
                    "ZPos": -120,
                    "XRotation": 0,
                    "YRotation": -512,
                    "ZRotation": 0
                },
                {
                    "ModelId": "4004",
                    "ModelIdNum": 4004,
                    "ObjectType": 13,
                    "XPos": 252,
                    "YPos": -193,
                    "ZPos": -118,
                    "XRotation": 0,
                    "YRotation": -1024,
                    "ZRotation": 0
                },
                {
                    "ModelId": "4004",
                    "ModelIdNum": 4004,
                    "ObjectType": 13,
                    "XPos": 372,
                    "YPos": -193,
                    "ZPos": 2,
                    "XRotation": 0,
                    "YRotation": -512,
                    "ZRotation": 0
                },
                {
                    "ModelId": "3018",
                    "ModelIdNum": 3018,
                    "ObjectType": 13,
                    "XPos": 374,
                    "YPos": -193,
                    "ZPos": 64,
                    "XRotation": 0,
                    "YRotation": 0,
                    "ZRotation": 0
                },
                {
                    "ModelId": "62319",
                    "ModelIdNum": 62319,
                    "ObjectType": 0,
                    "XPos": 126,
                    "YPos": -130,
                    "ZPos": 78,
                    "YScale": 0.3,
                    "ZScale": 0.35,
                    "XRotation": 0,
                    "YRotation": -511,
                    "ZRotation": 0
                },
                {
                    "ModelId": "41013",
                    "ModelIdNum": 41013,
                    "ObjectType": 0,
                    "XPos": 282,
                    "YPos": -165,
                    "ZPos": 112,
                    "XRotation": 0,
                    "YRotation": 0,
                    "ZRotation": 0
                },
                {
                    "ModelId": "41810",
                    "ModelIdNum": 41810,
                    "ObjectType": 0,
                    "XPos": 138,
                    "YPos": -148,
                    "ZPos": -62,
                    "XRotation": 0,
                    "YRotation": -512,
                    "ZRotation": 0
                },
                {
                    "ModelId": "3000",
                    "ModelIdNum": 3000,
                    "ObjectType": 13,
                    "XPos": 64,
                    "YPos": -194,
                    "ZPos": -2,
                    "XRotation": 0,
                    "YRotation": -1536,
                    "ZRotation": 0
                },
                {
                    "ModelId": "3018",
                    "ModelIdNum": 3018,
                    "ObjectType": 13,
                    "XPos": 64,
                    "YPos": -192,
                    "ZPos": -126,
                    "XRotation": 0,
                    "YRotation": -512,
                    "ZRotation": 0
                },
                {
                    "ModelId": "15005",
                    "ModelIdNum": 15005,
                    "ObjectType": 13,
                    "XPos": 64,
                    "YPos": -129,
                    "ZPos": -64,
                    "XRotation": 0,
                    "YRotation": 0,
                    "ZRotation": 0
                },
                {
                    "ModelId": "41113",
                    "ModelIdNum": 41113,
                    "ObjectType": 0,
                    "XPos": 252,
                    "YPos": -141,
                    "ZPos": -84,
                    "XRotation": 0,
                    "YRotation": 0,
                    "ZRotation": 0
                },
                {
                    "ModelId": "41111",
                    "ModelIdNum": 41111,
                    "ObjectType": 0,
                    "XPos": 344,
                    "YPos": -140,
                    "ZPos": -74,
                    "YScale": 0.86682,
                    "XRotation": 0,
                    "YRotation": -511,
                    "ZRotation": 0
                },
                {
                    "ModelId": "31025",
                    "ModelIdNum": 31025,
                    "ObjectType": 13,
                    "XPos": -320,
                    "YPos": -192,
                    "ZPos": 64,
                    "XRotation": 0,
                    "YRotation": -1536,
                    "ZRotation": 0
                },
                {
                    "ModelId": "3018",
                    "ModelIdNum": 3018,
                    "ObjectType": 13,
                    "XPos": -380,
                    "YPos": -192,
                    "ZPos": 64,
                    "XRotation": 0,
                    "YRotation": -1024,
                    "ZRotation": 0
                },
                {
                    "ModelId": "3000",
                    "ModelIdNum": 3000,
                    "ObjectType": 13,
                    "XPos": -320,
                    "YPos": -193,
                    "ZPos": 126,
                    "XRotation": 0,
                    "YRotation": -1536,
                    "ZRotation": 0
                },
                {
                    "ModelId": "42076",
                    "ModelIdNum": 42076,
                    "ObjectType": 0,
                    "XPos": 290,
                    "YPos": -140,
                    "ZPos": -77,
                    "XRotation": 0,
                    "YRotation": -1536,
                    "ZRotation": 0
                },
                {
                    "ModelId": "45081",
                    "ModelIdNum": 45081,
                    "ObjectType": 0,
                    "XPos": -212,
                    "YPos": -60,
                    "ZPos": 228,
                    "XRotation": 0,
                    "YRotation": 0,
                    "ZRotation": -512
                },
                {
                    "ModelId": "45081",
                    "ModelIdNum": 45081,
                    "ObjectType": 0,
                    "XPos": -216,
                    "YPos": -54,
                    "ZPos": 228,
                    "XScale": 0.4999999,
                    "YScale": 0.8999999,
                    "XRotation": 0,
                    "YRotation": 0,
                    "ZRotation": -512
                },
                {
                    "ModelId": "41116",
                    "ModelIdNum": 41116,
                    "ObjectType": 3,
                    "XPos": -254,
                    "YPos": 12,
                    "ZPos": 238,
                    "YScale": 1.18403,
                    "ZScale": 1.24675,
                    "XRotation": 0,
                    "YRotation": -1024,
                    "ZRotation": 0
                },
                {
                    "ModelId": "45076",
                    "ModelIdNum": 45076,
                    "ObjectType": 0,
                    "XPos": -254,
                    "YPos": -15,
                    "ZPos": 236,
                    "XScale": 0.91785,
                    "ZScale": 0.3,
                    "XRotation": 0,
                    "YRotation": -1024,
                    "ZRotation": 0
                },
                {
                    "ModelId": "45129",
                    "ModelIdNum": 45129,
                    "ObjectType": 0,
                    "XPos": -318,
                    "YPos": -4,
                    "ZPos": 231,
                    "YScale": 1.5,
                    "ZScale": 4.14018,
                    "XRotation": 0,
                    "YRotation": -1024,
                    "ZRotation": -512
                },
                {
                    "ModelId": "69465",
                    "ModelIdNum": 69465,
                    "ObjectType": 0,
                    "XPos": -254,
                    "YPos": 1,
                    "ZPos": 237,
                    "XScale": 0.3377,
                    "YScale": 0.62,
                    "ZScale": 0.8006098,
                    "XRotation": 0,
                    "YRotation": -511,
                    "ZRotation": 0
                },
                {
                    "ModelId": "45081",
                    "ModelIdNum": 45081,
                    "ObjectType": 0,
                    "XPos": -72,
                    "YPos": -186,
                    "ZPos": -98,
                    "XScale": 0.5,
                    "YScale": 0.8,
                    "ZScale": 0.51432,
                    "XRotation": 0,
                    "YRotation": -774,
                    "ZRotation": -512
                },
                {
                    "ModelId": "41117",
                    "ModelIdNum": 41117,
                    "ObjectType": 3,
                    "XPos": -41,
                    "YPos": 139,
                    "ZPos": -83,
                    "ZScale": 0.6610699,
                    "XRotation": 0,
                    "YRotation": -1792,
                    "ZRotation": 0
                },
                {
                    "ModelId": "45076",
                    "ModelIdNum": 45076,
                    "ObjectType": 0,
                    "XPos": -38,
                    "YPos": -148,
                    "ZPos": -88,
                    "ZScale": 0.47715,
                    "XRotation": 0,
                    "YRotation": -779,
                    "ZRotation": 0
                },
                {
                    "ModelId": "45081",
                    "ModelIdNum": 45081,
                    "ObjectType": 0,
                    "XPos": -80,
                    "YPos": -192,
                    "ZPos": -106,
                    "YScale": 1.03,
                    "ZScale": 0.84666,
                    "XRotation": 0,
                    "YRotation": -774,
                    "ZRotation": -512
                },
                {
                    "ModelId": "45129",
                    "ModelIdNum": 45129,
                    "ObjectType": 0,
                    "XPos": -120,
                    "YPos": -134,
                    "ZPos": -142,
                    "XScale": 1.2,
                    "YScale": 1.99,
                    "ZScale": 2.1026,
                    "XRotation": 0,
                    "YRotation": -768,
                    "ZRotation": -512
                },
                {
                    "ModelId": "69465",
                    "ModelIdNum": 69465,
                    "ObjectType": 0,
                    "XPos": -42,
                    "YPos": -131,
                    "ZPos": -84,
                    "XScale": 0.3,
                    "YScale": 0.6,
                    "ZScale": 0.9,
                    "XRotation": 0,
                    "YRotation": -256,
                    "ZRotation": 0
                }
            ],
            "BlockFlatObjectRecords": [
                {
                    "Position": 0,
                    "XPos": 160,
                    "YPos": 0,
                    "ZPos": 192,
                    "TextureArchive": 199,
                    "TextureRecord": 11,
                    "FactionID": -1,
                    "Flags": 1
                },
                {
                    "Position": 0,
                    "XPos": 234,
                    "YPos": -129,
                    "ZPos": -50,
                    "TextureArchive": 199,
                    "TextureRecord": 18,
                    "FactionID": -1,
                    "Flags": 17
                },
                {
                    "Position": 0,
                    "XPos": 288,
                    "YPos": 0,
                    "ZPos": 208,
                    "TextureArchive": 199,
                    "TextureRecord": 20,
                    "FactionID": 0,
                    "Flags": 17
                },
                {
                    "Position": 0,
                    "XPos": 104,
                    "YPos": 0,
                    "ZPos": 112,
                    "TextureArchive": 199,
                    "TextureRecord": 20,
                    "FactionID": 0,
                    "Flags": 17
                },
                {
                    "Position": 0,
                    "XPos": -26,
                    "YPos": 0,
                    "ZPos": 122,
                    "TextureArchive": 199,
                    "TextureRecord": 20,
                    "FactionID": 0,
                    "Flags": 17
                },
                {
                    "Position": 0,
                    "XPos": -170,
                    "YPos": 0,
                    "ZPos": 26,
                    "TextureArchive": 199,
                    "TextureRecord": 20,
                    "FactionID": 0,
                    "Flags": 17
                },
                {
                    "Position": 0,
                    "XPos": 284,
                    "YPos": 0,
                    "ZPos": -90,
                    "TextureArchive": 199,
                    "TextureRecord": 20,
                    "FactionID": 0,
                    "Flags": 17
                },
                {
                    "Position": 0,
                    "XPos": 192,
                    "YPos": -80,
                    "ZPos": 128,
                    "TextureArchive": 210,
                    "TextureRecord": 13,
                    "FactionID": -32752,
                    "Flags": 17
                },
                {
                    "Position": 0,
                    "XPos": -256,
                    "YPos": -80,
                    "ZPos": 128,
                    "TextureArchive": 210,
                    "TextureRecord": 13,
                    "FactionID": -32752,
                    "Flags": 17
                },
                {
                    "Position": 0,
                    "XPos": 64,
                    "YPos": -80,
                    "ZPos": -64,
                    "TextureArchive": 210,
                    "TextureRecord": 13,
                    "FactionID": -32752,
                    "Flags": 17
                },
                {
                    "Position": 0,
                    "XPos": -192,
                    "YPos": -129,
                    "ZPos": 48,
                    "TextureArchive": 199,
                    "TextureRecord": 20,
                    "FactionID": 0,
                    "Flags": 17
                },
                {
                    "Position": 0,
                    "XPos": -94,
                    "YPos": -129,
                    "ZPos": 222,
                    "TextureArchive": 199,
                    "TextureRecord": 20,
                    "FactionID": 0,
                    "Flags": 17
                },
                {
                    "Position": 0,
                    "XPos": 176,
                    "YPos": -129,
                    "ZPos": 176,
                    "TextureArchive": 199,
                    "TextureRecord": 20,
                    "FactionID": 0,
                    "Flags": 17
                },
                {
                    "Position": 0,
                    "XPos": 174,
                    "YPos": -129,
                    "ZPos": -86,
                    "TextureArchive": 199,
                    "TextureRecord": 20,
                    "FactionID": 0,
                    "Flags": 17
                },
                {
                    "Position": 0,
                    "XPos": -192,
                    "YPos": -209,
                    "ZPos": 0,
                    "TextureArchive": 210,
                    "TextureRecord": 13,
                    "FactionID": -32752,
                    "Flags": 17
                },
                {
                    "Position": 0,
                    "XPos": 60,
                    "YPos": -209,
                    "ZPos": 188,
                    "TextureArchive": 210,
                    "TextureRecord": 13,
                    "FactionID": -32752,
                    "Flags": 17
                },
                {
                    "Position": 0,
                    "XPos": 256,
                    "YPos": -216,
                    "ZPos": 0,
                    "TextureArchive": 210,
                    "TextureRecord": 13,
                    "FactionID": -32752,
                    "Flags": 17
                },
                {
                    "Position": 0,
                    "XPos": 192,
                    "YPos": 0,
                    "ZPos": -64,
                    "TextureArchive": 199,
                    "TextureRecord": 8,
                    "FactionID": 0,
                    "Flags": 0
                },
                {
                    "Position": 0,
                    "XPos": -192,
                    "YPos": -129,
                    "ZPos": -64,
                    "TextureArchive": 199,
                    "TextureRecord": 8,
                    "FactionID": 0,
                    "Flags": 0
                },
                {
                    "Position": 0,
                    "XPos": -254,
                    "YPos": -25,
                    "ZPos": 36,
                    "TextureArchive": 213,
                    "TextureRecord": 3,
                    "FactionID": 0,
                    "Flags": 0
                },
                {
                    "Position": 0,
                    "XPos": -293,
                    "YPos": -25,
                    "ZPos": 37,
                    "TextureArchive": 56790,
                    "TextureRecord": 2,
                    "FactionID": 0,
                    "Flags": 0
                },
                {
                    "Position": 0,
                    "XPos": -279,
                    "YPos": -25,
                    "ZPos": 47,
                    "TextureArchive": 205,
                    "TextureRecord": 36,
                    "FactionID": 0,
                    "Flags": 0
                },
                {
                    "Position": 0,
                    "XPos": -256,
                    "YPos": -80,
                    "ZPos": -64,
                    "TextureArchive": 210,
                    "TextureRecord": 13,
                    "FactionID": 0,
                    "Flags": 0
                },
                {
                    "Position": 0,
                    "XPos": -218,
                    "YPos": -26,
                    "ZPos": 44,
                    "TextureArchive": 214,
                    "TextureRecord": 3,
                    "FactionID": 0,
                    "Flags": 0
                },
                {
                    "Position": 0,
                    "XPos": 254,
                    "YPos": -73,
                    "ZPos": -64,
                    "TextureArchive": 213,
                    "TextureRecord": 13,
                    "FactionID": 0,
                    "Flags": 0
                },
                {
                    "Position": 0,
                    "XPos": -302,
                    "YPos": -153,
                    "ZPos": 172,
                    "TextureArchive": 210,
                    "TextureRecord": 4,
                    "FactionID": 0,
                    "Flags": 0
                },
                {
                    "Position": 0,
                    "XPos": -212,
                    "YPos": -163,
                    "ZPos": 222,
                    "TextureArchive": 204,
                    "TextureRecord": 5,
                    "FactionID": 0,
                    "Flags": 0
                },
                {
                    "Position": 0,
                    "XPos": -172,
                    "YPos": -163,
                    "ZPos": 236,
                    "TextureArchive": 205,
                    "TextureRecord": 13,
                    "FactionID": 0,
                    "Flags": 0
                },
                {
                    "Position": 0,
                    "XPos": -156,
                    "YPos": -163,
                    "ZPos": 218,
                    "TextureArchive": 211,
                    "TextureRecord": 23,
                    "FactionID": 0,
                    "Flags": 0
                },
                {
                    "Position": 0,
                    "XPos": -192,
                    "YPos": -203,
                    "ZPos": 128,
                    "TextureArchive": 213,
                    "TextureRecord": 13,
                    "FactionID": 0,
                    "Flags": 0
                },
                {
                    "Position": 0,
                    "XPos": 338,
                    "YPos": -149,
                    "ZPos": -92,
                    "TextureArchive": 208,
                    "TextureRecord": 5,
                    "FactionID": 0,
                    "Flags": 0
                },
                {
                    "Position": 0,
                    "XPos": 346,
                    "YPos": -150,
                    "ZPos": -58,
                    "TextureArchive": 209,
                    "TextureRecord": 1,
                    "FactionID": 0,
                    "Flags": 0
                },
                {
                    "Position": 0,
                    "XPos": -16,
                    "YPos": -130,
                    "ZPos": 220,
                    "TextureArchive": 199,
                    "TextureRecord": 4,
                    "FactionID": 0,
                    "Flags": 0
                }
            ],
            "BlockSection3Records": [
                {
                    "XPos": 320,
                    "YPos": 0,
                    "ZPos": -64
                },
                {
                    "XPos": 64,
                    "YPos": 0,
                    "ZPos": -64
                },
                {
                    "XPos": -64,
                    "YPos": 0,
                    "ZPos": -64
                },
                {
                    "XPos": -64,
                    "YPos": 0,
                    "ZPos": 64
                },
                {
                    "XPos": -64,
                    "YPos": 0,
                    "ZPos": 192
                },
                {
                    "XPos": -192,
                    "YPos": 0,
                    "ZPos": -64
                },
                {
                    "XPos": -320,
                    "YPos": 0,
                    "ZPos": -64
                },
                {
                    "XPos": -192,
                    "YPos": 0,
                    "ZPos": 64
                },
                {
                    "XPos": -192,
                    "YPos": 0,
                    "ZPos": 192
                },
                {
                    "XPos": -320,
                    "YPos": 0,
                    "ZPos": 192
                },
                {
                    "XPos": -320,
                    "YPos": 0,
                    "ZPos": 64
                },
                {
                    "XPos": 64,
                    "YPos": 0,
                    "ZPos": 192
                },
                {
                    "XPos": 192,
                    "YPos": 0,
                    "ZPos": 192
                },
                {
                    "XPos": 320,
                    "YPos": 0,
                    "ZPos": 192
                },
                {
                    "XPos": 320,
                    "YPos": 0,
                    "ZPos": 64
                },
                {
                    "XPos": 192,
                    "YPos": 0,
                    "ZPos": 64
                },
                {
                    "XPos": 64,
                    "YPos": 0,
                    "ZPos": 64
                },
                {
                    "XPos": -64,
                    "YPos": -129,
                    "ZPos": -64
                },
                {
                    "XPos": -320,
                    "YPos": -129,
                    "ZPos": -64
                },
                {
                    "XPos": -320,
                    "YPos": -129,
                    "ZPos": 64
                },
                {
                    "XPos": -192,
                    "YPos": -129,
                    "ZPos": 64
                },
                {
                    "XPos": -64,
                    "YPos": -129,
                    "ZPos": 64
                },
                {
                    "XPos": 64,
                    "YPos": -129,
                    "ZPos": 64
                },
                {
                    "XPos": 64,
                    "YPos": -129,
                    "ZPos": 192
                },
                {
                    "XPos": -64,
                    "YPos": -129,
                    "ZPos": 192
                },
                {
                    "XPos": -192,
                    "YPos": -129,
                    "ZPos": 192
                },
                {
                    "XPos": -320,
                    "YPos": -129,
                    "ZPos": 192
                },
                {
                    "XPos": 192,
                    "YPos": -129,
                    "ZPos": 192
                },
                {
                    "XPos": 320,
                    "YPos": -129,
                    "ZPos": 192
                },
                {
                    "XPos": 320,
                    "YPos": -129,
                    "ZPos": 64
                },
                {
                    "XPos": 192,
                    "YPos": -129,
                    "ZPos": 64
                },
                {
                    "XPos": 192,
                    "YPos": -129,
                    "ZPos": -64
                },
                {
                    "XPos": 320,
                    "YPos": -129,
                    "ZPos": -64
                },
                {
                    "XPos": 64,
                    "YPos": -129,
                    "ZPos": -64
                }
            ],
            "BlockPeopleRecords": [
                {
                    "Position": 7052,
                    "XPos": 256,
                    "YPos": 0,
                    "ZPos": 160,
                    "TextureArchive": 184,
                    "TextureRecord": 21,
                    "FactionID": 0,
                    "Flags": 1
                },
                {
                    "Position": 7053,
                    "XPos": 194,
                    "YPos": -131,
                    "ZPos": -10,
                    "TextureArchive": 182,
                    "TextureRecord": 18,
                    "FactionID": 0,
                    "Flags": 0
                }
            ],
            "BlockDoorRecords": [
                {
                    "Position": 0,
                    "XPos": 135,
                    "YPos": -174,
                    "ZPos": 215,
                    "YRotation": -512,
                    "OpenRotation": 90,
                    "DoorModelIndex": 0
                },
                {
                    "Position": 1,
                    "XPos": 135,
                    "YPos": -174,
                    "ZPos": 87,
                    "YRotation": -512,
                    "OpenRotation": 90,
                    "DoorModelIndex": 0
                },
                {
                    "Position": 2,
                    "XPos": 41,
                    "YPos": -174,
                    "ZPos": 2,
                    "YRotation": 0,
                    "OpenRotation": 90,
                    "DoorModelIndex": 0
                },
                {
                    "Position": 3,
                    "XPos": 4,
                    "YPos": -45,
                    "ZPos": 215,
                    "YRotation": -512,
                    "OpenRotation": 90,
                    "DoorModelIndex": 0
                },
                {
                    "Position": 4,
                    "XPos": -132,
                    "YPos": -45,
                    "ZPos": -87,
                    "YRotation": -1536,
                    "OpenRotation": 90,
                    "DoorModelIndex": 0
                }
            ]
        }
    },
    "AutoMapData": null
}