{
    "FactionId": 0,
    "BuildingType": 18,
    "Quality": 10,
    "NameSeed": 0,
    "RmbSubRecord": {
        "XPos": 2048,
        "ZPos": 3520,
        "YRotation": 1536,
        "Exterior": {
            "Header": {
                "Num3dObjectRecords": 1,
                "NumFlatObjectRecords": 0,
                "NumSection3Records": 0,
                "NumPeopleRecords": 0,
                "NumDoorRecords": 0
            },
            "Block3dObjectRecords": [
                {
                    "ModelId": "548",
                    "ModelIdNum": 548,
                    "ObjectType": 4,
                    "XPos": 0,
                    "YPos": 0,
                    "ZPos": 0,
                    "XRotation": 0,
                    "YRotation": 0,
                    "ZRotation": 0
                }
            ],
            "BlockFlatObjectRecords": [],
            "BlockSection3Records": [],
            "BlockPeopleRecords": [],
            "BlockDoorRecords": []
        },
        "Interior": {
            "Header": {
                "Num3dObjectRecords": 31,
                "NumFlatObjectRecords": 11,
                "NumSection3Records": 38,
                "NumPeopleRecords": 1,
                "NumDoorRecords": 4
            },
            "Block3dObjectRecords": [
                {
                    "ModelId": "31306",
                    "ModelIdNum": 31306,
                    "ObjectType": 13,
                    "XPos": -189,
                    "YPos": -63,
                    "ZPos": 253,
                    "XRotation": 0,
                    "YRotation": -1024,
                    "ZRotation": 0
                },
                {
                    "ModelId": "31328",
                    "ModelIdNum": 31328,
                    "ObjectType": 13,
                    "XPos": -64,
                    "YPos": -63,
                    "ZPos": -128,
                    "XRotation": 0,
                    "YRotation": -1536,
                    "ZRotation": 0
                },
                {
                    "ModelId": "31306",
                    "ModelIdNum": 31306,
                    "ObjectType": 13,
                    "XPos": 61,
                    "YPos": -63,
                    "ZPos": 3,
                    "XRotation": 0,
                    "YRotation": 0,
                    "ZRotation": 0
                },
                {
                    "ModelId": "36301",
                    "ModelIdNum": 36301,
                    "ObjectType": 13,
                    "XPos": 192,
                    "YPos": -63,
                    "ZPos": 0,
                    "XRotation": 0,
                    "YRotation": -1024,
                    "ZRotation": 0
                },
                {
                    "ModelId": "31325",
                    "ModelIdNum": 31325,
                    "ObjectType": 13,
                    "XPos": 64,
                    "YPos": -63,
                    "ZPos": 128,
                    "XRotation": 0,
                    "YRotation": -1024,
                    "ZRotation": 0
                },
                {
                    "ModelId": "31303",
                    "ModelIdNum": 31303,
                    "ObjectType": 13,
                    "XPos": 189,
                    "YPos": -63,
                    "ZPos": 125,
                    "XRotation": 0,
                    "YRotation": -1536,
                    "ZRotation": 0
                },
                {
                    "ModelId": "31325",
                    "ModelIdNum": 31325,
                    "ObjectType": 13,
                    "XPos": -64,
                    "YPos": -63,
                    "ZPos": 128,
                    "XRotation": 0,
                    "YRotation": -1536,
                    "ZRotation": 0
                },
                {
                    "ModelId": "31325",
                    "ModelIdNum": 31325,
                    "ObjectType": 13,
                    "XPos": -64,
                    "YPos": -63,
                    "ZPos": 0,
                    "XRotation": 0,
                    "YRotation": -1536,
                    "ZRotation": 0
                },
                {
                    "ModelId": "31330",
                    "ModelIdNum": 31330,
                    "ObjectType": 13,
                    "XPos": -189,
                    "YPos": -63,
                    "ZPos": 0,
                    "XRotation": 0,
                    "YRotation": -1536,
                    "ZRotation": 0
                },
                {
                    "ModelId": "31318",
                    "ModelIdNum": 31318,
                    "ObjectType": 13,
                    "XPos": 189,
                    "YPos": -63,
                    "ZPos": 256,
                    "XRotation": 0,
                    "YRotation": -1536,
                    "ZRotation": 0
                },
                {
                    "ModelId": "41051",
                    "ModelIdNum": 41051,
                    "ObjectType": 0,
                    "XPos": 17,
                    "YPos": -36,
                    "ZPos": -187,
                    "XRotation": 0,
                    "YRotation": -512,
                    "ZRotation": 0
                },
                {
                    "ModelId": "41025",
                    "ModelIdNum": 41025,
                    "ObjectType": 3,
                    "XPos": 16,
                    "YPos": 2,
                    "ZPos": -234,
                    "XRotation": 0,
                    "YRotation": -512,
                    "ZRotation": 0
                },
                {
                    "ModelId": "41020",
                    "ModelIdNum": 41020,
                    "ObjectType": 3,
                    "XPos": 236,
                    "YPos": 1,
                    "ZPos": -192,
                    "XRotation": 0,
                    "YRotation": -512,
                    "ZRotation": 0
                },
                {
                    "ModelId": "41022",
                    "ModelIdNum": 41022,
                    "ObjectType": 3,
                    "XPos": 192,
                    "YPos": 2,
                    "ZPos": -40,
                    "XRotation": 0,
                    "YRotation": -1011,
                    "ZRotation": 0
                },
                {
                    "ModelId": "41109",
                    "ModelIdNum": 41109,
                    "ObjectType": 3,
                    "XPos": -56,
                    "YPos": 2,
                    "ZPos": 280,
                    "XRotation": 0,
                    "YRotation": -2032,
                    "ZRotation": 0
                },
                {
                    "ModelId": "41101",
                    "ModelIdNum": 41101,
                    "ObjectType": 3,
                    "XPos": 24,
                    "YPos": 2,
                    "ZPos": 280,
                    "XRotation": 0,
                    "YRotation": -1520,
                    "ZRotation": 0
                },
                {
                    "ModelId": "41101",
                    "ModelIdNum": 41101,
                    "ObjectType": 3,
                    "XPos": -40,
                    "YPos": 2,
                    "ZPos": 240,
                    "XRotation": 0,
                    "YRotation": -1904,
                    "ZRotation": 0
                },
                {
                    "ModelId": "41003",
                    "ModelIdNum": 41003,
                    "ObjectType": 0,
                    "XPos": 104,
                    "YPos": -62,
                    "ZPos": 4,
                    "XRotation": 0,
                    "YRotation": -1536,
                    "ZRotation": 0
                },
                {
                    "ModelId": "41100",
                    "ModelIdNum": 41100,
                    "ObjectType": 0,
                    "XPos": 55,
                    "YPos": -15,
                    "ZPos": -32,
                    "XRotation": 0,
                    "YRotation": -1885,
                    "ZRotation": 0
                },
                {
                    "ModelId": "41015",
                    "ModelIdNum": 41015,
                    "ObjectType": 0,
                    "XPos": -160,
                    "YPos": -37,
                    "ZPos": -172,
                    "XRotation": 0,
                    "YRotation": 0,
                    "ZRotation": 0
                },
                {
                    "ModelId": "41027",
                    "ModelIdNum": 41027,
                    "ObjectType": 0,
                    "XPos": -242,
                    "YPos": -36,
                    "ZPos": -32,
                    "XRotation": 0,
                    "YRotation": -512,
                    "ZRotation": 0
                },
                {
                    "ModelId": "31324",
                    "ModelIdNum": 31324,
                    "ObjectType": 13,
                    "XPos": -192,
                    "YPos": -63,
                    "ZPos": -125,
                    "XRotation": 0,
                    "YRotation": -512,
                    "ZRotation": 0
                },
                {
                    "ModelId": "31325",
                    "ModelIdNum": 31325,
                    "ObjectType": 13,
                    "XPos": -192,
                    "YPos": -63,
                    "ZPos": 128,
                    "XRotation": 0,
                    "YRotation": 0,
                    "ZRotation": 0
                },
                {
                    "ModelId": "3318",
                    "ModelIdNum": 3318,
                    "ObjectType": 13,
                    "XPos": -196,
                    "YPos": 1,
                    "ZPos": 128,
                    "XRotation": 0,
                    "YRotation": -1024,
                    "ZRotation": 0
                },
                {
                    "ModelId": "3318",
                    "ModelIdNum": 3318,
                    "ObjectType": 13,
                    "XPos": -196,
                    "YPos": 1,
                    "ZPos": -128,
                    "XRotation": 0,
                    "YRotation": -1024,
                    "ZRotation": 0
                },
                {
                    "ModelId": "42532",
                    "ModelIdNum": 42532,
                    "ObjectType": 0,
                    "XPos": 184,
                    "YPos": -86,
                    "ZPos": 184,
                    "XRotation": 0,
                    "YRotation": 0,
                    "ZRotation": 0
                },
                {
                    "ModelId": "41124",
                    "ModelIdNum": 41124,
                    "ObjectType": 0,
                    "XPos": 206,
                    "YPos": -33,
                    "ZPos": 210,
                    "XRotation": 0,
                    "YRotation": 0,
                    "ZRotation": 0
                },
                {
                    "ModelId": "41050",
                    "ModelIdNum": 41050,
                    "ObjectType": 0,
                    "XPos": 154,
                    "YPos": -13,
                    "ZPos": 210,
                    "XRotation": 0,
                    "YRotation": 0,
                    "ZRotation": 0
                },
                {
                    "ModelId": "41024",
                    "ModelIdNum": 41024,
                    "ObjectType": 0,
                    "XPos": 150,
                    "YPos": -28,
                    "ZPos": 296,
                    "XRotation": 0,
                    "YRotation": -1024,
                    "ZRotation": 0
                },
                {
                    "ModelId": "41826",
                    "ModelIdNum": 41826,
                    "ObjectType": 0,
                    "XPos": -226,
                    "YPos": -8,
                    "ZPos": 156,
                    "XRotation": 0,
                    "YRotation": -2030,
                    "ZRotation": 0
                },
                {
                    "ModelId": "41818",
                    "ModelIdNum": 41818,
                    "ObjectType": 0,
                    "XPos": -228,
                    "YPos": -12,
                    "ZPos": 118,
                    "XRotation": 0,
                    "YRotation": -48,
                    "ZRotation": 0
                },
                {
                    "ModelId": "41013",
                    "ModelIdNum": 41013,
                    "ObjectType": 0,
                    "XPos": 194,
                    "YPos": -35,
                    "ZPos": -3,
                    "XRotation": 0,
                    "YRotation": -1024,
                    "ZRotation": 0
                },
                {
                    "ModelId": "41005",
                    "ModelIdNum": 41005,
                    "ObjectType": 0,
                    "XPos": 236,
                    "YPos": -38,
                    "ZPos": -148,
                    "XRotation": 0,
                    "YRotation": -515,
                    "ZRotation": 0
                },
                {
                    "ModelId": "41811",
                    "ModelIdNum": 41811,
                    "ObjectType": 3,
                    "XPos": 189,
                    "YPos": 0,
                    "ZPos": -270,
                    "XRotation": 0,
                    "YRotation": 0,
                    "ZRotation": 0
                },
                {
                    "ModelId": "31324",
                    "ModelIdNum": 31324,
                    "ObjectType": 13,
                    "XPos": -66,
                    "YPos": -63,
                    "ZPos": -256,
                    "XRotation": 0,
                    "YRotation": 0,
                    "ZRotation": 0
                },
                {
                    "ModelId": "3300",
                    "ModelIdNum": 3300,
                    "ObjectType": 13,
                    "XPos": -64,
                    "YPos": -64,
                    "ZPos": -192,
                    "XRotation": 0,
                    "YRotation": -1536,
                    "ZRotation": 0
                },
                {
                    "ModelId": "31318",
                    "ModelIdNum": 31318,
                    "ObjectType": 13,
                    "XPos": -188,
                    "YPos": -63,
                    "ZPos": -256,
                    "XRotation": 0,
                    "YRotation": -512,
                    "ZRotation": 0
                },
                {
                    "ModelId": "3316",
                    "ModelIdNum": 3316,
                    "ObjectType": 13,
                    "XPos": -64,
                    "YPos": 1,
                    "ZPos": -260,
                    "ZScale": 1.0164,
                    "XRotation": 0,
                    "YRotation": -511,
                    "ZRotation": 0
                },
                {
                    "ModelId": "41050",
                    "ModelIdNum": 41050,
                    "ObjectType": 0,
                    "XPos": -134,
                    "YPos": -13,
                    "ZPos": -280,
                    "XRotation": 0,
                    "YRotation": -512,
                    "ZRotation": 0
                },
                {
                    "ModelId": "41024",
                    "ModelIdNum": 41024,
                    "ObjectType": 0,
                    "XPos": -215,
                    "YPos": -13,
                    "ZPos": -234,
                    "XRotation": 0,
                    "YRotation": -512,
                    "ZRotation": 0
                },
                {
                    "ModelId": "1307",
                    "ModelIdNum": 1307,
                    "ObjectType": 13,
                    "XPos": 128,
                    "YPos": 0,
                    "ZPos": -192,
                    "XRotation": 0,
                    "YRotation": 0,
                    "ZRotation": 0
                },
                {
                    "ModelId": "3300",
                    "ModelIdNum": 3300,
                    "ObjectType": 13,
                    "XPos": 2,
                    "YPos": -64,
                    "ZPos": -128,
                    "XRotation": 0,
                    "YRotation": -1024,
                    "ZRotation": 0
                },
                {
                    "ModelId": "3304",
                    "ModelIdNum": 3304,
                    "ObjectType": 13,
                    "XPos": 5,
                    "YPos": -64,
                    "ZPos": -244,
                    "XRotation": 0,
                    "YRotation": -1024,
                    "ZRotation": 0
                },
                {
                    "ModelId": "3304",
                    "ModelIdNum": 3304,
                    "ObjectType": 13,
                    "XPos": 188,
                    "YPos": -64,
                    "ZPos": -300,
                    "XRotation": 0,
                    "YRotation": -512,
                    "ZRotation": 0
                },
                {
                    "ModelId": "3317",
                    "ModelIdNum": 3317,
                    "ObjectType": 13,
                    "XPos": 64,
                    "YPos": 0,
                    "ZPos": -242,
                    "ZScale": 1.0164,
                    "XRotation": 0,
                    "YRotation": -511,
                    "ZRotation": 0
                },
                {
                    "ModelId": "4302",
                    "ModelIdNum": 4302,
                    "ObjectType": 13,
                    "XPos": 126,
                    "YPos": -64,
                    "ZPos": -300,
                    "XRotation": 0,
                    "YRotation": -1024,
                    "ZRotation": 0
                },
                {
                    "ModelId": "3304",
                    "ModelIdNum": 3304,
                    "ObjectType": 13,
                    "XPos": 63,
                    "YPos": -64,
                    "ZPos": -70,
                    "XRotation": 0,
                    "YRotation": -1536,
                    "ZRotation": 0
                },
                {
                    "ModelId": "3300",
                    "ModelIdNum": 3300,
                    "ObjectType": 13,
                    "XPos": 192,
                    "YPos": -64,
                    "ZPos": -67,
                    "XRotation": 0,
                    "YRotation": -1536,
                    "ZRotation": 0
                },
                {
                    "ModelId": "4302",
                    "ModelIdNum": 4302,
                    "ObjectType": 13,
                    "XPos": 128,
                    "YPos": -64,
                    "ZPos": -70,
                    "XRotation": 0,
                    "YRotation": 0,
                    "ZRotation": 0
                },
                {
                    "ModelId": "3305",
                    "ModelIdNum": 3305,
                    "ObjectType": 13,
                    "XPos": 246,
                    "YPos": -64,
                    "ZPos": -186,
                    "ZScale": 0.9657028,
                    "XRotation": 0,
                    "YRotation": 0,
                    "ZRotation": 0
                },
                {
                    "ModelId": "45110",
                    "ModelIdNum": 45110,
                    "ObjectType": 0,
                    "XPos": 0,
                    "YPos": 20,
                    "ZPos": -310,
                    "YScale": 1.6538,
                    "ZScale": 1.802364,
                    "XRotation": 0,
                    "YRotation": 0,
                    "ZRotation": 0
                },
                {
                    "ModelId": "2007",
                    "ModelIdNum": 2007,
                    "ObjectType": 13,
                    "XPos": 126,
                    "YPos": -126,
                    "ZPos": -189,
                    "XRotation": 0,
                    "YRotation": 0,
                    "ZRotation": 0
                },
                {
                    "ModelId": "31325",
                    "ModelIdNum": 31325,
                    "ObjectType": 13,
                    "XPos": 64,
                    "YPos": -63,
                    "ZPos": 256,
                    "XRotation": 0,
                    "YRotation": -1024,
                    "ZRotation": 0
                },
                {
                    "ModelId": "31325",
                    "ModelIdNum": 31325,
                    "ObjectType": 13,
                    "XPos": -64,
                    "YPos": -63,
                    "ZPos": 256,
                    "XRotation": 0,
                    "YRotation": -1536,
                    "ZRotation": 0
                },
                {
                    "ModelId": "3318",
                    "ModelIdNum": 3318,
                    "ObjectType": 13,
                    "XPos": -64,
                    "YPos": 1,
                    "ZPos": 260,
                    "XRotation": 0,
                    "YRotation": -1536,
                    "ZRotation": 0
                },
                {
                    "ModelId": "3318",
                    "ModelIdNum": 3318,
                    "ObjectType": 13,
                    "XPos": 64,
                    "YPos": 1,
                    "ZPos": 260,
                    "XRotation": 0,
                    "YRotation": -1536,
                    "ZRotation": 0
                },
                {
                    "ModelId": "42084",
                    "ModelIdNum": 42084,
                    "ObjectType": 0,
                    "XPos": 138,
                    "YPos": -11,
                    "ZPos": -254,
                    "XRotation": 0,
                    "YRotation": -1536,
                    "ZRotation": 0
                },
                {
                    "ModelId": "74802",
                    "ModelIdNum": 74802,
                    "ObjectType": 0,
                    "XPos": 152,
                    "YPos": 2,
                    "ZPos": -248,
                    "XRotation": -1536,
                    "YRotation": 0,
                    "ZRotation": 0
                },
                {
                    "ModelId": "42077",
                    "ModelIdNum": 42077,
                    "ObjectType": 0,
                    "XPos": -198,
                    "YPos": -42,
                    "ZPos": -280,
                    "XRotation": 0,
                    "YRotation": 0,
                    "ZRotation": 0
                },
                {
                    "ModelId": "45076",
                    "ModelIdNum": 45076,
                    "ObjectType": 0,
                    "XPos": -216,
                    "YPos": -14,
                    "ZPos": 280,
                    "XScale": 0.37793,
                    "XRotation": 0,
                    "YRotation": -259,
                    "ZRotation": 0
                },
                {
                    "ModelId": "45081",
                    "ModelIdNum": 45081,
                    "ObjectType": 0,
                    "XPos": -238,
                    "YPos": -54,
                    "ZPos": 242,
                    "ZScale": 0.67787,
                    "XRotation": 0,
                    "YRotation": -769,
                    "ZRotation": -509
                },
                {
                    "ModelId": "45081",
                    "ModelIdNum": 45081,
                    "ObjectType": 0,
                    "XPos": -236,
                    "YPos": -48,
                    "ZPos": 246,
                    "XScale": 0.5,
                    "YScale": 0.9000001,
                    "ZScale": 0.67787,
                    "XRotation": 0,
                    "YRotation": -771,
                    "ZRotation": -510
                },
                {
                    "ModelId": "45129",
                    "ModelIdNum": 45129,
                    "ObjectType": 0,
                    "XPos": -274,
                    "YPos": -2,
                    "ZPos": 206,
                    "XScale": 1.09553,
                    "YScale": 2.20792,
                    "ZScale": 3.0,
                    "XRotation": 0,
                    "YRotation": -770,
                    "ZRotation": -512
                },
                {
                    "ModelId": "69465",
                    "ModelIdNum": 69465,
                    "ObjectType": 0,
                    "XPos": -214,
                    "YPos": 17,
                    "ZPos": 278,
                    "XScale": 0.27487,
                    "YScale": 0.68878,
                    "ZScale": 0.86648,
                    "XRotation": 0,
                    "YRotation": -256,
                    "ZRotation": 0
                },
                {
                    "ModelId": "41116",
                    "ModelIdNum": 41116,
                    "ObjectType": 0,
                    "XPos": -214,
                    "YPos": -30,
                    "ZPos": 277,
                    "ZScale": 0.8628901,
                    "XRotation": 0,
                    "YRotation": -768,
                    "ZRotation": 0
                }
            ],
            "BlockFlatObjectRecords": [
                {
                    "Position": 0,
                    "XPos": 0,
                    "YPos": -86,
                    "ZPos": 254,
                    "TextureArchive": 210,
                    "TextureRecord": 13,
                    "FactionID": -32752,
                    "Flags": 17
                },
                {
                    "Position": 0,
                    "XPos": -128,
                    "YPos": -86,
                    "ZPos": 0,
                    "TextureArchive": 210,
                    "TextureRecord": 13,
                    "FactionID": -32752,
                    "Flags": 17
                },
                {
                    "Position": 0,
                    "XPos": 128,
                    "YPos": -86,
                    "ZPos": -192,
                    "TextureArchive": 210,
                    "TextureRecord": 13,
                    "FactionID": -32752,
                    "Flags": 17
                },
                {
                    "Position": 0,
                    "XPos": -126,
                    "YPos": -88,
                    "ZPos": -256,
                    "TextureArchive": 210,
                    "TextureRecord": 13,
                    "FactionID": 28680,
                    "Flags": 17
                },
                {
                    "Position": 0,
                    "XPos": 184,
                    "YPos": 0,
                    "ZPos": 112,
                    "TextureArchive": 199,
                    "TextureRecord": 20,
                    "FactionID": 0,
                    "Flags": 17
                },
                {
                    "Position": 0,
                    "XPos": -192,
                    "YPos": 0,
                    "ZPos": 224,
                    "TextureArchive": 199,
                    "TextureRecord": 20,
                    "FactionID": 0,
                    "Flags": 17
                },
                {
                    "Position": 0,
                    "XPos": -56,
                    "YPos": 0,
                    "ZPos": -272,
                    "TextureArchive": 199,
                    "TextureRecord": 20,
                    "FactionID": 0,
                    "Flags": 17
                },
                {
                    "Position": 0,
                    "XPos": 62,
                    "YPos": 0,
                    "ZPos": -238,
                    "TextureArchive": 199,
                    "TextureRecord": 20,
                    "FactionID": 0,
                    "Flags": 17
                },
                {
                    "Position": 0,
                    "XPos": -194,
                    "YPos": 0,
                    "ZPos": 30,
                    "TextureArchive": 199,
                    "TextureRecord": 8,
                    "FactionID": 0,
                    "Flags": 0
                },
                {
                    "Position": 0,
                    "XPos": 196,
                    "YPos": 0,
                    "ZPos": 262,
                    "TextureArchive": 199,
                    "TextureRecord": 18,
                    "FactionID": 0,
                    "Flags": 0
                },
                {
                    "Position": 0,
                    "XPos": -24,
                    "YPos": -35,
                    "ZPos": 280,
                    "TextureArchive": 10021,
                    "TextureRecord": 12,
                    "FactionID": 0,
                    "Flags": 0
                },
                {
                    "Position": 0,
                    "XPos": -64,
                    "YPos": -35,
                    "ZPos": 284,
                    "TextureArchive": 10021,
                    "TextureRecord": 9,
                    "FactionID": 0,
                    "Flags": 0
                },
                {
                    "Position": 0,
                    "XPos": -46,
                    "YPos": -35,
                    "ZPos": 268,
                    "TextureArchive": 10021,
                    "TextureRecord": 8,
                    "FactionID": 0,
                    "Flags": 0
                },
                {
                    "Position": 0,
                    "XPos": -134,
                    "YPos": -26,
                    "ZPos": -280,
                    "TextureArchive": 56790,
                    "TextureRecord": 22,
                    "FactionID": 0,
                    "Flags": 0
                },
                {
                    "Position": 0,
                    "XPos": 132,
                    "YPos": -1,
                    "ZPos": -132,
                    "TextureArchive": 199,
                    "TextureRecord": 11,
                    "FactionID": 0,
                    "Flags": 0
                },
                {
                    "Position": 0,
                    "XPos": -64,
                    "YPos": -1,
                    "ZPos": -26,
                    "TextureArchive": 199,
                    "TextureRecord": 4,
                    "FactionID": 0,
                    "Flags": 0
                }
            ],
            "BlockSection3Records": [
                {
                    "XPos": -192,
                    "YPos": 0,
                    "ZPos": 256
                },
                {
                    "XPos": -64,
                    "YPos": 0,
                    "ZPos": 256
                },
                {
                    "XPos": 64,
                    "YPos": 0,
                    "ZPos": 256
                },
                {
                    "XPos": 64,
                    "YPos": 0,
                    "ZPos": 128
                },
                {
                    "XPos": 192,
                    "YPos": 0,
                    "ZPos": 128
                },
                {
                    "XPos": 64,
                    "YPos": 0,
                    "ZPos": 0
                },
                {
                    "XPos": -64,
                    "YPos": 0,
                    "ZPos": 0
                },
                {
                    "XPos": -64,
                    "YPos": 0,
                    "ZPos": 128
                },
                {
                    "XPos": -192,
                    "YPos": 0,
                    "ZPos": 128
                },
                {
                    "XPos": -192,
                    "YPos": 0,
                    "ZPos": -128
                },
                {
                    "XPos": -64,
                    "YPos": 0,
                    "ZPos": -128
                },
                {
                    "XPos": 192,
                    "YPos": 0,
                    "ZPos": 0
                },
                {
                    "XPos": 192,
                    "YPos": 0,
                    "ZPos": -128
                },
                {
                    "XPos": 64,
                    "YPos": 0,
                    "ZPos": -128
                },
                {
                    "XPos": 64,
                    "YPos": 0,
                    "ZPos": -256
                },
                {
                    "XPos": 192,
                    "YPos": 0,
                    "ZPos": -256
                },
                {
                    "XPos": -192,
                    "YPos": 0,
                    "ZPos": -256
                },
                {
                    "XPos": -64,
                    "YPos": 0,
                    "ZPos": -256
                },
                {
                    "XPos": 192,
                    "YPos": -129,
                    "ZPos": 256
                },
                {
                    "XPos": -192,
                    "YPos": -129,
                    "ZPos": 256
                },
                {
                    "XPos": -64,
                    "YPos": -129,
                    "ZPos": 256
                },
                {
                    "XPos": 64,
                    "YPos": -129,
                    "ZPos": 256
                },
                {
                    "XPos": 64,
                    "YPos": -129,
                    "ZPos": 128
                },
                {
                    "XPos": 64,
                    "YPos": -129,
                    "ZPos": 0
                },
                {
                    "XPos": 192,
                    "YPos": -129,
                    "ZPos": 0
                },
                {
                    "XPos": -64,
                    "YPos": -129,
                    "ZPos": 0
                },
                {
                    "XPos": -192,
                    "YPos": -129,
                    "ZPos": 128
                },
                {
                    "XPos": -192,
                    "YPos": -129,
                    "ZPos": 0
                },
                {
                    "XPos": -64,
                    "YPos": -129,
                    "ZPos": -128
                },
                {
                    "XPos": -64,
                    "YPos": -129,
                    "ZPos": -256
                },
                {
                    "XPos": 192,
                    "YPos": -129,
                    "ZPos": -256
                },
                {
                    "XPos": 192,
                    "YPos": -129,
                    "ZPos": -128
                },
                {
                    "XPos": -192,
                    "YPos": -129,
                    "ZPos": -128
                },
                {
                    "XPos": -192,
                    "YPos": -129,
                    "ZPos": -256
                },
                {
                    "XPos": 64,
                    "YPos": -129,
                    "ZPos": -256
                },
                {
                    "XPos": 64,
                    "YPos": -129,
                    "ZPos": -128
                },
                {
                    "XPos": 192,
                    "YPos": -129,
                    "ZPos": 128
                },
                {
                    "XPos": -64,
                    "YPos": -129,
                    "ZPos": 128
                }
            ],
            "BlockPeopleRecords": [
                {
                    "Position": 7114,
                    "XPos": -72,
                    "YPos": 0,
                    "ZPos": 128,
                    "TextureArchive": 184,
                    "TextureRecord": 20,
                    "FactionID": 0,
                    "Flags": 9
                },
                {
                    "Position": 7115,
                    "XPos": 58,
                    "YPos": -1,
                    "ZPos": 224,
                    "TextureArchive": 182,
                    "TextureRecord": 52,
                    "FactionID": 0,
                    "Flags": 0
                }
            ],
            "BlockDoorRecords": [
                {
                    "Position": 0,
                    "XPos": -41,
                    "YPos": -45,
                    "ZPos": -194,
                    "YRotation": -1024,
                    "OpenRotation": 93,
                    "DoorModelIndex": 0
                },
                {
                    "Position": 1,
                    "XPos": 4,
                    "YPos": -45,
                    "ZPos": -105,
                    "YRotation": -512,
                    "OpenRotation": 93,
                    "DoorModelIndex": 0
                },
                {
                    "Position": 2,
                    "XPos": 215,
                    "YPos": -45,
                    "ZPos": 63,
                    "YRotation": -1024,
                    "OpenRotation": 93,
                    "DoorModelIndex": 0
                }
            ]
        }
    },
    "AutoMapData": null
}