{
    "FactionId": 0,
    "BuildingType": 18,
    "Quality": 9,
    "NameSeed": 0,
    "RmbSubRecord": {
        "XPos": 2752,
        "ZPos": 3008,
        "YRotation": 512,
        "Exterior": {
            "Header": {
                "Num3dObjectRecords": 1,
                "NumFlatObjectRecords": 0,
                "NumSection3Records": 0,
                "NumPeopleRecords": 0,
                "NumDoorRecords": 0
            },
            "Block3dObjectRecords": [
                {
                    "ModelId": "139",
                    "ModelIdNum": 139,
                    "ObjectType": 4,
                    "XPos": 0,
                    "YPos": 0,
                    "ZPos": 0,
                    "XRotation": 0,
                    "YRotation": 0,
                    "ZRotation": 0
                },
                {
                    "ModelId": "45087",
                    "ModelIdNum": 45087,
                    "ObjectType": 4,
                    "XPos": -3,
                    "YPos": -206,
                    "ZPos": 18,
                    "XScale": 2.0,
                    "YScale": 2.0,
                    "ZScale": 2.0,
                    "XRotation": 0,
                    "YRotation": 0,
                    "ZRotation": 0
                }
            ],
            "BlockFlatObjectRecords": [],
            "BlockSection3Records": [],
            "BlockPeopleRecords": [],
            "BlockDoorRecords": []
        },
        "Interior": {
            "Header": {
                "Num3dObjectRecords": 24,
                "NumFlatObjectRecords": 6,
                "NumSection3Records": 14,
                "NumPeopleRecords": 1,
                "NumDoorRecords": 0
            },
            "Block3dObjectRecords": [
                {
                    "ModelId": "31006",
                    "ModelIdNum": 31006,
                    "ObjectType": 13,
                    "XPos": -125,
                    "YPos": -63,
                    "ZPos": 253,
                    "XRotation": 0,
                    "YRotation": -1024,
                    "ZRotation": 0
                },
                {
                    "ModelId": "31006",
                    "ModelIdNum": 31006,
                    "ObjectType": 13,
                    "XPos": -125,
                    "YPos": -63,
                    "ZPos": -253,
                    "XRotation": 0,
                    "YRotation": -512,
                    "ZRotation": 0
                },
                {
                    "ModelId": "31006",
                    "ModelIdNum": 31006,
                    "ObjectType": 13,
                    "XPos": 125,
                    "YPos": -63,
                    "ZPos": -253,
                    "XRotation": 0,
                    "YRotation": 0,
                    "ZRotation": 0
                },
                {
                    "ModelId": "31024",
                    "ModelIdNum": 31024,
                    "ObjectType": 13,
                    "XPos": 0,
                    "YPos": -63,
                    "ZPos": 253,
                    "XRotation": 0,
                    "YRotation": -1536,
                    "ZRotation": 0
                },
                {
                    "ModelId": "31006",
                    "ModelIdNum": 31006,
                    "ObjectType": 13,
                    "XPos": 125,
                    "YPos": -63,
                    "ZPos": 253,
                    "XRotation": 0,
                    "YRotation": -1536,
                    "ZRotation": 0
                },
                {
                    "ModelId": "31029",
                    "ModelIdNum": 31029,
                    "ObjectType": 13,
                    "XPos": 128,
                    "YPos": -63,
                    "ZPos": 0,
                    "XRotation": 0,
                    "YRotation": -512,
                    "ZRotation": 0
                },
                {
                    "ModelId": "31024",
                    "ModelIdNum": 31024,
                    "ObjectType": 13,
                    "XPos": -125,
                    "YPos": -63,
                    "ZPos": 0,
                    "XRotation": 0,
                    "YRotation": -1024,
                    "ZRotation": 0
                },
                {
                    "ModelId": "31024",
                    "ModelIdNum": 31024,
                    "ObjectType": 13,
                    "XPos": 125,
                    "YPos": -63,
                    "ZPos": 128,
                    "XRotation": 0,
                    "YRotation": 0,
                    "ZRotation": 0
                },
                {
                    "ModelId": "31025",
                    "ModelIdNum": 31025,
                    "ObjectType": 13,
                    "XPos": 0,
                    "YPos": -63,
                    "ZPos": -128,
                    "XRotation": 0,
                    "YRotation": -1536,
                    "ZRotation": 0
                },
                {
                    "ModelId": "31025",
                    "ModelIdNum": 31025,
                    "ObjectType": 13,
                    "XPos": 0,
                    "YPos": -63,
                    "ZPos": 128,
                    "XRotation": 0,
                    "YRotation": -1536,
                    "ZRotation": 0
                },
                {
                    "ModelId": "41000",
                    "ModelIdNum": 41000,
                    "ObjectType": 3,
                    "XPos": 10,
                    "YPos": 2,
                    "ZPos": 12,
                    "XRotation": 0,
                    "YRotation": -1536,
                    "ZRotation": 0
                },
                {
                    "ModelId": "41032",
                    "ModelIdNum": 41032,
                    "ObjectType": 0,
                    "XPos": -172,
                    "YPos": -36,
                    "ZPos": 16,
                    "XRotation": 0,
                    "YRotation": -512,
                    "ZRotation": 0
                },
                {
                    "ModelId": "41108",
                    "ModelIdNum": 41108,
                    "ObjectType": 3,
                    "XPos": -8,
                    "YPos": 2,
                    "ZPos": -280,
                    "XRotation": 0,
                    "YRotation": -1008,
                    "ZRotation": 0
                },
                {
                    "ModelId": "41106",
                    "ModelIdNum": 41106,
                    "ObjectType": 3,
                    "XPos": -8,
                    "YPos": 2,
                    "ZPos": -248,
                    "XRotation": 0,
                    "YRotation": -1008,
                    "ZRotation": 0
                },
                {
                    "ModelId": "41102",
                    "ModelIdNum": 41102,
                    "ObjectType": 3,
                    "XPos": -36,
                    "YPos": 2,
                    "ZPos": 282,
                    "XRotation": 0,
                    "YRotation": -1400,
                    "ZRotation": 0
                },
                {
                    "ModelId": "41124",
                    "ModelIdNum": 41124,
                    "ObjectType": 3,
                    "XPos": -172,
                    "YPos": 2,
                    "ZPos": -256,
                    "XRotation": 0,
                    "YRotation": -504,
                    "ZRotation": 0
                },
                {
                    "ModelId": "31025",
                    "ModelIdNum": 31025,
                    "ObjectType": 13,
                    "XPos": -128,
                    "YPos": -63,
                    "ZPos": 128,
                    "XRotation": 0,
                    "YRotation": 0,
                    "ZRotation": 0
                },
                {
                    "ModelId": "3018",
                    "ModelIdNum": 3018,
                    "ObjectType": 13,
                    "XPos": -186,
                    "YPos": -63,
                    "ZPos": 128,
                    "XRotation": 0,
                    "YRotation": -1024,
                    "ZRotation": 0
                },
                {
                    "ModelId": "31025",
                    "ModelIdNum": 31025,
                    "ObjectType": 13,
                    "XPos": -128,
                    "YPos": -63,
                    "ZPos": -128,
                    "XRotation": 0,
                    "YRotation": 0,
                    "ZRotation": 0
                },
                {
                    "ModelId": "3018",
                    "ModelIdNum": 3018,
                    "ObjectType": 13,
                    "XPos": -190,
                    "YPos": -63,
                    "ZPos": -128,
                    "XRotation": 0,
                    "YRotation": -1024,
                    "ZRotation": 0
                },
                {
                    "ModelId": "31025",
                    "ModelIdNum": 31025,
                    "ObjectType": 13,
                    "XPos": 0,
                    "YPos": -63,
                    "ZPos": -256,
                    "XRotation": 0,
                    "YRotation": 0,
                    "ZRotation": 0
                },
                {
                    "ModelId": "3018",
                    "ModelIdNum": 3018,
                    "ObjectType": 13,
                    "XPos": 0,
                    "YPos": -63,
                    "ZPos": -318,
                    "XRotation": 0,
                    "YRotation": -512,
                    "ZRotation": 0
                },
                {
                    "ModelId": "31025",
                    "ModelIdNum": 31025,
                    "ObjectType": 13,
                    "XPos": 128,
                    "YPos": -63,
                    "ZPos": -128,
                    "XRotation": 0,
                    "YRotation": -1536,
                    "ZRotation": 0
                },
                {
                    "ModelId": "3018",
                    "ModelIdNum": 3018,
                    "ObjectType": 13,
                    "XPos": 190,
                    "YPos": -63,
                    "ZPos": -128,
                    "XRotation": 0,
                    "YRotation": 0,
                    "ZRotation": 0
                },
                {
                    "ModelId": "3005",
                    "ModelIdNum": 3005,
                    "ObjectType": 13,
                    "XPos": -64,
                    "YPos": -63,
                    "ZPos": -62,
                    "XRotation": 0,
                    "YRotation": -512,
                    "ZRotation": 0
                },
                {
                    "ModelId": "3005",
                    "ModelIdNum": 3005,
                    "ObjectType": 13,
                    "XPos": -64,
                    "YPos": -63,
                    "ZPos": -64,
                    "XRotation": 0,
                    "YRotation": -1536,
                    "ZRotation": 0
                },
                {
                    "ModelId": "3004",
                    "ModelIdNum": 3004,
                    "ObjectType": 13,
                    "XPos": 0,
                    "YPos": -63,
                    "ZPos": 66,
                    "XRotation": 0,
                    "YRotation": -512,
                    "ZRotation": 0
                },
                {
                    "ModelId": "3004",
                    "ModelIdNum": 3004,
                    "ObjectType": 13,
                    "XPos": 0,
                    "YPos": -63,
                    "ZPos": 62,
                    "XRotation": 0,
                    "YRotation": -1536,
                    "ZRotation": 0
                },
                {
                    "ModelId": "3000",
                    "ModelIdNum": 3000,
                    "ObjectType": 13,
                    "XPos": -128,
                    "YPos": -63,
                    "ZPos": 66,
                    "XScale": 0.7563494,
                    "XRotation": 0,
                    "YRotation": -511,
                    "ZRotation": 0
                },
                {
                    "ModelId": "3000",
                    "ModelIdNum": 3000,
                    "ObjectType": 13,
                    "XPos": -128,
                    "YPos": -63,
                    "ZPos": 62,
                    "XScale": 0.8925899,
                    "XRotation": 0,
                    "YRotation": -1536,
                    "ZRotation": 0
                },
                {
                    "ModelId": "3005",
                    "ModelIdNum": 3005,
                    "ObjectType": 13,
                    "XPos": 64,
                    "YPos": -63,
                    "ZPos": -190,
                    "XRotation": 0,
                    "YRotation": -512,
                    "ZRotation": 0
                },
                {
                    "ModelId": "3005",
                    "ModelIdNum": 3005,
                    "ObjectType": 13,
                    "XPos": 64,
                    "YPos": -63,
                    "ZPos": -194,
                    "XRotation": 0,
                    "YRotation": -1536,
                    "ZRotation": 0
                },
                {
                    "ModelId": "3005",
                    "ModelIdNum": 3005,
                    "ObjectType": 13,
                    "XPos": -64,
                    "YPos": -63,
                    "ZPos": 194,
                    "XRotation": 0,
                    "YRotation": -512,
                    "ZRotation": 0
                },
                {
                    "ModelId": "3005",
                    "ModelIdNum": 3005,
                    "ObjectType": 13,
                    "XPos": -64,
                    "YPos": -63,
                    "ZPos": 190,
                    "XRotation": 0,
                    "YRotation": -1536,
                    "ZRotation": 0
                },
                {
                    "ModelId": "41105",
                    "ModelIdNum": 41105,
                    "ObjectType": 0,
                    "XPos": -4,
                    "YPos": -16,
                    "ZPos": 174,
                    "XRotation": 0,
                    "YRotation": 0,
                    "ZRotation": 0
                },
                {
                    "ModelId": "41105",
                    "ModelIdNum": 41105,
                    "ObjectType": 0,
                    "XPos": -176,
                    "YPos": -16,
                    "ZPos": -128,
                    "XRotation": 0,
                    "YRotation": -512,
                    "ZRotation": 0
                },
                {
                    "ModelId": "31025",
                    "ModelIdNum": 31025,
                    "ObjectType": 13,
                    "XPos": 0,
                    "YPos": -63,
                    "ZPos": 0,
                    "XRotation": 0,
                    "YRotation": -1536,
                    "ZRotation": 0
                },
                {
                    "ModelId": "3004",
                    "ModelIdNum": 3004,
                    "ObjectType": 13,
                    "XPos": 62,
                    "YPos": -63,
                    "ZPos": 0,
                    "XRotation": 0,
                    "YRotation": 0,
                    "ZRotation": 0
                },
                {
                    "ModelId": "41003",
                    "ModelIdNum": 41003,
                    "ObjectType": 3,
                    "XPos": 166,
                    "YPos": 1,
                    "ZPos": 260,
                    "XRotation": 0,
                    "YRotation": -1536,
                    "ZRotation": 0
                },
                {
                    "ModelId": "41007",
                    "ModelIdNum": 41007,
                    "ObjectType": 0,
                    "XPos": 20,
                    "YPos": -64,
                    "ZPos": 204,
                    "XRotation": 0,
                    "YRotation": 0,
                    "ZRotation": 0
                },
                {
                    "ModelId": "45137",
                    "ModelIdNum": 45137,
                    "ObjectType": 0,
                    "XPos": 0,
                    "YPos": -82,
                    "ZPos": 68,
                    "XRotation": 0,
                    "YRotation": 0,
                    "ZRotation": 0
                },
                {
                    "ModelId": "41813",
                    "ModelIdNum": 41813,
                    "ObjectType": 3,
                    "XPos": -170,
                    "YPos": 1,
                    "ZPos": -30,
                    "XRotation": 0,
                    "YRotation": -512,
                    "ZRotation": 0
                },
                {
                    "ModelId": "41050",
                    "ModelIdNum": 41050,
                    "ObjectType": 0,
                    "XPos": -54,
                    "YPos": -13,
                    "ZPos": 36,
                    "XRotation": 0,
                    "YRotation": -1024,
                    "ZRotation": 0
                },
                {
                    "ModelId": "41006",
                    "ModelIdNum": 41006,
                    "ObjectType": 0,
                    "XPos": -2,
                    "YPos": -35,
                    "ZPos": -74,
                    "XRotation": 0,
                    "YRotation": 0,
                    "ZRotation": 0
                },
                {
                    "ModelId": "79030",
                    "ModelIdNum": 79030,
                    "ObjectType": 0,
                    "XPos": 124,
                    "YPos": -66,
                    "ZPos": -188,
                    "XScale": 1.2,
                    "YScale": 1.2,
                    "ZScale": 1.2,
                    "XRotation": 0,
                    "YRotation": 0,
                    "ZRotation": 0
                },
                {
                    "ModelId": "41029",
                    "ModelIdNum": 41029,
                    "ObjectType": 0,
                    "XPos": 168,
                    "YPos": -37,
                    "ZPos": -252,
                    "XRotation": 0,
                    "YRotation": -1536,
                    "ZRotation": 0
                },
                {
                    "ModelId": "45076",
                    "ModelIdNum": 45076,
                    "ObjectType": 0,
                    "XPos": -144,
                    "YPos": -14,
                    "ZPos": 270,
                    "XScale": 0.37793,
                    "XRotation": 0,
                    "YRotation": -259,
                    "ZRotation": 0
                },
                {
                    "ModelId": "45081",
                    "ModelIdNum": 45081,
                    "ObjectType": 0,
                    "XPos": -166,
                    "YPos": -54,
                    "ZPos": 232,
                    "ZScale": 0.67787,
                    "XRotation": 0,
                    "YRotation": -769,
                    "ZRotation": -509
                },
                {
                    "ModelId": "45081",
                    "ModelIdNum": 45081,
                    "ObjectType": 0,
                    "XPos": -164,
                    "YPos": -48,
                    "ZPos": 236,
                    "XScale": 0.5,
                    "YScale": 0.9000001,
                    "ZScale": 0.67787,
                    "XRotation": 0,
                    "YRotation": -771,
                    "ZRotation": -510
                },
                {
                    "ModelId": "45129",
                    "ModelIdNum": 45129,
                    "ObjectType": 0,
                    "XPos": -206,
                    "YPos": -2,
                    "ZPos": 194,
                    "XScale": 1.09553,
                    "YScale": 2.20792,
                    "ZScale": 3.0,
                    "XRotation": 0,
                    "YRotation": -770,
                    "ZRotation": -512
                },
                {
                    "ModelId": "69465",
                    "ModelIdNum": 69465,
                    "ObjectType": 0,
                    "XPos": -142,
                    "YPos": 17,
                    "ZPos": 268,
                    "XScale": 0.27487,
                    "YScale": 0.68878,
                    "ZScale": 0.8664799,
                    "XRotation": 0,
                    "YRotation": -256,
                    "ZRotation": 0
                },
                {
                    "ModelId": "41116",
                    "ModelIdNum": 41116,
                    "ObjectType": 0,
                    "XPos": -142,
                    "YPos": -30,
                    "ZPos": 267,
                    "ZScale": 0.8628901,
                    "XRotation": 0,
                    "YRotation": -768,
                    "ZRotation": 0
                },
                {
                    "ModelId": "41007",
                    "ModelIdNum": 41007,
                    "ObjectType": 0,
                    "XPos": -26,
                    "YPos": -64,
                    "ZPos": 204,
                    "XRotation": 0,
                    "YRotation": 0,
                    "ZRotation": 0
                }
            ],
            "BlockFlatObjectRecords": [
                {
                    "Position": 0,
                    "XPos": 48,
                    "YPos": 0,
                    "ZPos": 288,
                    "TextureArchive": 199,
                    "TextureRecord": 20,
                    "FactionID": 0,
                    "Flags": 17
                },
                {
                    "Position": 0,
                    "XPos": 58,
                    "YPos": -1,
                    "ZPos": -284,
                    "TextureArchive": 199,
                    "TextureRecord": 20,
                    "FactionID": 0,
                    "Flags": 17
                },
                {
                    "Position": 0,
                    "XPos": -66,
                    "YPos": -80,
                    "ZPos": -2,
                    "TextureArchive": 210,
                    "TextureRecord": 13,
                    "FactionID": -32752,
                    "Flags": 17
                },
                {
                    "Position": 0,
                    "XPos": -64,
                    "YPos": -80,
                    "ZPos": -256,
                    "TextureArchive": 210,
                    "TextureRecord": 13,
                    "FactionID": -32752,
                    "Flags": 17
                },
                {
                    "Position": 0,
                    "XPos": 128,
                    "YPos": 0,
                    "ZPos": 0,
                    "TextureArchive": 199,
                    "TextureRecord": 8,
                    "FactionID": 0,
                    "Flags": 0
                },
                {
                    "Position": 0,
                    "XPos": 64,
                    "YPos": -80,
                    "ZPos": -128,
                    "TextureArchive": 210,
                    "TextureRecord": 13,
                    "FactionID": 0,
                    "Flags": 0
                },
                {
                    "Position": 0,
                    "XPos": 126,
                    "YPos": -80,
                    "ZPos": 192,
                    "TextureArchive": 210,
                    "TextureRecord": 13,
                    "FactionID": 0,
                    "Flags": 0
                },
                {
                    "Position": 0,
                    "XPos": -18,
                    "YPos": -33,
                    "ZPos": -284,
                    "TextureArchive": 56790,
                    "TextureRecord": 16,
                    "FactionID": 0,
                    "Flags": 0
                },
                {
                    "Position": 0,
                    "XPos": 2,
                    "YPos": -33,
                    "ZPos": -276,
                    "TextureArchive": 56790,
                    "TextureRecord": 3,
                    "FactionID": 0,
                    "Flags": 0
                },
                {
                    "Position": 0,
                    "XPos": 132,
                    "YPos": -77,
                    "ZPos": -278,
                    "TextureArchive": 56790,
                    "TextureRecord": 10,
                    "FactionID": 0,
                    "Flags": 0
                },
                {
                    "Position": 0,
                    "XPos": 120,
                    "YPos": -97,
                    "ZPos": -260,
                    "TextureArchive": 56790,
                    "TextureRecord": 8,
                    "FactionID": 0,
                    "Flags": 0
                },
                {
                    "Position": 0,
                    "XPos": 142,
                    "YPos": -88,
                    "ZPos": -246,
                    "TextureArchive": 56790,
                    "TextureRecord": 12,
                    "FactionID": 0,
                    "Flags": 0
                },
                {
                    "Position": 0,
                    "XPos": 134,
                    "YPos": -89,
                    "ZPos": -228,
                    "TextureArchive": 56790,
                    "TextureRecord": 9,
                    "FactionID": 0,
                    "Flags": 0
                },
                {
                    "Position": 0,
                    "XPos": -78,
                    "YPos": -1,
                    "ZPos": 236,
                    "TextureArchive": 199,
                    "TextureRecord": 11,
                    "FactionID": 0,
                    "Flags": 0
                },
                {
                    "Position": 0,
                    "XPos": 84,
                    "YPos": -1,
                    "ZPos": -248,
                    "TextureArchive": 199,
                    "TextureRecord": 18,
                    "FactionID": 0,
                    "Flags": 0
                },
                {
                    "Position": 0,
                    "XPos": 12,
                    "YPos": -29,
                    "ZPos": 0,
                    "TextureArchive": 199,
                    "TextureRecord": 4,
                    "FactionID": 0,
                    "Flags": 0
                }
            ],
            "BlockSection3Records": [
                {
                    "XPos": -128,
                    "YPos": 0,
                    "ZPos": 256
                },
                {
                    "XPos": 0,
                    "YPos": 0,
                    "ZPos": 256
                },
                {
                    "XPos": 128,
                    "YPos": 0,
                    "ZPos": 256
                },
                {
                    "XPos": 128,
                    "YPos": 0,
                    "ZPos": 128
                },
                {
                    "XPos": 0,
                    "YPos": 0,
                    "ZPos": 128
                },
                {
                    "XPos": 0,
                    "YPos": 0,
                    "ZPos": -128
                },
                {
                    "XPos": 128,
                    "YPos": 0,
                    "ZPos": -128
                },
                {
                    "XPos": 0,
                    "YPos": 0,
                    "ZPos": 0
                },
                {
                    "XPos": -128,
                    "YPos": 0,
                    "ZPos": 0
                },
                {
                    "XPos": -128,
                    "YPos": 0,
                    "ZPos": -128
                },
                {
                    "XPos": -128,
                    "YPos": 0,
                    "ZPos": -256
                },
                {
                    "XPos": 0,
                    "YPos": 0,
                    "ZPos": -256
                },
                {
                    "XPos": 128,
                    "YPos": 0,
                    "ZPos": -256
                },
                {
                    "XPos": -128,
                    "YPos": 0,
                    "ZPos": 128
                }
            ],
            "BlockPeopleRecords": [
                {
                    "Position": 6281,
                    "XPos": -100,
                    "YPos": 0,
                    "ZPos": -112,
                    "TextureArchive": 184,
                    "TextureRecord": 1,
                    "FactionID": 0,
                    "Flags": 41
                }
            ],
            "BlockDoorRecords": []
        }
    },
    "AutoMapData": null
}