{
    "FactionId": 0,
    "BuildingType": 19,
    "Quality": 6,
    "NameSeed": 0,
    "RmbSubRecord": {
        "XPos": 448,
        "ZPos": 3648,
        "YRotation": 1024,
        "Exterior": {
            "Header": {
                "Num3dObjectRecords": 1,
                "NumFlatObjectRecords": 0,
                "NumSection3Records": 0,
                "NumPeopleRecords": 0,
                "NumDoorRecords": 0
            },
            "Block3dObjectRecords": [
                {
                    "ModelId": "127",
                    "ModelIdNum": 127,
                    "ObjectType": 4,
                    "XPos": 0,
                    "YPos": 0,
                    "ZPos": 0,
                    "XRotation": 0,
                    "YRotation": 0,
                    "ZRotation": 0
                },
                {
                    "ModelId": "45084",
                    "ModelIdNum": 45084,
                    "ObjectType": 4,
                    "XPos": -96,
                    "YPos": -20,
                    "ZPos": -192,
                    "XRotation": 0,
                    "YRotation": -512,
                    "ZRotation": 0
                },
                {
                    "ModelId": "45084",
                    "ModelIdNum": 45084,
                    "ObjectType": 4,
                    "XPos": -30,
                    "YPos": -20,
                    "ZPos": -192,
                    "XRotation": 0,
                    "YRotation": -512,
                    "ZRotation": 0
                },
                {
                    "ModelId": "45084",
                    "ModelIdNum": 45084,
                    "ObjectType": 4,
                    "XPos": -190,
                    "YPos": -20,
                    "ZPos": 96,
                    "XRotation": 0,
                    "YRotation": 0,
                    "ZRotation": 0
                },
                {
                    "ModelId": "45084",
                    "ModelIdNum": 45084,
                    "ObjectType": 4,
                    "XPos": -190,
                    "YPos": -20,
                    "ZPos": 32,
                    "XRotation": 0,
                    "YRotation": 0,
                    "ZRotation": 0
                },
                {
                    "ModelId": "45087",
                    "ModelIdNum": 45087,
                    "ObjectType": 4,
                    "XPos": 2,
                    "YPos": -334,
                    "ZPos": 22,
                    "XScale": 2.0,
                    "YScale": 2.0,
                    "ZScale": 2.0,
                    "XRotation": 0,
                    "YRotation": -512,
                    "ZRotation": 0
                }
            ],
            "BlockFlatObjectRecords": [],
            "BlockSection3Records": [],
            "BlockPeopleRecords": [],
            "BlockDoorRecords": []
        },
        "Interior": {
            "Header": {
                "Num3dObjectRecords": 27,
                "NumFlatObjectRecords": 7,
                "NumSection3Records": 8,
                "NumPeopleRecords": 1,
                "NumDoorRecords": 2
            },
            "Block3dObjectRecords": [
                {
                    "ModelId": "31019",
                    "ModelIdNum": 31019,
                    "ObjectType": 13,
                    "XPos": 128,
                    "YPos": -63,
                    "ZPos": -125,
                    "XRotation": 0,
                    "YRotation": -1024,
                    "ZRotation": 0
                },
                {
                    "ModelId": "31004",
                    "ModelIdNum": 31004,
                    "ObjectType": 13,
                    "XPos": 125,
                    "YPos": -63,
                    "ZPos": -3,
                    "XRotation": 0,
                    "YRotation": -1024,
                    "ZRotation": 0
                },
                {
                    "ModelId": "8101",
                    "ModelIdNum": 8101,
                    "ObjectType": 13,
                    "XPos": 61,
                    "YPos": -64,
                    "ZPos": 128,
                    "XRotation": 0,
                    "YRotation": -1536,
                    "ZRotation": 0
                },
                {
                    "ModelId": "3000",
                    "ModelIdNum": 3000,
                    "ObjectType": 13,
                    "XPos": 61,
                    "YPos": -64,
                    "ZPos": 0,
                    "XRotation": 0,
                    "YRotation": 0,
                    "ZRotation": 0
                },
                {
                    "ModelId": "3000",
                    "ModelIdNum": 3000,
                    "ObjectType": 13,
                    "XPos": -67,
                    "YPos": -65,
                    "ZPos": 128,
                    "XRotation": 0,
                    "YRotation": 0,
                    "ZRotation": 0
                },
                {
                    "ModelId": "3004",
                    "ModelIdNum": 3004,
                    "ObjectType": 13,
                    "XPos": -128,
                    "YPos": -64,
                    "ZPos": 186,
                    "XRotation": 0,
                    "YRotation": -1536,
                    "ZRotation": 0
                },
                {
                    "ModelId": "3004",
                    "ModelIdNum": 3004,
                    "ObjectType": 13,
                    "XPos": 0,
                    "YPos": -64,
                    "ZPos": 58,
                    "XRotation": 0,
                    "YRotation": -1536,
                    "ZRotation": 0
                },
                {
                    "ModelId": "3004",
                    "ModelIdNum": 3004,
                    "ObjectType": 13,
                    "XPos": 58,
                    "YPos": -64,
                    "ZPos": -128,
                    "XRotation": 0,
                    "YRotation": 0,
                    "ZRotation": 0
                },
                {
                    "ModelId": "4000",
                    "ModelIdNum": 4000,
                    "ObjectType": 13,
                    "XPos": 57,
                    "YPos": -64,
                    "ZPos": -64,
                    "XRotation": 0,
                    "YRotation": -512,
                    "ZRotation": 0
                },
                {
                    "ModelId": "4004",
                    "ModelIdNum": 4004,
                    "ObjectType": 13,
                    "XPos": -64,
                    "YPos": -64,
                    "ZPos": 54,
                    "XRotation": 0,
                    "YRotation": 0,
                    "ZRotation": 0
                },
                {
                    "ModelId": "1007",
                    "ModelIdNum": 1007,
                    "ObjectType": 13,
                    "XPos": -64,
                    "YPos": -1,
                    "ZPos": -64,
                    "XRotation": 0,
                    "YRotation": 0,
                    "ZRotation": 0
                },
                {
                    "ModelId": "1000",
                    "ModelIdNum": 1000,
                    "ObjectType": 5,
                    "XPos": -128,
                    "YPos": -1,
                    "ZPos": 128,
                    "XRotation": 0,
                    "YRotation": 0,
                    "ZRotation": 0
                },
                {
                    "ModelId": "2007",
                    "ModelIdNum": 2007,
                    "ObjectType": 13,
                    "XPos": -64,
                    "YPos": -127,
                    "ZPos": -65,
                    "XRotation": 0,
                    "YRotation": 0,
                    "ZRotation": 0
                },
                {
                    "ModelId": "2000",
                    "ModelIdNum": 2000,
                    "ObjectType": 13,
                    "XPos": -128,
                    "YPos": -127,
                    "ZPos": 127,
                    "XRotation": 0,
                    "YRotation": 0,
                    "ZRotation": 0
                },
                {
                    "ModelId": "4004",
                    "ModelIdNum": 4004,
                    "ObjectType": 13,
                    "XPos": -74,
                    "YPos": -64,
                    "ZPos": 64,
                    "XRotation": 0,
                    "YRotation": -512,
                    "ZRotation": 0
                },
                {
                    "ModelId": "4004",
                    "ModelIdNum": 4004,
                    "ObjectType": 13,
                    "XPos": -74,
                    "YPos": -64,
                    "ZPos": -64,
                    "XRotation": 0,
                    "YRotation": -512,
                    "ZRotation": 0
                },
                {
                    "ModelId": "4004",
                    "ModelIdNum": 4004,
                    "ObjectType": 13,
                    "XPos": -64,
                    "YPos": -64,
                    "ZPos": -54,
                    "XRotation": 0,
                    "YRotation": -1024,
                    "ZRotation": 0
                },
                {
                    "ModelId": "4004",
                    "ModelIdNum": 4004,
                    "ObjectType": 13,
                    "XPos": -54,
                    "YPos": -64,
                    "ZPos": -64,
                    "XRotation": 0,
                    "YRotation": -1536,
                    "ZRotation": 0
                },
                {
                    "ModelId": "4004",
                    "ModelIdNum": 4004,
                    "ObjectType": 13,
                    "XPos": -64,
                    "YPos": -64,
                    "ZPos": -74,
                    "XRotation": 0,
                    "YRotation": 0,
                    "ZRotation": 0
                },
                {
                    "ModelId": "41102",
                    "ModelIdNum": 41102,
                    "ObjectType": 3,
                    "XPos": -123,
                    "YPos": 2,
                    "ZPos": -139,
                    "XRotation": 0,
                    "YRotation": -1865,
                    "ZRotation": 0
                },
                {
                    "ModelId": "41126",
                    "ModelIdNum": 41126,
                    "ObjectType": 3,
                    "XPos": -8,
                    "YPos": 1,
                    "ZPos": 42,
                    "XRotation": 0,
                    "YRotation": -2042,
                    "ZRotation": 0
                },
                {
                    "ModelId": "41124",
                    "ModelIdNum": 41124,
                    "ObjectType": 3,
                    "XPos": -172,
                    "YPos": 1,
                    "ZPos": 113,
                    "XRotation": 0,
                    "YRotation": -504,
                    "ZRotation": 0
                },
                {
                    "ModelId": "41130",
                    "ModelIdNum": 41130,
                    "ObjectType": 0,
                    "XPos": 166,
                    "YPos": -22,
                    "ZPos": -89,
                    "XScale": 0.9,
                    "ZScale": 0.9,
                    "XRotation": 0,
                    "YRotation": -1530,
                    "ZRotation": 0
                },
                {
                    "ModelId": "51116",
                    "ModelIdNum": 51116,
                    "ObjectType": 0,
                    "XPos": 41,
                    "YPos": -49,
                    "ZPos": -112,
                    "XRotation": 0,
                    "YRotation": -512,
                    "ZRotation": 0
                },
                {
                    "ModelId": "41050",
                    "ModelIdNum": 41050,
                    "ObjectType": 0,
                    "XPos": 98,
                    "YPos": -13,
                    "ZPos": 100,
                    "ZScale": 1.5,
                    "XRotation": 0,
                    "YRotation": 0,
                    "ZRotation": 0
                },
                {
                    "ModelId": "69460",
                    "ModelIdNum": 69460,
                    "ObjectType": 0,
                    "XPos": 32,
                    "YPos": -74,
                    "ZPos": 72,
                    "XRotation": 0,
                    "YRotation": 0,
                    "ZRotation": 0
                },
                {
                    "ModelId": "42083",
                    "ModelIdNum": 42083,
                    "ObjectType": 0,
                    "XPos": 150,
                    "YPos": -43,
                    "ZPos": 124,
                    "XRotation": 0,
                    "YRotation": -1536,
                    "ZRotation": 0
                },
                {
                    "ModelId": "41813",
                    "ModelIdNum": 41813,
                    "ObjectType": 3,
                    "XPos": -36,
                    "YPos": 2,
                    "ZPos": 166,
                    "XRotation": 0,
                    "YRotation": 0,
                    "ZRotation": 0
                },
                {
                    "ModelId": "41110",
                    "ModelIdNum": 41110,
                    "ObjectType": 0,
                    "XPos": -168,
                    "YPos": -21,
                    "ZPos": 56,
                    "XScale": 0.3,
                    "ZScale": 0.6824083,
                    "XRotation": 0,
                    "YRotation": -511,
                    "ZRotation": 0
                },
                {
                    "ModelId": "41015",
                    "ModelIdNum": 41015,
                    "ObjectType": 0,
                    "XPos": 168,
                    "YPos": -33,
                    "ZPos": -2,
                    "XRotation": 0,
                    "YRotation": -512,
                    "ZRotation": 0
                },
                {
                    "ModelId": "41113",
                    "ModelIdNum": 41113,
                    "ObjectType": 0,
                    "XPos": 138,
                    "YPos": -11,
                    "ZPos": -70,
                    "XRotation": 0,
                    "YRotation": 0,
                    "ZRotation": 0
                },
                {
                    "ModelId": "6000",
                    "ModelIdNum": 6000,
                    "ObjectType": 13,
                    "XPos": 2,
                    "YPos": 0,
                    "ZPos": -3,
                    "XRotation": 0,
                    "YRotation": -512,
                    "ZRotation": 0
                },
                {
                    "ModelId": "41117",
                    "ModelIdNum": 41117,
                    "ObjectType": 3,
                    "XPos": -180,
                    "YPos": 9,
                    "ZPos": -126,
                    "XScale": 0.8280696,
                    "ZScale": 0.9619582,
                    "XRotation": 0,
                    "YRotation": -512,
                    "ZRotation": 0
                },
                {
                    "ModelId": "45076",
                    "ModelIdNum": 45076,
                    "ObjectType": 0,
                    "XPos": -180,
                    "YPos": -50,
                    "ZPos": -126,
                    "XScale": 0.9109398,
                    "ZScale": 0.4487757,
                    "XRotation": 0,
                    "YRotation": -511,
                    "ZRotation": 0
                },
                {
                    "ModelId": "45129",
                    "ModelIdNum": 45129,
                    "ObjectType": 0,
                    "XPos": -170,
                    "YPos": -4,
                    "ZPos": -204,
                    "XScale": 0.6999995,
                    "YScale": 1.71063,
                    "ZScale": 4.472999,
                    "XRotation": 0,
                    "YRotation": -512,
                    "ZRotation": -512
                },
                {
                    "ModelId": "45081",
                    "ModelIdNum": 45081,
                    "ObjectType": 0,
                    "XPos": -167,
                    "YPos": -67,
                    "ZPos": -162,
                    "YScale": 0.8565984,
                    "ZScale": 1.0272,
                    "XRotation": 0,
                    "YRotation": -512,
                    "ZRotation": -512
                },
                {
                    "ModelId": "45081",
                    "ModelIdNum": 45081,
                    "ObjectType": 0,
                    "XPos": -168,
                    "YPos": -61,
                    "ZPos": -158,
                    "XScale": 0.4999999,
                    "YScale": 0.7598695,
                    "XRotation": 0,
                    "YRotation": -512,
                    "ZRotation": -511
                },
                {
                    "ModelId": "69465",
                    "ModelIdNum": 69465,
                    "ObjectType": 0,
                    "XPos": -176,
                    "YPos": -3,
                    "ZPos": -126,
                    "XScale": 0.3,
                    "YScale": 0.6,
                    "ZScale": 0.8,
                    "XRotation": 0,
                    "YRotation": 0,
                    "ZRotation": 0
                },
                {
                    "ModelId": "3019",
                    "ModelIdNum": 3019,
                    "ObjectType": 13,
                    "XPos": -185,
                    "YPos": -64,
                    "ZPos": 64,
                    "XRotation": 0,
                    "YRotation": -1024,
                    "ZRotation": 0
                },
                {
                    "ModelId": "3019",
                    "ModelIdNum": 3019,
                    "ObjectType": 13,
                    "XPos": -64,
                    "YPos": -64,
                    "ZPos": -184,
                    "XRotation": 0,
                    "YRotation": -512,
                    "ZRotation": 0
                },
                {
                    "ModelId": "4004",
                    "ModelIdNum": 4004,
                    "ObjectType": 13,
                    "XPos": -183,
                    "YPos": -64,
                    "ZPos": -64,
                    "XRotation": 0,
                    "YRotation": -1536,
                    "ZRotation": 0
                },
                {
                    "ModelId": "3004",
                    "ModelIdNum": 3004,
                    "ObjectType": 13,
                    "XPos": -184,
                    "YPos": -64,
                    "ZPos": -126,
                    "XRotation": 0,
                    "YRotation": -1024,
                    "ZRotation": 0
                },
                {
                    "ModelId": "41034",
                    "ModelIdNum": 41034,
                    "ObjectType": 3,
                    "XPos": 28,
                    "YPos": 2,
                    "ZPos": -76,
                    "XRotation": 0,
                    "YRotation": -1024,
                    "ZRotation": 0
                },
                {
                    "ModelId": "45082",
                    "ModelIdNum": 45082,
                    "ObjectType": 0,
                    "XPos": 64,
                    "YPos": 2,
                    "ZPos": -42,
                    "XScale": 1.3044,
                    "XRotation": 0,
                    "YRotation": -512,
                    "ZRotation": -512
                }
            ],
            "BlockFlatObjectRecords": [
                {
                    "Position": 0,
                    "XPos": 106,
                    "YPos": 0,
                    "ZPos": 36,
                    "TextureArchive": 199,
                    "TextureRecord": 20,
                    "FactionID": 0,
                    "Flags": 17
                },
                {
                    "Position": 0,
                    "XPos": 34,
                    "YPos": 0,
                    "ZPos": -52,
                    "TextureArchive": 199,
                    "TextureRecord": 20,
                    "FactionID": 0,
                    "Flags": 17
                },
                {
                    "Position": 0,
                    "XPos": 6,
                    "YPos": 0,
                    "ZPos": 162,
                    "TextureArchive": 199,
                    "TextureRecord": 20,
                    "FactionID": 0,
                    "Flags": 17
                },
                {
                    "Position": 0,
                    "XPos": -128,
                    "YPos": -88,
                    "ZPos": 0,
                    "TextureArchive": 210,
                    "TextureRecord": 13,
                    "FactionID": -32752,
                    "Flags": 17
                },
                {
                    "Position": 0,
                    "XPos": 4,
                    "YPos": -88,
                    "ZPos": 130,
                    "TextureArchive": 210,
                    "TextureRecord": 13,
                    "FactionID": -32752,
                    "Flags": 17
                },
                {
                    "Position": 0,
                    "XPos": 118,
                    "YPos": 0,
                    "ZPos": -128,
                    "TextureArchive": 199,
                    "TextureRecord": 8,
                    "FactionID": 0,
                    "Flags": 0
                },
                {
                    "Position": 0,
                    "XPos": 31,
                    "YPos": 0,
                    "ZPos": -164,
                    "TextureArchive": 205,
                    "TextureRecord": 0,
                    "FactionID": 0,
                    "Flags": 0
                },
                {
                    "Position": 0,
                    "XPos": 6,
                    "YPos": 0,
                    "ZPos": -169,
                    "TextureArchive": 205,
                    "TextureRecord": 0,
                    "FactionID": 0,
                    "Flags": 0
                },
                {
                    "Position": 0,
                    "XPos": 10,
                    "YPos": 0,
                    "ZPos": -158,
                    "TextureArchive": 205,
                    "TextureRecord": 17,
                    "FactionID": 0,
                    "Flags": 0
                },
                {
                    "Position": 0,
                    "XPos": -175,
                    "YPos": -66,
                    "ZPos": 132,
                    "TextureArchive": 205,
                    "TextureRecord": 11,
                    "FactionID": 0,
                    "Flags": 0
                },
                {
                    "Position": 0,
                    "XPos": -170,
                    "YPos": -66,
                    "ZPos": 114,
                    "TextureArchive": 205,
                    "TextureRecord": 14,
                    "FactionID": 0,
                    "Flags": 0
                },
                {
                    "Position": 0,
                    "XPos": -169,
                    "YPos": -2,
                    "ZPos": 165,
                    "TextureArchive": 205,
                    "TextureRecord": 9,
                    "FactionID": 0,
                    "Flags": 0
                },
                {
                    "Position": 0,
                    "XPos": 163,
                    "YPos": 1,
                    "ZPos": 38,
                    "TextureArchive": 10025,
                    "TextureRecord": 3,
                    "FactionID": 0,
                    "Flags": 0
                },
                {
                    "Position": 0,
                    "XPos": 166,
                    "YPos": -26,
                    "ZPos": -108,
                    "TextureArchive": 210,
                    "TextureRecord": 5,
                    "FactionID": 0,
                    "Flags": 0
                },
                {
                    "Position": 0,
                    "XPos": 98,
                    "YPos": -26,
                    "ZPos": 100,
                    "TextureArchive": 209,
                    "TextureRecord": 1,
                    "FactionID": 0,
                    "Flags": 0
                },
                {
                    "Position": 0,
                    "XPos": -122,
                    "YPos": -2,
                    "ZPos": -14,
                    "TextureArchive": 199,
                    "TextureRecord": 11,
                    "FactionID": 0,
                    "Flags": 0
                },
                {
                    "Position": 0,
                    "XPos": -14,
                    "YPos": -2,
                    "ZPos": 98,
                    "TextureArchive": 199,
                    "TextureRecord": 18,
                    "FactionID": 0,
                    "Flags": 0
                },
                {
                    "Position": 0,
                    "XPos": 38,
                    "YPos": -2,
                    "ZPos": 104,
                    "TextureArchive": 199,
                    "TextureRecord": 4,
                    "FactionID": 0,
                    "Flags": 0
                },
                {
                    "Position": 0,
                    "XPos": -168,
                    "YPos": -35,
                    "ZPos": 56,
                    "TextureArchive": 56790,
                    "TextureRecord": 22,
                    "FactionID": 0,
                    "Flags": 0
                }
            ],
            "BlockSection3Records": [
                {
                    "XPos": 128,
                    "YPos": 0,
                    "ZPos": 0
                },
                {
                    "XPos": -128,
                    "YPos": 0,
                    "ZPos": 128
                },
                {
                    "XPos": 0,
                    "YPos": 0,
                    "ZPos": 128
                },
                {
                    "XPos": 128,
                    "YPos": 0,
                    "ZPos": 128
                },
                {
                    "XPos": -128,
                    "YPos": 0,
                    "ZPos": 0
                },
                {
                    "XPos": 0,
                    "YPos": 0,
                    "ZPos": 0
                },
                {
                    "XPos": -128,
                    "YPos": 0,
                    "ZPos": -128
                },
                {
                    "XPos": 0,
                    "YPos": 0,
                    "ZPos": -128
                }
            ],
            "BlockPeopleRecords": [
                {
                    "Position": 5126,
                    "XPos": -102,
                    "YPos": 0,
                    "ZPos": -103,
                    "TextureArchive": 182,
                    "TextureRecord": 28,
                    "FactionID": 0,
                    "Flags": 41
                }
            ],
            "BlockDoorRecords": []
        }
    },
    "AutoMapData": null
}