{
    "FactionId": 0,
    "BuildingType": 18,
    "Quality": 12,
    "NameSeed": 0,
    "RmbSubRecord": {
        "XPos": 2432,
        "ZPos": 3520,
        "YRotation": 0,
        "Exterior": {
            "Header": {
                "Num3dObjectRecords": 1,
                "NumFlatObjectRecords": 0,
                "NumSection3Records": 0,
                "NumPeopleRecords": 0,
                "NumDoorRecords": 0
            },
            "Block3dObjectRecords": [
                {
                    "ModelId": "215",
                    "ModelIdNum": 215,
                    "ObjectType": 4,
                    "XPos": 0,
                    "YPos": 0,
                    "ZPos": 0,
                    "XRotation": 0,
                    "YRotation": 0,
                    "ZRotation": 0
                }
            ],
            "BlockFlatObjectRecords": [],
            "BlockSection3Records": [],
            "BlockPeopleRecords": [],
            "BlockDoorRecords": []
        },
        "Interior": {
            "Header": {
                "Num3dObjectRecords": 27,
                "NumFlatObjectRecords": 24,
                "NumSection3Records": 42,
                "NumPeopleRecords": 1,
                "NumDoorRecords": 6
            },
            "Block3dObjectRecords": [
                {
                    "ModelId": "31305",
                    "ModelIdNum": 31305,
                    "ObjectType": 13,
                    "XPos": 64,
                    "YPos": -63,
                    "ZPos": 0,
                    "XRotation": 0,
                    "YRotation": -512,
                    "ZRotation": 0
                },
                {
                    "ModelId": "31303",
                    "ModelIdNum": 31303,
                    "ObjectType": 13,
                    "XPos": 317,
                    "YPos": -63,
                    "ZPos": -3,
                    "XRotation": 0,
                    "YRotation": -1536,
                    "ZRotation": 0
                },
                {
                    "ModelId": "31300",
                    "ModelIdNum": 31300,
                    "ObjectType": 13,
                    "XPos": 192,
                    "YPos": -63,
                    "ZPos": 0,
                    "XRotation": 0,
                    "YRotation": -1536,
                    "ZRotation": 0
                },
                {
                    "ModelId": "31306",
                    "ModelIdNum": 31306,
                    "ObjectType": 13,
                    "XPos": -195,
                    "YPos": -63,
                    "ZPos": 131,
                    "XRotation": 0,
                    "YRotation": 0,
                    "ZRotation": 0
                },
                {
                    "ModelId": "31306",
                    "ModelIdNum": 31306,
                    "ObjectType": 13,
                    "XPos": -189,
                    "YPos": -63,
                    "ZPos": 253,
                    "XRotation": 0,
                    "YRotation": -1024,
                    "ZRotation": 0
                },
                {
                    "ModelId": "31308",
                    "ModelIdNum": 31308,
                    "ObjectType": 13,
                    "XPos": -64,
                    "YPos": -63,
                    "ZPos": 253,
                    "XRotation": 0,
                    "YRotation": -512,
                    "ZRotation": 0
                },
                {
                    "ModelId": "31310",
                    "ModelIdNum": 31310,
                    "ObjectType": 13,
                    "XPos": -317,
                    "YPos": -63,
                    "ZPos": 128,
                    "XRotation": 0,
                    "YRotation": -1536,
                    "ZRotation": 0
                },
                {
                    "ModelId": "31305",
                    "ModelIdNum": 31305,
                    "ObjectType": 13,
                    "XPos": -64,
                    "YPos": -63,
                    "ZPos": 128,
                    "XRotation": 0,
                    "YRotation": -1024,
                    "ZRotation": 0
                },
                {
                    "ModelId": "31314",
                    "ModelIdNum": 31314,
                    "ObjectType": 13,
                    "XPos": -192,
                    "YPos": -63,
                    "ZPos": 0,
                    "XRotation": 0,
                    "YRotation": -1024,
                    "ZRotation": 0
                },
                {
                    "ModelId": "28311",
                    "ModelIdNum": 28311,
                    "ObjectType": 13,
                    "XPos": 0,
                    "YPos": -223,
                    "ZPos": 0,
                    "XRotation": 0,
                    "YRotation": -1536,
                    "ZRotation": 0
                },
                {
                    "ModelId": "41032",
                    "ModelIdNum": 41032,
                    "ObjectType": 3,
                    "XPos": 18,
                    "YPos": 2,
                    "ZPos": -268,
                    "XRotation": 0,
                    "YRotation": -517,
                    "ZRotation": 0
                },
                {
                    "ModelId": "41034",
                    "ModelIdNum": 41034,
                    "ObjectType": 3,
                    "XPos": 18,
                    "YPos": 1,
                    "ZPos": -220,
                    "XRotation": 0,
                    "YRotation": -517,
                    "ZRotation": 0
                },
                {
                    "ModelId": "41108",
                    "ModelIdNum": 41108,
                    "ObjectType": 3,
                    "XPos": 219,
                    "YPos": 0,
                    "ZPos": 214,
                    "XRotation": 0,
                    "YRotation": -1536,
                    "ZRotation": 0
                },
                {
                    "ModelId": "41108",
                    "ModelIdNum": 41108,
                    "ObjectType": 3,
                    "XPos": 113,
                    "YPos": 0,
                    "ZPos": 130,
                    "XRotation": 0,
                    "YRotation": -1536,
                    "ZRotation": 0
                },
                {
                    "ModelId": "41106",
                    "ModelIdNum": 41106,
                    "ObjectType": 3,
                    "XPos": 153,
                    "YPos": 1,
                    "ZPos": 130,
                    "XRotation": 0,
                    "YRotation": -1473,
                    "ZRotation": 0
                },
                {
                    "ModelId": "41106",
                    "ModelIdNum": 41106,
                    "ObjectType": 3,
                    "XPos": 179,
                    "YPos": 1,
                    "ZPos": 214,
                    "XRotation": 0,
                    "YRotation": -1536,
                    "ZRotation": 0
                },
                {
                    "ModelId": "41106",
                    "ModelIdNum": 41106,
                    "ObjectType": 3,
                    "XPos": 259,
                    "YPos": 1,
                    "ZPos": 214,
                    "XRotation": 0,
                    "YRotation": -1536,
                    "ZRotation": 0
                },
                {
                    "ModelId": "41106",
                    "ModelIdNum": 41106,
                    "ObjectType": 3,
                    "XPos": 239,
                    "YPos": 1,
                    "ZPos": 116,
                    "XRotation": 0,
                    "YRotation": -1792,
                    "ZRotation": 0
                },
                {
                    "ModelId": "41409",
                    "ModelIdNum": 41409,
                    "ObjectType": 3,
                    "XPos": -268,
                    "YPos": 2,
                    "ZPos": 256,
                    "XRotation": 0,
                    "YRotation": -1530,
                    "ZRotation": 0
                },
                {
                    "ModelId": "3316",
                    "ModelIdNum": 3316,
                    "ObjectType": 13,
                    "XPos": -317,
                    "YPos": 0,
                    "ZPos": 4,
                    "XRotation": 0,
                    "YRotation": -512,
                    "ZRotation": 0
                },
                {
                    "ModelId": "3317",
                    "ModelIdNum": 3317,
                    "ObjectType": 13,
                    "XPos": -66,
                    "YPos": 1,
                    "ZPos": 3,
                    "ZScale": 1.051303,
                    "XRotation": 0,
                    "YRotation": -511,
                    "ZRotation": 0
                },
                {
                    "ModelId": "3317",
                    "ModelIdNum": 3317,
                    "ObjectType": 13,
                    "XPos": 66,
                    "YPos": 1,
                    "ZPos": -250,
                    "ZScale": 1.036825,
                    "XRotation": 0,
                    "YRotation": -1024,
                    "ZRotation": 0
                },
                {
                    "ModelId": "3306",
                    "ModelIdNum": 3306,
                    "ObjectType": 13,
                    "XPos": 194,
                    "YPos": -63,
                    "ZPos": -309,
                    "ZScale": 0.9963023,
                    "XRotation": 0,
                    "YRotation": -511,
                    "ZRotation": 0
                },
                {
                    "ModelId": "3319",
                    "ModelIdNum": 3319,
                    "ObjectType": 13,
                    "XPos": 376,
                    "YPos": -63,
                    "ZPos": -190,
                    "ZScale": 0.996303,
                    "XRotation": 0,
                    "YRotation": 0,
                    "ZRotation": 0
                },
                {
                    "ModelId": "3306",
                    "ModelIdNum": 3306,
                    "ObjectType": 13,
                    "XPos": 376,
                    "YPos": -63,
                    "ZPos": 132,
                    "ZScale": 0.996303,
                    "XRotation": 0,
                    "YRotation": 0,
                    "ZRotation": 0
                },
                {
                    "ModelId": "3307",
                    "ModelIdNum": 3307,
                    "ObjectType": 13,
                    "XPos": -58,
                    "YPos": 1,
                    "ZPos": 250,
                    "ZScale": 0.9963039,
                    "XRotation": 0,
                    "YRotation": -1530,
                    "ZRotation": 0
                },
                {
                    "ModelId": "3331",
                    "ModelIdNum": 3331,
                    "ObjectType": 13,
                    "XPos": -128,
                    "YPos": -63,
                    "ZPos": 306,
                    "XRotation": 0,
                    "YRotation": -1536,
                    "ZRotation": 0
                },
                {
                    "ModelId": "3304",
                    "ModelIdNum": 3304,
                    "ObjectType": 13,
                    "XPos": 375,
                    "YPos": -63,
                    "ZPos": 0,
                    "XRotation": 0,
                    "YRotation": 0,
                    "ZRotation": 0
                },
                {
                    "ModelId": "45081",
                    "ModelIdNum": 45081,
                    "ObjectType": 0,
                    "XPos": 356,
                    "YPos": -55,
                    "ZPos": 250,
                    "XScale": 0.4999999,
                    "YScale": 0.7999998,
                    "ZScale": 0.9163099,
                    "XRotation": 0,
                    "YRotation": -256,
                    "ZRotation": -512
                },
                {
                    "ModelId": "41117",
                    "ModelIdNum": 41117,
                    "ObjectType": 3,
                    "XPos": 342,
                    "YPos": 7,
                    "ZPos": 282,
                    "ZScale": 0.9833598,
                    "XRotation": 0,
                    "YRotation": -1279,
                    "ZRotation": 0
                },
                {
                    "ModelId": "45076",
                    "ModelIdNum": 45076,
                    "ObjectType": 0,
                    "XPos": 342,
                    "YPos": -10,
                    "ZPos": 282,
                    "XScale": 0.92469,
                    "ZScale": 0.4481019,
                    "XRotation": 0,
                    "YRotation": -256,
                    "ZRotation": 0
                },
                {
                    "ModelId": "45081",
                    "ModelIdNum": 45081,
                    "ObjectType": 0,
                    "XPos": 362,
                    "YPos": -60,
                    "ZPos": 240,
                    "YScale": 1.03,
                    "ZScale": 0.8410721,
                    "XRotation": 0,
                    "YRotation": -256,
                    "ZRotation": -512
                },
                {
                    "ModelId": "45129",
                    "ModelIdNum": 45129,
                    "ObjectType": 0,
                    "XPos": 386,
                    "YPos": -1,
                    "ZPos": 218,
                    "XScale": 1.2,
                    "YScale": 1.99,
                    "ZScale": 2.0,
                    "XRotation": 0,
                    "YRotation": -256,
                    "ZRotation": -512
                },
                {
                    "ModelId": "1313",
                    "ModelIdNum": 1313,
                    "ObjectType": 13,
                    "XPos": 67,
                    "YPos": 0,
                    "ZPos": -256,
                    "XRotation": 0,
                    "YRotation": 0,
                    "ZRotation": 0
                },
                {
                    "ModelId": "3330",
                    "ModelIdNum": 3330,
                    "ObjectType": 13,
                    "XPos": 66,
                    "YPos": 1,
                    "ZPos": -130,
                    "ZScale": 1.036825,
                    "XRotation": 0,
                    "YRotation": -1024,
                    "ZRotation": 0
                },
                {
                    "ModelId": "3305",
                    "ModelIdNum": 3305,
                    "ObjectType": 13,
                    "XPos": 130,
                    "YPos": -63,
                    "ZPos": -76,
                    "XRotation": 0,
                    "YRotation": -1536,
                    "ZRotation": 0
                },
                {
                    "ModelId": "3300",
                    "ModelIdNum": 3300,
                    "ObjectType": 13,
                    "XPos": 320,
                    "YPos": -64,
                    "ZPos": -66,
                    "XRotation": 0,
                    "YRotation": -1536,
                    "ZRotation": 0
                },
                {
                    "ModelId": "4302",
                    "ModelIdNum": 4302,
                    "ObjectType": 13,
                    "XPos": 257,
                    "YPos": -63,
                    "ZPos": -76,
                    "XRotation": 0,
                    "YRotation": 0,
                    "ZRotation": 0
                },
                {
                    "ModelId": "2013",
                    "ModelIdNum": 2013,
                    "ObjectType": 13,
                    "XPos": 69,
                    "YPos": 6,
                    "ZPos": -261,
                    "XRotation": 0,
                    "YRotation": 0,
                    "ZRotation": 0
                },
                {
                    "ModelId": "3300",
                    "ModelIdNum": 3300,
                    "ObjectType": 13,
                    "XPos": -2,
                    "YPos": -63,
                    "ZPos": 0,
                    "XRotation": 0,
                    "YRotation": 0,
                    "ZRotation": 0
                },
                {
                    "ModelId": "1300",
                    "ModelIdNum": 1300,
                    "ObjectType": 13,
                    "XPos": -64,
                    "YPos": 0,
                    "ZPos": 0,
                    "XRotation": 0,
                    "YRotation": 0,
                    "ZRotation": 0
                },
                {
                    "ModelId": "4302",
                    "ModelIdNum": 4302,
                    "ObjectType": 13,
                    "XPos": -121,
                    "YPos": -63,
                    "ZPos": 60,
                    "XRotation": 0,
                    "YRotation": -1536,
                    "ZRotation": 0
                },
                {
                    "ModelId": "4302",
                    "ModelIdNum": 4302,
                    "ObjectType": 13,
                    "XPos": -7,
                    "YPos": -63,
                    "ZPos": 61,
                    "XRotation": 0,
                    "YRotation": -512,
                    "ZRotation": 0
                },
                {
                    "ModelId": "3300",
                    "ModelIdNum": 3300,
                    "ObjectType": 13,
                    "XPos": -129,
                    "YPos": -63,
                    "ZPos": 1,
                    "XRotation": 0,
                    "YRotation": -1024,
                    "ZRotation": 0
                },
                {
                    "ModelId": "2000",
                    "ModelIdNum": 2000,
                    "ObjectType": 13,
                    "XPos": -65,
                    "YPos": -126,
                    "ZPos": -1,
                    "XRotation": 0,
                    "YRotation": 0,
                    "ZRotation": 0
                },
                {
                    "ModelId": "1313",
                    "ModelIdNum": 1313,
                    "ObjectType": 13,
                    "XPos": 64,
                    "YPos": 0,
                    "ZPos": 124,
                    "XRotation": 0,
                    "YRotation": 0,
                    "ZRotation": 0
                },
                {
                    "ModelId": "3332",
                    "ModelIdNum": 3332,
                    "ObjectType": 13,
                    "XPos": 189,
                    "YPos": -63,
                    "ZPos": 67,
                    "XRotation": 0,
                    "YRotation": -512,
                    "ZRotation": 0
                },
                {
                    "ModelId": "4302",
                    "ModelIdNum": 4302,
                    "ObjectType": 13,
                    "XPos": 4,
                    "YPos": -63,
                    "ZPos": 72,
                    "XRotation": 0,
                    "YRotation": -1536,
                    "ZRotation": 0
                },
                {
                    "ModelId": "2013",
                    "ModelIdNum": 2013,
                    "ObjectType": 13,
                    "XPos": 63,
                    "YPos": 4,
                    "ZPos": 125,
                    "XRotation": 0,
                    "YRotation": 0,
                    "ZRotation": 0
                },
                {
                    "ModelId": "3304",
                    "ModelIdNum": 3304,
                    "ObjectType": 13,
                    "XPos": 1,
                    "YPos": -63,
                    "ZPos": 133,
                    "XRotation": 0,
                    "YRotation": -1024,
                    "ZRotation": 0
                },
                {
                    "ModelId": "3300",
                    "ModelIdNum": 3300,
                    "ObjectType": 13,
                    "XPos": 2,
                    "YPos": -64,
                    "ZPos": 256,
                    "XRotation": 0,
                    "YRotation": -1024,
                    "ZRotation": 0
                },
                {
                    "ModelId": "1300",
                    "ModelIdNum": 1300,
                    "ObjectType": 13,
                    "XPos": -320,
                    "YPos": 0,
                    "ZPos": 0,
                    "XRotation": 0,
                    "YRotation": 0,
                    "ZRotation": 0
                },
                {
                    "ModelId": "3300",
                    "ModelIdNum": 3300,
                    "ObjectType": 13,
                    "XPos": -256,
                    "YPos": -64,
                    "ZPos": 0,
                    "XRotation": 0,
                    "YRotation": 0,
                    "ZRotation": 0
                },
                {
                    "ModelId": "3300",
                    "ModelIdNum": 3300,
                    "ObjectType": 13,
                    "XPos": -320,
                    "YPos": -64,
                    "ZPos": 62,
                    "XRotation": 0,
                    "YRotation": -1536,
                    "ZRotation": 0
                },
                {
                    "ModelId": "2000",
                    "ModelIdNum": 2000,
                    "ObjectType": 13,
                    "XPos": -316,
                    "YPos": -126,
                    "ZPos": 2,
                    "XRotation": 0,
                    "YRotation": 0,
                    "ZRotation": 0
                },
                {
                    "ModelId": "3304",
                    "ModelIdNum": 3304,
                    "ObjectType": 13,
                    "XPos": -369,
                    "YPos": -64,
                    "ZPos": 4,
                    "XRotation": 0,
                    "YRotation": -1024,
                    "ZRotation": 0
                },
                {
                    "ModelId": "4302",
                    "ModelIdNum": 4302,
                    "ObjectType": 13,
                    "XPos": 3,
                    "YPos": -63,
                    "ZPos": 192,
                    "XRotation": 0,
                    "YRotation": -1536,
                    "ZRotation": 0
                },
                {
                    "ModelId": "4302",
                    "ModelIdNum": 4302,
                    "ObjectType": 13,
                    "XPos": -261,
                    "YPos": -64,
                    "ZPos": 59,
                    "XRotation": 0,
                    "YRotation": -512,
                    "ZRotation": 0
                },
                {
                    "ModelId": "69465",
                    "ModelIdNum": 69465,
                    "ObjectType": 0,
                    "XPos": 336,
                    "YPos": -2,
                    "ZPos": 276,
                    "XScale": 0.1655805,
                    "YScale": 0.6,
                    "ZScale": 0.8444999,
                    "XRotation": 0,
                    "YRotation": -768,
                    "ZRotation": 0
                },
                {
                    "ModelId": "41015",
                    "ModelIdNum": 41015,
                    "ObjectType": 0,
                    "XPos": 318,
                    "YPos": -37,
                    "ZPos": -294,
                    "XRotation": 0,
                    "YRotation": 0,
                    "ZRotation": 0
                },
                {
                    "ModelId": "41113",
                    "ModelIdNum": 41113,
                    "ObjectType": 0,
                    "XPos": 252,
                    "YPos": -14,
                    "ZPos": -280,
                    "XScale": 1.3,
                    "YScale": 1.3,
                    "ZScale": 1.3,
                    "XRotation": 0,
                    "YRotation": 0,
                    "ZRotation": 0
                },
                {
                    "ModelId": "41005",
                    "ModelIdNum": 41005,
                    "ObjectType": 0,
                    "XPos": 118,
                    "YPos": -38,
                    "ZPos": -48,
                    "XRotation": 0,
                    "YRotation": -1024,
                    "ZRotation": 0
                },
                {
                    "ModelId": "41113",
                    "ModelIdNum": 41113,
                    "ObjectType": 0,
                    "XPos": 174,
                    "YPos": -14,
                    "ZPos": -48,
                    "XScale": 1.3,
                    "YScale": 1.3,
                    "ZScale": 1.3,
                    "XRotation": 0,
                    "YRotation": 0,
                    "ZRotation": 0
                },
                {
                    "ModelId": "69459",
                    "ModelIdNum": 69459,
                    "ObjectType": 0,
                    "XPos": 192,
                    "YPos": -68,
                    "ZPos": -78,
                    "XRotation": 0,
                    "YRotation": -1024,
                    "ZRotation": 0
                },
                {
                    "ModelId": "42075",
                    "ModelIdNum": 42075,
                    "ObjectType": 0,
                    "XPos": 66,
                    "YPos": -11,
                    "ZPos": -132,
                    "XRotation": 0,
                    "YRotation": 0,
                    "ZRotation": 0
                },
                {
                    "ModelId": "69468",
                    "ModelIdNum": 69468,
                    "ObjectType": 0,
                    "XPos": 192,
                    "YPos": -88,
                    "ZPos": 56,
                    "XScale": 0.5,
                    "YScale": 0.5,
                    "ZScale": 0.5,
                    "XRotation": 0,
                    "YRotation": 0,
                    "ZRotation": 0
                },
                {
                    "ModelId": "41013",
                    "ModelIdNum": 41013,
                    "ObjectType": 0,
                    "XPos": -196,
                    "YPos": -38,
                    "ZPos": 296,
                    "XRotation": 0,
                    "YRotation": 0,
                    "ZRotation": 0
                },
                {
                    "ModelId": "41003",
                    "ModelIdNum": 41003,
                    "ObjectType": 0,
                    "XPos": -192,
                    "YPos": -60,
                    "ZPos": 88,
                    "XRotation": 0,
                    "YRotation": 0,
                    "ZRotation": 0
                },
                {
                    "ModelId": "41831",
                    "ModelIdNum": 41831,
                    "ObjectType": 0,
                    "XPos": -222,
                    "YPos": -12,
                    "ZPos": 262,
                    "XRotation": 0,
                    "YRotation": 0,
                    "ZRotation": 0
                },
                {
                    "ModelId": "41100",
                    "ModelIdNum": 41100,
                    "ObjectType": 0,
                    "XPos": -160,
                    "YPos": -15,
                    "ZPos": 136,
                    "XRotation": 0,
                    "YRotation": -1592,
                    "ZRotation": 0
                },
                {
                    "ModelId": "41106",
                    "ModelIdNum": 41106,
                    "ObjectType": 3,
                    "XPos": -104,
                    "YPos": 1,
                    "ZPos": 118,
                    "XRotation": 0,
                    "YRotation": -1536,
                    "ZRotation": 0
                },
                {
                    "ModelId": "69444",
                    "ModelIdNum": 69444,
                    "ObjectType": 0,
                    "XPos": -8,
                    "YPos": -68,
                    "ZPos": 126,
                    "XRotation": 0,
                    "YRotation": -1536,
                    "ZRotation": 0
                },
                {
                    "ModelId": "41125",
                    "ModelIdNum": 41125,
                    "ObjectType": 0,
                    "XPos": 150,
                    "YPos": -142,
                    "ZPos": -90,
                    "XRotation": 0,
                    "YRotation": -255,
                    "ZRotation": 0
                },
                {
                    "ModelId": "41815",
                    "ModelIdNum": 41815,
                    "ObjectType": 0,
                    "XPos": 276,
                    "YPos": -135,
                    "ZPos": 222,
                    "XRotation": 0,
                    "YRotation": -129,
                    "ZRotation": 0
                },
                {
                    "ModelId": "41822",
                    "ModelIdNum": 41822,
                    "ObjectType": 0,
                    "XPos": 244,
                    "YPos": -145,
                    "ZPos": 198,
                    "XRotation": 0,
                    "YRotation": -1921,
                    "ZRotation": 0
                },
                {
                    "ModelId": "69466",
                    "ModelIdNum": 69466,
                    "ObjectType": 0,
                    "XPos": -176,
                    "YPos": -152,
                    "ZPos": -152,
                    "XRotation": -494,
                    "YRotation": -1670,
                    "ZRotation": -1023
                },
                {
                    "ModelId": "42079",
                    "ModelIdNum": 42079,
                    "ObjectType": 0,
                    "XPos": -342,
                    "YPos": -7,
                    "ZPos": -18,
                    "XScale": 0.7499997,
                    "YScale": 0.75,
                    "ZScale": 0.7499997,
                    "XRotation": 0,
                    "YRotation": -1536,
                    "ZRotation": 0
                },
                {
                    "ModelId": "41007",
                    "ModelIdNum": 41007,
                    "ObjectType": 0,
                    "XPos": -300,
                    "YPos": -13,
                    "ZPos": -30,
                    "XRotation": 0,
                    "YRotation": 0,
                    "ZRotation": 0
                },
                {
                    "ModelId": "41124",
                    "ModelIdNum": 41124,
                    "ObjectType": 0,
                    "XPos": 14,
                    "YPos": -33,
                    "ZPos": 154,
                    "XRotation": 0,
                    "YRotation": -512,
                    "ZRotation": 0
                },
                {
                    "ModelId": "215",
                    "ModelIdNum": 215,
                    "ObjectType": 0,
                    "XPos": -2,
                    "YPos": 2,
                    "ZPos": 0,
                    "XRotation": 0,
                    "YRotation": 0,
                    "ZRotation": 0
                },
                {
                    "ModelId": "45110",
                    "ModelIdNum": 45110,
                    "ObjectType": 0,
                    "XPos": -252,
                    "YPos": -358,
                    "ZPos": -104,
                    "YScale": 2.683,
                    "ZScale": 1.3,
                    "XRotation": 0,
                    "YRotation": -512,
                    "ZRotation": -512
                },
                {
                    "ModelId": "45110",
                    "ModelIdNum": 45110,
                    "ObjectType": 0,
                    "XPos": -252,
                    "YPos": -358,
                    "ZPos": -22,
                    "YScale": 1.06119,
                    "XRotation": 0,
                    "YRotation": -1536,
                    "ZRotation": -170
                },
                {
                    "ModelId": "45110",
                    "ModelIdNum": 45110,
                    "ObjectType": 0,
                    "XPos": -252,
                    "YPos": -362,
                    "ZPos": -24,
                    "YScale": 1.13973,
                    "ZScale": 1.1,
                    "XRotation": 0,
                    "YRotation": -512,
                    "ZRotation": -84
                },
                {
                    "ModelId": "45110",
                    "ModelIdNum": 45110,
                    "ObjectType": 0,
                    "XPos": -126,
                    "YPos": -358,
                    "ZPos": -104,
                    "YScale": 2.683,
                    "ZScale": 1.3,
                    "XRotation": 0,
                    "YRotation": -512,
                    "ZRotation": -512
                },
                {
                    "ModelId": "45110",
                    "ModelIdNum": 45110,
                    "ObjectType": 0,
                    "XPos": -126,
                    "YPos": -358,
                    "ZPos": -22,
                    "YScale": 1.06119,
                    "XRotation": 0,
                    "YRotation": -1536,
                    "ZRotation": -170
                },
                {
                    "ModelId": "45110",
                    "ModelIdNum": 45110,
                    "ObjectType": 0,
                    "XPos": -126,
                    "YPos": -362,
                    "ZPos": 24,
                    "YScale": 0.9447299,
                    "XRotation": 0,
                    "YRotation": -511,
                    "ZRotation": -170
                },
                {
                    "ModelId": "45110",
                    "ModelIdNum": 45110,
                    "ObjectType": 0,
                    "XPos": -126,
                    "YPos": -362,
                    "ZPos": -22,
                    "YScale": 1.14999,
                    "ZScale": 1.1,
                    "XRotation": 0,
                    "YRotation": -512,
                    "ZRotation": -84
                },
                {
                    "ModelId": "45110",
                    "ModelIdNum": 45110,
                    "ObjectType": 0,
                    "XPos": -126,
                    "YPos": -356,
                    "ZPos": 26,
                    "YScale": 1.20399,
                    "ZScale": 1.2,
                    "XRotation": -2041,
                    "YRotation": -1536,
                    "ZRotation": -83
                },
                {
                    "ModelId": "45110",
                    "ModelIdNum": 45110,
                    "ObjectType": 0,
                    "XPos": -252,
                    "YPos": -362,
                    "ZPos": 24,
                    "YScale": 0.9447299,
                    "XRotation": 0,
                    "YRotation": -511,
                    "ZRotation": -170
                },
                {
                    "ModelId": "45110",
                    "ModelIdNum": 45110,
                    "ObjectType": 0,
                    "XPos": -252,
                    "YPos": -356,
                    "ZPos": 26,
                    "YScale": 1.19886,
                    "ZScale": 1.2,
                    "XRotation": -2041,
                    "YRotation": -1536,
                    "ZRotation": -82
                },
                {
                    "ModelId": "45110",
                    "ModelIdNum": 45110,
                    "ObjectType": 0,
                    "XPos": 2,
                    "YPos": -358,
                    "ZPos": -104,
                    "YScale": 2.683,
                    "ZScale": 1.3,
                    "XRotation": 0,
                    "YRotation": -512,
                    "ZRotation": -512
                },
                {
                    "ModelId": "45110",
                    "ModelIdNum": 45110,
                    "ObjectType": 0,
                    "XPos": 2,
                    "YPos": -358,
                    "ZPos": -22,
                    "YScale": 1.06119,
                    "XRotation": 0,
                    "YRotation": -1536,
                    "ZRotation": -170
                },
                {
                    "ModelId": "45110",
                    "ModelIdNum": 45110,
                    "ObjectType": 0,
                    "XPos": 2,
                    "YPos": -362,
                    "ZPos": 24,
                    "YScale": 0.9447299,
                    "XRotation": 0,
                    "YRotation": -511,
                    "ZRotation": -170
                },
                {
                    "ModelId": "45110",
                    "ModelIdNum": 45110,
                    "ObjectType": 0,
                    "XPos": 2,
                    "YPos": -362,
                    "ZPos": -22,
                    "YScale": 1.14999,
                    "ZScale": 1.1,
                    "XRotation": 0,
                    "YRotation": -512,
                    "ZRotation": -84
                },
                {
                    "ModelId": "45110",
                    "ModelIdNum": 45110,
                    "ObjectType": 0,
                    "XPos": 2,
                    "YPos": -356,
                    "ZPos": 26,
                    "YScale": 1.20399,
                    "ZScale": 1.2,
                    "XRotation": -2041,
                    "YRotation": -1536,
                    "ZRotation": -83
                },
                {
                    "ModelId": "45110",
                    "ModelIdNum": 45110,
                    "ObjectType": 0,
                    "XPos": 126,
                    "YPos": -358,
                    "ZPos": -104,
                    "YScale": 2.683,
                    "ZScale": 1.3,
                    "XRotation": 0,
                    "YRotation": -512,
                    "ZRotation": -512
                },
                {
                    "ModelId": "45110",
                    "ModelIdNum": 45110,
                    "ObjectType": 0,
                    "XPos": 126,
                    "YPos": -358,
                    "ZPos": -22,
                    "YScale": 1.06119,
                    "XRotation": 0,
                    "YRotation": -1536,
                    "ZRotation": -170
                },
                {
                    "ModelId": "45110",
                    "ModelIdNum": 45110,
                    "ObjectType": 0,
                    "XPos": 126,
                    "YPos": -362,
                    "ZPos": 24,
                    "YScale": 0.9447299,
                    "XRotation": 0,
                    "YRotation": -511,
                    "ZRotation": -170
                },
                {
                    "ModelId": "45110",
                    "ModelIdNum": 45110,
                    "ObjectType": 0,
                    "XPos": 126,
                    "YPos": -362,
                    "ZPos": -22,
                    "YScale": 1.14999,
                    "ZScale": 1.1,
                    "XRotation": 0,
                    "YRotation": -512,
                    "ZRotation": -84
                },
                {
                    "ModelId": "45110",
                    "ModelIdNum": 45110,
                    "ObjectType": 0,
                    "XPos": 126,
                    "YPos": -356,
                    "ZPos": 26,
                    "YScale": 1.20399,
                    "ZScale": 1.2,
                    "XRotation": -2041,
                    "YRotation": -1536,
                    "ZRotation": -83
                },
                {
                    "ModelId": "45110",
                    "ModelIdNum": 45110,
                    "ObjectType": 0,
                    "XPos": 250,
                    "YPos": -358,
                    "ZPos": -104,
                    "YScale": 2.683,
                    "ZScale": 1.3,
                    "XRotation": 0,
                    "YRotation": -512,
                    "ZRotation": -512
                },
                {
                    "ModelId": "45110",
                    "ModelIdNum": 45110,
                    "ObjectType": 0,
                    "XPos": 250,
                    "YPos": -358,
                    "ZPos": -22,
                    "YScale": 1.06119,
                    "XRotation": 0,
                    "YRotation": -1536,
                    "ZRotation": -170
                },
                {
                    "ModelId": "45110",
                    "ModelIdNum": 45110,
                    "ObjectType": 0,
                    "XPos": 250,
                    "YPos": -362,
                    "ZPos": 24,
                    "YScale": 0.9447299,
                    "XRotation": 0,
                    "YRotation": -511,
                    "ZRotation": -170
                },
                {
                    "ModelId": "45110",
                    "ModelIdNum": 45110,
                    "ObjectType": 0,
                    "XPos": 250,
                    "YPos": -362,
                    "ZPos": -22,
                    "YScale": 1.14999,
                    "ZScale": 1.1,
                    "XRotation": 0,
                    "YRotation": -512,
                    "ZRotation": -84
                },
                {
                    "ModelId": "45110",
                    "ModelIdNum": 45110,
                    "ObjectType": 0,
                    "XPos": 250,
                    "YPos": -356,
                    "ZPos": 26,
                    "YScale": 1.20399,
                    "ZScale": 1.2,
                    "XRotation": -2041,
                    "YRotation": -1536,
                    "ZRotation": -83
                },
                {
                    "ModelId": "45110",
                    "ModelIdNum": 45110,
                    "ObjectType": 0,
                    "XPos": 188,
                    "YPos": -266,
                    "ZPos": -194,
                    "YScale": 4.613643,
                    "ZScale": 1.3,
                    "XRotation": 0,
                    "YRotation": -512,
                    "ZRotation": -512
                },
                {
                    "ModelId": "45110",
                    "ModelIdNum": 45110,
                    "ObjectType": 0,
                    "XPos": 252,
                    "YPos": -266,
                    "ZPos": -194,
                    "YScale": 4.613643,
                    "ZScale": 1.3,
                    "XRotation": 0,
                    "YRotation": -512,
                    "ZRotation": -512
                },
                {
                    "ModelId": "45110",
                    "ModelIdNum": 45110,
                    "ObjectType": 0,
                    "XPos": 314,
                    "YPos": -266,
                    "ZPos": -194,
                    "YScale": 4.613643,
                    "ZScale": 1.3,
                    "XRotation": 0,
                    "YRotation": -512,
                    "ZRotation": -512
                },
                {
                    "ModelId": "45110",
                    "ModelIdNum": 45110,
                    "ObjectType": 0,
                    "XPos": 0,
                    "YPos": -266,
                    "ZPos": -194,
                    "YScale": 4.613643,
                    "ZScale": 1.3,
                    "XRotation": 0,
                    "YRotation": -512,
                    "ZRotation": -512
                },
                {
                    "ModelId": "45110",
                    "ModelIdNum": 45110,
                    "ObjectType": 0,
                    "XPos": 62,
                    "YPos": -266,
                    "ZPos": -194,
                    "YScale": 4.613643,
                    "ZScale": 1.3,
                    "XRotation": 0,
                    "YRotation": -512,
                    "ZRotation": -512
                },
                {
                    "ModelId": "45110",
                    "ModelIdNum": 45110,
                    "ObjectType": 0,
                    "XPos": 126,
                    "YPos": -266,
                    "ZPos": -194,
                    "YScale": 4.613643,
                    "ZScale": 1.3,
                    "XRotation": 0,
                    "YRotation": -512,
                    "ZRotation": -512
                },
                {
                    "ModelId": "45110",
                    "ModelIdNum": 45110,
                    "ObjectType": 0,
                    "XPos": -190,
                    "YPos": -266,
                    "ZPos": -194,
                    "YScale": 4.613643,
                    "ZScale": 1.3,
                    "XRotation": 0,
                    "YRotation": -512,
                    "ZRotation": -512
                },
                {
                    "ModelId": "45110",
                    "ModelIdNum": 45110,
                    "ObjectType": 0,
                    "XPos": -126,
                    "YPos": -266,
                    "ZPos": -194,
                    "YScale": 4.613643,
                    "ZScale": 1.3,
                    "XRotation": 0,
                    "YRotation": -512,
                    "ZRotation": -512
                },
                {
                    "ModelId": "45110",
                    "ModelIdNum": 45110,
                    "ObjectType": 0,
                    "XPos": -64,
                    "YPos": -266,
                    "ZPos": -194,
                    "YScale": 4.613643,
                    "ZScale": 1.3,
                    "XRotation": 0,
                    "YRotation": -512,
                    "ZRotation": -512
                },
                {
                    "ModelId": "45110",
                    "ModelIdNum": 45110,
                    "ObjectType": 0,
                    "XPos": -314,
                    "YPos": -266,
                    "ZPos": -194,
                    "YScale": 4.613643,
                    "ZScale": 1.3,
                    "XRotation": 0,
                    "YRotation": -512,
                    "ZRotation": -512
                },
                {
                    "ModelId": "45110",
                    "ModelIdNum": 45110,
                    "ObjectType": 0,
                    "XPos": -252,
                    "YPos": -266,
                    "ZPos": -194,
                    "YScale": 4.613643,
                    "ZScale": 1.3,
                    "XRotation": 0,
                    "YRotation": -512,
                    "ZRotation": -512
                },
                {
                    "ModelId": "45110",
                    "ModelIdNum": 45110,
                    "ObjectType": 0,
                    "XPos": 188,
                    "YPos": -356,
                    "ZPos": -194,
                    "YScale": 4.613643,
                    "ZScale": 1.3,
                    "XRotation": 0,
                    "YRotation": -512,
                    "ZRotation": -512
                },
                {
                    "ModelId": "45110",
                    "ModelIdNum": 45110,
                    "ObjectType": 0,
                    "XPos": 314,
                    "YPos": -356,
                    "ZPos": -194,
                    "YScale": 4.613643,
                    "ZScale": 1.3,
                    "XRotation": 0,
                    "YRotation": -512,
                    "ZRotation": -512
                },
                {
                    "ModelId": "45110",
                    "ModelIdNum": 45110,
                    "ObjectType": 0,
                    "XPos": 62,
                    "YPos": -356,
                    "ZPos": -194,
                    "YScale": 4.613643,
                    "ZScale": 1.3,
                    "XRotation": 0,
                    "YRotation": -512,
                    "ZRotation": -512
                },
                {
                    "ModelId": "45110",
                    "ModelIdNum": 45110,
                    "ObjectType": 0,
                    "XPos": -190,
                    "YPos": -356,
                    "ZPos": -194,
                    "YScale": 4.613643,
                    "ZScale": 1.3,
                    "XRotation": 0,
                    "YRotation": -512,
                    "ZRotation": -512
                },
                {
                    "ModelId": "45110",
                    "ModelIdNum": 45110,
                    "ObjectType": 0,
                    "XPos": -64,
                    "YPos": -356,
                    "ZPos": -194,
                    "YScale": 4.613643,
                    "ZScale": 1.3,
                    "XRotation": 0,
                    "YRotation": -512,
                    "ZRotation": -512
                },
                {
                    "ModelId": "45110",
                    "ModelIdNum": 45110,
                    "ObjectType": 0,
                    "XPos": -314,
                    "YPos": -356,
                    "ZPos": -194,
                    "YScale": 4.613643,
                    "ZScale": 1.3,
                    "XRotation": 0,
                    "YRotation": -512,
                    "ZRotation": -512
                },
                {
                    "ModelId": "45110",
                    "ModelIdNum": 45110,
                    "ObjectType": 0,
                    "XPos": -314,
                    "YPos": -358,
                    "ZPos": -22,
                    "YScale": 1.06119,
                    "XRotation": 0,
                    "YRotation": -1536,
                    "ZRotation": -170
                },
                {
                    "ModelId": "45110",
                    "ModelIdNum": 45110,
                    "ObjectType": 0,
                    "XPos": -314,
                    "YPos": -362,
                    "ZPos": -24,
                    "YScale": 1.13973,
                    "ZScale": 1.1,
                    "XRotation": 0,
                    "YRotation": -512,
                    "ZRotation": -84
                },
                {
                    "ModelId": "45110",
                    "ModelIdNum": 45110,
                    "ObjectType": 0,
                    "XPos": -314,
                    "YPos": -362,
                    "ZPos": 24,
                    "YScale": 0.9447299,
                    "XRotation": 0,
                    "YRotation": -511,
                    "ZRotation": -170
                },
                {
                    "ModelId": "45110",
                    "ModelIdNum": 45110,
                    "ObjectType": 0,
                    "XPos": -314,
                    "YPos": -356,
                    "ZPos": 26,
                    "YScale": 1.19886,
                    "ZScale": 1.2,
                    "XRotation": -2041,
                    "YRotation": -1536,
                    "ZRotation": -82
                },
                {
                    "ModelId": "45110",
                    "ModelIdNum": 45110,
                    "ObjectType": 0,
                    "XPos": -190,
                    "YPos": -358,
                    "ZPos": -22,
                    "YScale": 1.06119,
                    "XRotation": 0,
                    "YRotation": -1536,
                    "ZRotation": -170
                },
                {
                    "ModelId": "45110",
                    "ModelIdNum": 45110,
                    "ObjectType": 0,
                    "XPos": -190,
                    "YPos": -362,
                    "ZPos": -24,
                    "YScale": 1.13973,
                    "ZScale": 1.1,
                    "XRotation": 0,
                    "YRotation": -512,
                    "ZRotation": -84
                },
                {
                    "ModelId": "45110",
                    "ModelIdNum": 45110,
                    "ObjectType": 0,
                    "XPos": -190,
                    "YPos": -362,
                    "ZPos": 24,
                    "YScale": 0.9447299,
                    "XRotation": 0,
                    "YRotation": -511,
                    "ZRotation": -170
                },
                {
                    "ModelId": "45110",
                    "ModelIdNum": 45110,
                    "ObjectType": 0,
                    "XPos": -190,
                    "YPos": -356,
                    "ZPos": 26,
                    "YScale": 1.19886,
                    "ZScale": 1.2,
                    "XRotation": -2041,
                    "YRotation": -1536,
                    "ZRotation": -82
                },
                {
                    "ModelId": "45110",
                    "ModelIdNum": 45110,
                    "ObjectType": 0,
                    "XPos": -64,
                    "YPos": -358,
                    "ZPos": -22,
                    "YScale": 1.06119,
                    "XRotation": 0,
                    "YRotation": -1536,
                    "ZRotation": -170
                },
                {
                    "ModelId": "45110",
                    "ModelIdNum": 45110,
                    "ObjectType": 0,
                    "XPos": -64,
                    "YPos": -362,
                    "ZPos": -24,
                    "YScale": 1.13973,
                    "ZScale": 1.1,
                    "XRotation": 0,
                    "YRotation": -512,
                    "ZRotation": -84
                },
                {
                    "ModelId": "45110",
                    "ModelIdNum": 45110,
                    "ObjectType": 0,
                    "XPos": -64,
                    "YPos": -362,
                    "ZPos": 24,
                    "YScale": 0.9447299,
                    "XRotation": 0,
                    "YRotation": -511,
                    "ZRotation": -170
                },
                {
                    "ModelId": "45110",
                    "ModelIdNum": 45110,
                    "ObjectType": 0,
                    "XPos": -64,
                    "YPos": -356,
                    "ZPos": 26,
                    "YScale": 1.19886,
                    "ZScale": 1.2,
                    "XRotation": -2041,
                    "YRotation": -1536,
                    "ZRotation": -82
                },
                {
                    "ModelId": "45110",
                    "ModelIdNum": 45110,
                    "ObjectType": 0,
                    "XPos": 62,
                    "YPos": -358,
                    "ZPos": -22,
                    "YScale": 1.06119,
                    "XRotation": 0,
                    "YRotation": -1536,
                    "ZRotation": -170
                },
                {
                    "ModelId": "45110",
                    "ModelIdNum": 45110,
                    "ObjectType": 0,
                    "XPos": 62,
                    "YPos": -362,
                    "ZPos": -24,
                    "YScale": 1.13973,
                    "ZScale": 1.1,
                    "XRotation": 0,
                    "YRotation": -512,
                    "ZRotation": -84
                },
                {
                    "ModelId": "45110",
                    "ModelIdNum": 45110,
                    "ObjectType": 0,
                    "XPos": 62,
                    "YPos": -362,
                    "ZPos": 24,
                    "YScale": 0.9447299,
                    "XRotation": 0,
                    "YRotation": -511,
                    "ZRotation": -170
                },
                {
                    "ModelId": "45110",
                    "ModelIdNum": 45110,
                    "ObjectType": 0,
                    "XPos": 62,
                    "YPos": -356,
                    "ZPos": 26,
                    "YScale": 1.19886,
                    "ZScale": 1.2,
                    "XRotation": -2041,
                    "YRotation": -1536,
                    "ZRotation": -82
                },
                {
                    "ModelId": "45110",
                    "ModelIdNum": 45110,
                    "ObjectType": 0,
                    "XPos": 314,
                    "YPos": -358,
                    "ZPos": -22,
                    "YScale": 1.06119,
                    "XRotation": 0,
                    "YRotation": -1536,
                    "ZRotation": -170
                },
                {
                    "ModelId": "45110",
                    "ModelIdNum": 45110,
                    "ObjectType": 0,
                    "XPos": 314,
                    "YPos": -362,
                    "ZPos": -24,
                    "YScale": 1.13973,
                    "ZScale": 1.1,
                    "XRotation": 0,
                    "YRotation": -512,
                    "ZRotation": -84
                },
                {
                    "ModelId": "45110",
                    "ModelIdNum": 45110,
                    "ObjectType": 0,
                    "XPos": 314,
                    "YPos": -362,
                    "ZPos": 24,
                    "YScale": 0.9447299,
                    "XRotation": 0,
                    "YRotation": -511,
                    "ZRotation": -170
                },
                {
                    "ModelId": "45110",
                    "ModelIdNum": 45110,
                    "ObjectType": 0,
                    "XPos": 314,
                    "YPos": -356,
                    "ZPos": 26,
                    "YScale": 1.19886,
                    "ZScale": 1.2,
                    "XRotation": -2041,
                    "YRotation": -1536,
                    "ZRotation": -82
                },
                {
                    "ModelId": "45110",
                    "ModelIdNum": 45110,
                    "ObjectType": 0,
                    "XPos": 188,
                    "YPos": -358,
                    "ZPos": -22,
                    "YScale": 1.06119,
                    "XRotation": 0,
                    "YRotation": -1536,
                    "ZRotation": -170
                },
                {
                    "ModelId": "45110",
                    "ModelIdNum": 45110,
                    "ObjectType": 0,
                    "XPos": 188,
                    "YPos": -362,
                    "ZPos": -24,
                    "YScale": 1.13973,
                    "ZScale": 1.1,
                    "XRotation": 0,
                    "YRotation": -512,
                    "ZRotation": -84
                },
                {
                    "ModelId": "45110",
                    "ModelIdNum": 45110,
                    "ObjectType": 0,
                    "XPos": 188,
                    "YPos": -362,
                    "ZPos": 24,
                    "YScale": 0.9447299,
                    "XRotation": 0,
                    "YRotation": -511,
                    "ZRotation": -170
                },
                {
                    "ModelId": "45110",
                    "ModelIdNum": 45110,
                    "ObjectType": 0,
                    "XPos": 188,
                    "YPos": -356,
                    "ZPos": 26,
                    "YScale": 1.19886,
                    "ZScale": 1.2,
                    "XRotation": -2041,
                    "YRotation": -1536,
                    "ZRotation": -82
                }
            ],
            "BlockFlatObjectRecords": [
                {
                    "Position": 0,
                    "XPos": 187,
                    "YPos": 0,
                    "ZPos": -283,
                    "TextureArchive": 199,
                    "TextureRecord": 20,
                    "FactionID": 0,
                    "Flags": 17
                },
                {
                    "Position": 0,
                    "XPos": 342,
                    "YPos": 0,
                    "ZPos": -236,
                    "TextureArchive": 199,
                    "TextureRecord": 20,
                    "FactionID": 0,
                    "Flags": 17
                },
                {
                    "Position": 0,
                    "XPos": 58,
                    "YPos": 0,
                    "ZPos": 108,
                    "TextureArchive": 199,
                    "TextureRecord": 20,
                    "FactionID": 0,
                    "Flags": 17
                },
                {
                    "Position": 0,
                    "XPos": -176,
                    "YPos": 0,
                    "ZPos": 258,
                    "TextureArchive": 199,
                    "TextureRecord": 20,
                    "FactionID": 0,
                    "Flags": 17
                },
                {
                    "Position": 0,
                    "XPos": -168,
                    "YPos": 0,
                    "ZPos": 32,
                    "TextureArchive": 199,
                    "TextureRecord": 20,
                    "FactionID": 0,
                    "Flags": 17
                },
                {
                    "Position": 0,
                    "XPos": 320,
                    "YPos": -129,
                    "ZPos": -224,
                    "TextureArchive": 199,
                    "TextureRecord": 19,
                    "FactionID": 0,
                    "Flags": 17
                },
                {
                    "Position": 0,
                    "XPos": 62,
                    "YPos": -200,
                    "ZPos": 0,
                    "TextureArchive": 210,
                    "TextureRecord": 22,
                    "FactionID": -30700,
                    "Flags": 17
                },
                {
                    "Position": 0,
                    "XPos": 198,
                    "YPos": -85,
                    "ZPos": -196,
                    "TextureArchive": 210,
                    "TextureRecord": 27,
                    "FactionID": 28688,
                    "Flags": 17
                },
                {
                    "Position": 0,
                    "XPos": -64,
                    "YPos": -80,
                    "ZPos": 0,
                    "TextureArchive": 210,
                    "TextureRecord": 27,
                    "FactionID": 14352,
                    "Flags": 17
                },
                {
                    "Position": 0,
                    "XPos": -316,
                    "YPos": -89,
                    "ZPos": 128,
                    "TextureArchive": 210,
                    "TextureRecord": 27,
                    "FactionID": 14352,
                    "Flags": 17
                },
                {
                    "Position": 0,
                    "XPos": 254,
                    "YPos": -87,
                    "ZPos": 190,
                    "TextureArchive": 210,
                    "TextureRecord": 27,
                    "FactionID": 14352,
                    "Flags": 17
                },
                {
                    "Position": 0,
                    "XPos": -216,
                    "YPos": -129,
                    "ZPos": 168,
                    "TextureArchive": 199,
                    "TextureRecord": 22,
                    "FactionID": 0,
                    "Flags": 17
                },
                {
                    "Position": 0,
                    "XPos": -328,
                    "YPos": 0,
                    "ZPos": 264,
                    "TextureArchive": 199,
                    "TextureRecord": 21,
                    "FactionID": 0,
                    "Flags": 17
                },
                {
                    "Position": 0,
                    "XPos": -192,
                    "YPos": 0,
                    "ZPos": 0,
                    "TextureArchive": 199,
                    "TextureRecord": 8,
                    "FactionID": 0,
                    "Flags": 0
                },
                {
                    "Position": 0,
                    "XPos": 312,
                    "YPos": 0,
                    "ZPos": 144,
                    "TextureArchive": 199,
                    "TextureRecord": 18,
                    "FactionID": 0,
                    "Flags": 0
                },
                {
                    "Position": 0,
                    "XPos": 320,
                    "YPos": -129,
                    "ZPos": 128,
                    "TextureArchive": 199,
                    "TextureRecord": 8,
                    "FactionID": 0,
                    "Flags": 0
                },
                {
                    "Position": 0,
                    "XPos": -320,
                    "YPos": -129,
                    "ZPos": 0,
                    "TextureArchive": 199,
                    "TextureRecord": 8,
                    "FactionID": 0,
                    "Flags": 0
                },
                {
                    "Position": 0,
                    "XPos": 320,
                    "YPos": -129,
                    "ZPos": -128,
                    "TextureArchive": 199,
                    "TextureRecord": 8,
                    "FactionID": 0,
                    "Flags": 0
                },
                {
                    "Position": 0,
                    "XPos": -320,
                    "YPos": -129,
                    "ZPos": -128,
                    "TextureArchive": 199,
                    "TextureRecord": 8,
                    "FactionID": 0,
                    "Flags": 0
                },
                {
                    "Position": 0,
                    "XPos": 120,
                    "YPos": -31,
                    "ZPos": 142,
                    "TextureArchive": 10021,
                    "TextureRecord": 17,
                    "FactionID": 0,
                    "Flags": 0
                },
                {
                    "Position": 0,
                    "XPos": 106,
                    "YPos": -31,
                    "ZPos": 128,
                    "TextureArchive": 56790,
                    "TextureRecord": 7,
                    "FactionID": 0,
                    "Flags": 0
                },
                {
                    "Position": 0,
                    "XPos": 120,
                    "YPos": -31,
                    "ZPos": 114,
                    "TextureArchive": 10021,
                    "TextureRecord": 7,
                    "FactionID": 0,
                    "Flags": 0
                },
                {
                    "Position": 0,
                    "XPos": 218,
                    "YPos": -26,
                    "ZPos": 224,
                    "TextureArchive": 10021,
                    "TextureRecord": 14,
                    "FactionID": 0,
                    "Flags": 0
                },
                {
                    "Position": 0,
                    "XPos": 228,
                    "YPos": -31,
                    "ZPos": 196,
                    "TextureArchive": 56790,
                    "TextureRecord": 2,
                    "FactionID": 0,
                    "Flags": 0
                },
                {
                    "Position": 0,
                    "XPos": 192,
                    "YPos": -80,
                    "ZPos": 0,
                    "TextureArchive": 210,
                    "TextureRecord": 13,
                    "FactionID": 0,
                    "Flags": 0
                },
                {
                    "Position": 0,
                    "XPos": -226,
                    "YPos": -25,
                    "ZPos": 264,
                    "TextureArchive": 210,
                    "TextureRecord": 4,
                    "FactionID": 0,
                    "Flags": 0
                },
                {
                    "Position": 0,
                    "XPos": -32,
                    "YPos": -130,
                    "ZPos": 62,
                    "TextureArchive": 199,
                    "TextureRecord": 11,
                    "FactionID": 0,
                    "Flags": 0
                },
                {
                    "Position": 0,
                    "XPos": -302,
                    "YPos": -25,
                    "ZPos": -30,
                    "TextureArchive": 56790,
                    "TextureRecord": 20,
                    "FactionID": 0,
                    "Flags": 0
                },
                {
                    "Position": 0,
                    "XPos": 176,
                    "YPos": -1,
                    "ZPos": -146,
                    "TextureArchive": 199,
                    "TextureRecord": 4,
                    "FactionID": 0,
                    "Flags": 0
                },
                {
                    "Position": 0,
                    "XPos": 64,
                    "YPos": -95,
                    "ZPos": 124,
                    "TextureArchive": 56790,
                    "TextureRecord": 8,
                    "FactionID": 0,
                    "Flags": 0
                },
                {
                    "Position": 0,
                    "XPos": 82,
                    "YPos": -75,
                    "ZPos": 126,
                    "TextureArchive": 56790,
                    "TextureRecord": 10,
                    "FactionID": 0,
                    "Flags": 0
                }
            ],
            "BlockSection3Records": [
                {
                    "XPos": -64,
                    "YPos": 0,
                    "ZPos": 0
                },
                {
                    "XPos": -64,
                    "YPos": 0,
                    "ZPos": 128
                },
                {
                    "XPos": -64,
                    "YPos": 0,
                    "ZPos": 256
                },
                {
                    "XPos": -192,
                    "YPos": 0,
                    "ZPos": 256
                },
                {
                    "XPos": -192,
                    "YPos": 0,
                    "ZPos": 128
                },
                {
                    "XPos": -320,
                    "YPos": 0,
                    "ZPos": 128
                },
                {
                    "XPos": 64,
                    "YPos": 0,
                    "ZPos": 0
                },
                {
                    "XPos": 192,
                    "YPos": 0,
                    "ZPos": 0
                },
                {
                    "XPos": 320,
                    "YPos": 0,
                    "ZPos": 0
                },
                {
                    "XPos": 64,
                    "YPos": 0,
                    "ZPos": 256
                },
                {
                    "XPos": 320,
                    "YPos": 0,
                    "ZPos": 256
                },
                {
                    "XPos": 192,
                    "YPos": 0,
                    "ZPos": 128
                },
                {
                    "XPos": 64,
                    "YPos": 0,
                    "ZPos": 128
                },
                {
                    "XPos": 192,
                    "YPos": 0,
                    "ZPos": 256
                },
                {
                    "XPos": 64,
                    "YPos": 0,
                    "ZPos": -128
                },
                {
                    "XPos": 192,
                    "YPos": 0,
                    "ZPos": -128
                },
                {
                    "XPos": 320,
                    "YPos": 0,
                    "ZPos": -128
                },
                {
                    "XPos": 320,
                    "YPos": 0,
                    "ZPos": -256
                },
                {
                    "XPos": 192,
                    "YPos": 0,
                    "ZPos": -256
                },
                {
                    "XPos": 64,
                    "YPos": 0,
                    "ZPos": -256
                },
                {
                    "XPos": -320,
                    "YPos": 0,
                    "ZPos": 0
                },
                {
                    "XPos": -320,
                    "YPos": -129,
                    "ZPos": 256
                },
                {
                    "XPos": -192,
                    "YPos": -129,
                    "ZPos": 256
                },
                {
                    "XPos": -64,
                    "YPos": -129,
                    "ZPos": 256
                },
                {
                    "XPos": 64,
                    "YPos": -129,
                    "ZPos": 256
                },
                {
                    "XPos": 192,
                    "YPos": -129,
                    "ZPos": 256
                },
                {
                    "XPos": 320,
                    "YPos": -129,
                    "ZPos": 256
                },
                {
                    "XPos": 192,
                    "YPos": -129,
                    "ZPos": 128
                },
                {
                    "XPos": 64,
                    "YPos": -129,
                    "ZPos": 128
                },
                {
                    "XPos": -64,
                    "YPos": -129,
                    "ZPos": 128
                },
                {
                    "XPos": -192,
                    "YPos": -129,
                    "ZPos": 128
                },
                {
                    "XPos": -320,
                    "YPos": -129,
                    "ZPos": 128
                },
                {
                    "XPos": -192,
                    "YPos": -129,
                    "ZPos": 0
                },
                {
                    "XPos": -64,
                    "YPos": -129,
                    "ZPos": 0
                },
                {
                    "XPos": 64,
                    "YPos": -129,
                    "ZPos": 0
                },
                {
                    "XPos": 192,
                    "YPos": -129,
                    "ZPos": 0
                },
                {
                    "XPos": 320,
                    "YPos": -129,
                    "ZPos": 0
                },
                {
                    "XPos": 192,
                    "YPos": -129,
                    "ZPos": -128
                },
                {
                    "XPos": 64,
                    "YPos": -129,
                    "ZPos": -128
                },
                {
                    "XPos": 64,
                    "YPos": -129,
                    "ZPos": -256
                },
                {
                    "XPos": 192,
                    "YPos": -129,
                    "ZPos": -256
                },
                {
                    "XPos": 320,
                    "YPos": -129,
                    "ZPos": -256
                }
            ],
            "BlockPeopleRecords": [
                {
                    "Position": 5964,
                    "XPos": 136,
                    "YPos": -2,
                    "ZPos": -210,
                    "TextureArchive": 184,
                    "TextureRecord": 20,
                    "FactionID": 372,
                    "Flags": 1
                },
                {
                    "Position": 5965,
                    "XPos": -254,
                    "YPos": -2,
                    "ZPos": 130,
                    "TextureArchive": 184,
                    "TextureRecord": 28,
                    "FactionID": 0,
                    "Flags": 0
                }
            ],
            "BlockDoorRecords": [
                {
                    "Position": 0,
                    "XPos": 297,
                    "YPos": -45,
                    "ZPos": -62,
                    "YRotation": 0,
                    "OpenRotation": 93,
                    "DoorModelIndex": 0
                },
                {
                    "Position": 1,
                    "XPos": 7,
                    "YPos": -45,
                    "ZPos": 23,
                    "YRotation": -512,
                    "OpenRotation": 93,
                    "DoorModelIndex": 0
                },
                {
                    "Position": 2,
                    "XPos": -297,
                    "YPos": -45,
                    "ZPos": 191,
                    "YRotation": -1024,
                    "OpenRotation": 93,
                    "DoorModelIndex": 0
                },
                {
                    "Position": 3,
                    "XPos": -7,
                    "YPos": -45,
                    "ZPos": 233,
                    "YRotation": -1536,
                    "OpenRotation": 93,
                    "DoorModelIndex": 0
                }
            ]
        }
    },
    "AutoMapData": null
}