{
    "FactionId": 0,
    "BuildingType": 20,
    "Quality": 11,
    "NameSeed": 0,
    "RmbSubRecord": {
        "XPos": 1152,
        "ZPos": 2816,
        "YRotation": 1024,
        "Exterior": {
            "Header": {
                "Num3dObjectRecords": 1,
                "NumFlatObjectRecords": 0,
                "NumSection3Records": 0,
                "NumPeopleRecords": 0,
                "NumDoorRecords": 0
            },
            "Block3dObjectRecords": [
                {
                    "ModelId": "658",
                    "ModelIdNum": 658,
                    "ObjectType": 4,
                    "XPos": 0,
                    "YPos": 0,
                    "ZPos": 0,
                    "XRotation": 0,
                    "YRotation": 0,
                    "ZRotation": 0
                }
            ],
            "BlockFlatObjectRecords": [],
            "BlockSection3Records": [],
            "BlockPeopleRecords": [],
            "BlockDoorRecords": []
        },
        "Interior": {
            "Header": {
                "Num3dObjectRecords": 94,
                "NumFlatObjectRecords": 30,
                "NumSection3Records": 60,
                "NumPeopleRecords": 7,
                "NumDoorRecords": 1
            },
            "Block3dObjectRecords": [
                {
                    "ModelId": "31030",
                    "ModelIdNum": 31030,
                    "ObjectType": 13,
                    "XPos": 64,
                    "YPos": -63,
                    "ZPos": 67,
                    "XRotation": 0,
                    "YRotation": -1024,
                    "ZRotation": 0
                },
                {
                    "ModelId": "31019",
                    "ModelIdNum": 31019,
                    "ObjectType": 13,
                    "XPos": -192,
                    "YPos": -63,
                    "ZPos": 195,
                    "XRotation": 0,
                    "YRotation": -1024,
                    "ZRotation": 0
                },
                {
                    "ModelId": "31019",
                    "ModelIdNum": 31019,
                    "ObjectType": 13,
                    "XPos": -448,
                    "YPos": -63,
                    "ZPos": 323,
                    "XRotation": 0,
                    "YRotation": -1024,
                    "ZRotation": 0
                },
                {
                    "ModelId": "31023",
                    "ModelIdNum": 31023,
                    "ObjectType": 13,
                    "XPos": -320,
                    "YPos": -128,
                    "ZPos": 320,
                    "XRotation": 0,
                    "YRotation": 0,
                    "ZRotation": 0
                },
                {
                    "ModelId": "31006",
                    "ModelIdNum": 31006,
                    "ObjectType": 13,
                    "XPos": -445,
                    "YPos": -63,
                    "ZPos": 445,
                    "XRotation": 0,
                    "YRotation": -1024,
                    "ZRotation": 0
                },
                {
                    "ModelId": "31006",
                    "ModelIdNum": 31006,
                    "ObjectType": 13,
                    "XPos": -323,
                    "YPos": -63,
                    "ZPos": 445,
                    "XRotation": 0,
                    "YRotation": -1536,
                    "ZRotation": 0
                },
                {
                    "ModelId": "31031",
                    "ModelIdNum": 31031,
                    "ObjectType": 13,
                    "XPos": -61,
                    "YPos": -63,
                    "ZPos": 67,
                    "XRotation": 0,
                    "YRotation": -512,
                    "ZRotation": 0
                },
                {
                    "ModelId": "31031",
                    "ModelIdNum": 31031,
                    "ObjectType": 13,
                    "XPos": -61,
                    "YPos": -63,
                    "ZPos": 189,
                    "XRotation": 0,
                    "YRotation": -1024,
                    "ZRotation": 0
                },
                {
                    "ModelId": "31022",
                    "ModelIdNum": 31022,
                    "ObjectType": 13,
                    "XPos": 58,
                    "YPos": -128,
                    "ZPos": 448,
                    "XRotation": 0,
                    "YRotation": 0,
                    "ZRotation": 0
                },
                {
                    "ModelId": "31006",
                    "ModelIdNum": 31006,
                    "ObjectType": 13,
                    "XPos": -67,
                    "YPos": -63,
                    "ZPos": 323,
                    "XRotation": 0,
                    "YRotation": 0,
                    "ZRotation": 0
                },
                {
                    "ModelId": "31006",
                    "ModelIdNum": 31006,
                    "ObjectType": 13,
                    "XPos": -189,
                    "YPos": -63,
                    "ZPos": 445,
                    "XRotation": 0,
                    "YRotation": -1024,
                    "ZRotation": 0
                },
                {
                    "ModelId": "31024",
                    "ModelIdNum": 31024,
                    "ObjectType": 13,
                    "XPos": -189,
                    "YPos": -63,
                    "ZPos": 320,
                    "XRotation": 0,
                    "YRotation": -1024,
                    "ZRotation": 0
                },
                {
                    "ModelId": "31024",
                    "ModelIdNum": 31024,
                    "ObjectType": 13,
                    "XPos": -64,
                    "YPos": -63,
                    "ZPos": 445,
                    "XRotation": 0,
                    "YRotation": -1536,
                    "ZRotation": 0
                },
                {
                    "ModelId": "31025",
                    "ModelIdNum": 31025,
                    "ObjectType": 13,
                    "XPos": 64,
                    "YPos": -63,
                    "ZPos": 192,
                    "XRotation": 0,
                    "YRotation": -1536,
                    "ZRotation": 0
                },
                {
                    "ModelId": "31025",
                    "ModelIdNum": 31025,
                    "ObjectType": 13,
                    "XPos": 192,
                    "YPos": -63,
                    "ZPos": 192,
                    "XRotation": 0,
                    "YRotation": -1536,
                    "ZRotation": 0
                },
                {
                    "ModelId": "31024",
                    "ModelIdNum": 31024,
                    "ObjectType": 13,
                    "XPos": 192,
                    "YPos": -63,
                    "ZPos": 67,
                    "XRotation": 0,
                    "YRotation": -512,
                    "ZRotation": 0
                },
                {
                    "ModelId": "31031",
                    "ModelIdNum": 31031,
                    "ObjectType": 13,
                    "XPos": 317,
                    "YPos": -63,
                    "ZPos": 317,
                    "XRotation": 0,
                    "YRotation": -1536,
                    "ZRotation": 0
                },
                {
                    "ModelId": "31022",
                    "ModelIdNum": 31022,
                    "ObjectType": 13,
                    "XPos": 64,
                    "YPos": -128,
                    "ZPos": 314,
                    "XRotation": 0,
                    "YRotation": -1536,
                    "ZRotation": 0
                },
                {
                    "ModelId": "31024",
                    "ModelIdNum": 31024,
                    "ObjectType": 13,
                    "XPos": 192,
                    "YPos": -63,
                    "ZPos": 317,
                    "XRotation": 0,
                    "YRotation": -1536,
                    "ZRotation": 0
                },
                {
                    "ModelId": "31024",
                    "ModelIdNum": 31024,
                    "ObjectType": 13,
                    "XPos": 317,
                    "YPos": -63,
                    "ZPos": 192,
                    "XRotation": 0,
                    "YRotation": 0,
                    "ZRotation": 0
                },
                {
                    "ModelId": "31031",
                    "ModelIdNum": 31031,
                    "ObjectType": 13,
                    "XPos": -317,
                    "YPos": -192,
                    "ZPos": 195,
                    "XRotation": 0,
                    "YRotation": -512,
                    "ZRotation": 0
                },
                {
                    "ModelId": "31006",
                    "ModelIdNum": 31006,
                    "ObjectType": 13,
                    "XPos": -61,
                    "YPos": -192,
                    "ZPos": 445,
                    "XRotation": 0,
                    "YRotation": -1024,
                    "ZRotation": 0
                },
                {
                    "ModelId": "31006",
                    "ModelIdNum": 31006,
                    "ObjectType": 13,
                    "XPos": -195,
                    "YPos": -192,
                    "ZPos": 445,
                    "XRotation": 0,
                    "YRotation": -1536,
                    "ZRotation": 0
                },
                {
                    "ModelId": "31006",
                    "ModelIdNum": 31006,
                    "ObjectType": 13,
                    "XPos": -445,
                    "YPos": -192,
                    "ZPos": 445,
                    "XRotation": 0,
                    "YRotation": -1024,
                    "ZRotation": 0
                },
                {
                    "ModelId": "31000",
                    "ModelIdNum": 31000,
                    "ObjectType": 13,
                    "XPos": -192,
                    "YPos": -192,
                    "ZPos": 320,
                    "XRotation": 0,
                    "YRotation": 0,
                    "ZRotation": 0
                },
                {
                    "ModelId": "31000",
                    "ModelIdNum": 31000,
                    "ObjectType": 13,
                    "XPos": -320,
                    "YPos": -192,
                    "ZPos": 448,
                    "XRotation": 0,
                    "YRotation": -512,
                    "ZRotation": 0
                },
                {
                    "ModelId": "31031",
                    "ModelIdNum": 31031,
                    "ObjectType": 13,
                    "XPos": 67,
                    "YPos": -192,
                    "ZPos": 195,
                    "XRotation": 0,
                    "YRotation": -512,
                    "ZRotation": 0
                },
                {
                    "ModelId": "31031",
                    "ModelIdNum": 31031,
                    "ObjectType": 13,
                    "XPos": 61,
                    "YPos": -192,
                    "ZPos": 189,
                    "XRotation": 0,
                    "YRotation": -1536,
                    "ZRotation": 0
                },
                {
                    "ModelId": "31031",
                    "ModelIdNum": 31031,
                    "ObjectType": 13,
                    "XPos": 61,
                    "YPos": -192,
                    "ZPos": 67,
                    "XRotation": 0,
                    "YRotation": 0,
                    "ZRotation": 0
                },
                {
                    "ModelId": "31031",
                    "ModelIdNum": 31031,
                    "ObjectType": 13,
                    "XPos": -61,
                    "YPos": -192,
                    "ZPos": 67,
                    "XRotation": 0,
                    "YRotation": -512,
                    "ZRotation": 0
                },
                {
                    "ModelId": "31024",
                    "ModelIdNum": 31024,
                    "ObjectType": 13,
                    "XPos": -61,
                    "YPos": -192,
                    "ZPos": 192,
                    "XRotation": 0,
                    "YRotation": -1024,
                    "ZRotation": 0
                },
                {
                    "ModelId": "31000",
                    "ModelIdNum": 31000,
                    "ObjectType": 13,
                    "XPos": -64,
                    "YPos": -192,
                    "ZPos": 320,
                    "XRotation": 0,
                    "YRotation": -1024,
                    "ZRotation": 0
                },
                {
                    "ModelId": "31031",
                    "ModelIdNum": 31031,
                    "ObjectType": 13,
                    "XPos": 317,
                    "YPos": -192,
                    "ZPos": 317,
                    "XRotation": 0,
                    "YRotation": -1536,
                    "ZRotation": 0
                },
                {
                    "ModelId": "31031",
                    "ModelIdNum": 31031,
                    "ObjectType": 13,
                    "XPos": 317,
                    "YPos": -192,
                    "ZPos": 67,
                    "XRotation": 0,
                    "YRotation": 0,
                    "ZRotation": 0
                },
                {
                    "ModelId": "31006",
                    "ModelIdNum": 31006,
                    "ObjectType": 13,
                    "XPos": 195,
                    "YPos": -192,
                    "ZPos": 317,
                    "XRotation": 0,
                    "YRotation": -1024,
                    "ZRotation": 0
                },
                {
                    "ModelId": "31024",
                    "ModelIdNum": 31024,
                    "ObjectType": 13,
                    "XPos": 317,
                    "YPos": -192,
                    "ZPos": 192,
                    "XRotation": 0,
                    "YRotation": 0,
                    "ZRotation": 0
                },
                {
                    "ModelId": "31025",
                    "ModelIdNum": 31025,
                    "ObjectType": 13,
                    "XPos": 192,
                    "YPos": -192,
                    "ZPos": 192,
                    "XRotation": 0,
                    "YRotation": 0,
                    "ZRotation": 0
                },
                {
                    "ModelId": "31006",
                    "ModelIdNum": 31006,
                    "ObjectType": 13,
                    "XPos": 195,
                    "YPos": -192,
                    "ZPos": 67,
                    "XRotation": 0,
                    "YRotation": -512,
                    "ZRotation": 0
                },
                {
                    "ModelId": "31431",
                    "ModelIdNum": 31431,
                    "ObjectType": 13,
                    "XPos": 323,
                    "YPos": -192,
                    "ZPos": 61,
                    "XRotation": 0,
                    "YRotation": -1024,
                    "ZRotation": 0
                },
                {
                    "ModelId": "31431",
                    "ModelIdNum": 31431,
                    "ObjectType": 13,
                    "XPos": 195,
                    "YPos": -192,
                    "ZPos": -189,
                    "XRotation": 0,
                    "YRotation": -512,
                    "ZRotation": 0
                },
                {
                    "ModelId": "31425",
                    "ModelIdNum": 31425,
                    "ObjectType": 13,
                    "XPos": 320,
                    "YPos": -192,
                    "ZPos": -64,
                    "XRotation": 0,
                    "YRotation": -1024,
                    "ZRotation": 0
                },
                {
                    "ModelId": "31406",
                    "ModelIdNum": 31406,
                    "ObjectType": 13,
                    "XPos": 445,
                    "YPos": -192,
                    "ZPos": -67,
                    "XRotation": 0,
                    "YRotation": -1536,
                    "ZRotation": 0
                },
                {
                    "ModelId": "31406",
                    "ModelIdNum": 31406,
                    "ObjectType": 13,
                    "XPos": 195,
                    "YPos": -192,
                    "ZPos": -67,
                    "XRotation": 0,
                    "YRotation": -1024,
                    "ZRotation": 0
                },
                {
                    "ModelId": "31406",
                    "ModelIdNum": 31406,
                    "ObjectType": 13,
                    "XPos": 195,
                    "YPos": -63,
                    "ZPos": -67,
                    "XRotation": 0,
                    "YRotation": -1024,
                    "ZRotation": 0
                },
                {
                    "ModelId": "31406",
                    "ModelIdNum": 31406,
                    "ObjectType": 13,
                    "XPos": 445,
                    "YPos": -63,
                    "ZPos": -445,
                    "XRotation": 0,
                    "YRotation": 0,
                    "ZRotation": 0
                },
                {
                    "ModelId": "31406",
                    "ModelIdNum": 31406,
                    "ObjectType": 13,
                    "XPos": 445,
                    "YPos": -63,
                    "ZPos": -67,
                    "XRotation": 0,
                    "YRotation": -1536,
                    "ZRotation": 0
                },
                {
                    "ModelId": "31031",
                    "ModelIdNum": 31031,
                    "ObjectType": 13,
                    "XPos": 317,
                    "YPos": -63,
                    "ZPos": 67,
                    "XRotation": 0,
                    "YRotation": 0,
                    "ZRotation": 0
                },
                {
                    "ModelId": "31406",
                    "ModelIdNum": 31406,
                    "ObjectType": 13,
                    "XPos": 323,
                    "YPos": -63,
                    "ZPos": -445,
                    "XRotation": 0,
                    "YRotation": -512,
                    "ZRotation": 0
                },
                {
                    "ModelId": "31431",
                    "ModelIdNum": 31431,
                    "ObjectType": 13,
                    "XPos": 195,
                    "YPos": -63,
                    "ZPos": -189,
                    "XRotation": 0,
                    "YRotation": -512,
                    "ZRotation": 0
                },
                {
                    "ModelId": "31431",
                    "ModelIdNum": 31431,
                    "ObjectType": 13,
                    "XPos": 323,
                    "YPos": -63,
                    "ZPos": 61,
                    "XRotation": 0,
                    "YRotation": -1024,
                    "ZRotation": 0
                },
                {
                    "ModelId": "31430",
                    "ModelIdNum": 31430,
                    "ObjectType": 13,
                    "XPos": 323,
                    "YPos": -63,
                    "ZPos": -320,
                    "XRotation": 0,
                    "YRotation": -1536,
                    "ZRotation": 0
                },
                {
                    "ModelId": "31424",
                    "ModelIdNum": 31424,
                    "ObjectType": 13,
                    "XPos": 445,
                    "YPos": -63,
                    "ZPos": -320,
                    "XRotation": 0,
                    "YRotation": 0,
                    "ZRotation": 0
                },
                {
                    "ModelId": "31424",
                    "ModelIdNum": 31424,
                    "ObjectType": 13,
                    "XPos": 445,
                    "YPos": -63,
                    "ZPos": -192,
                    "XRotation": 0,
                    "YRotation": 0,
                    "ZRotation": 0
                },
                {
                    "ModelId": "31425",
                    "ModelIdNum": 31425,
                    "ObjectType": 13,
                    "XPos": 320,
                    "YPos": -63,
                    "ZPos": -192,
                    "XRotation": 0,
                    "YRotation": 0,
                    "ZRotation": 0
                },
                {
                    "ModelId": "31425",
                    "ModelIdNum": 31425,
                    "ObjectType": 13,
                    "XPos": 320,
                    "YPos": -63,
                    "ZPos": -64,
                    "XRotation": 0,
                    "YRotation": 0,
                    "ZRotation": 0
                },
                {
                    "ModelId": "31422",
                    "ModelIdNum": 31422,
                    "ObjectType": 13,
                    "XPos": 442,
                    "YPos": -128,
                    "ZPos": 64,
                    "XRotation": 0,
                    "YRotation": 0,
                    "ZRotation": 0
                },
                {
                    "ModelId": "31424",
                    "ModelIdNum": 31424,
                    "ObjectType": 13,
                    "XPos": 320,
                    "YPos": -192,
                    "ZPos": -189,
                    "XRotation": 0,
                    "YRotation": -512,
                    "ZRotation": 0
                },
                {
                    "ModelId": "31426",
                    "ModelIdNum": 31426,
                    "ObjectType": 13,
                    "XPos": 445,
                    "YPos": -192,
                    "ZPos": -192,
                    "XRotation": 0,
                    "YRotation": 0,
                    "ZRotation": 0
                },
                {
                    "ModelId": "41002",
                    "ModelIdNum": 41002,
                    "ObjectType": 3,
                    "XPos": -16,
                    "YPos": 131,
                    "ZPos": 79,
                    "XRotation": 0,
                    "YRotation": -256,
                    "ZRotation": 0
                },
                {
                    "ModelId": "41100",
                    "ModelIdNum": 41100,
                    "ObjectType": 3,
                    "XPos": -147,
                    "YPos": 1,
                    "ZPos": 471,
                    "XRotation": 0,
                    "YRotation": -1248,
                    "ZRotation": 0
                },
                {
                    "ModelId": "41029",
                    "ModelIdNum": 41029,
                    "ObjectType": 3,
                    "XPos": 198,
                    "YPos": 1,
                    "ZPos": 22,
                    "XRotation": 0,
                    "YRotation": -1006,
                    "ZRotation": 0
                },
                {
                    "ModelId": "41108",
                    "ModelIdNum": 41108,
                    "ObjectType": 3,
                    "XPos": 337,
                    "YPos": 131,
                    "ZPos": 203,
                    "XRotation": 0,
                    "YRotation": -510,
                    "ZRotation": 0
                },
                {
                    "ModelId": "41101",
                    "ModelIdNum": 41101,
                    "ObjectType": 3,
                    "XPos": 297,
                    "YPos": 131,
                    "ZPos": 160,
                    "XRotation": 0,
                    "YRotation": -1853,
                    "ZRotation": 0
                },
                {
                    "ModelId": "15005",
                    "ModelIdNum": 15005,
                    "ObjectType": 13,
                    "XPos": -448,
                    "YPos": -129,
                    "ZPos": 320,
                    "XRotation": 0,
                    "YRotation": 0,
                    "ZRotation": 0
                },
                {
                    "ModelId": "3018",
                    "ModelIdNum": 3018,
                    "ObjectType": 13,
                    "XPos": -448,
                    "YPos": -192,
                    "ZPos": 256,
                    "XRotation": 0,
                    "YRotation": -512,
                    "ZRotation": 0
                },
                {
                    "ModelId": "3018",
                    "ModelIdNum": 3018,
                    "ObjectType": 13,
                    "XPos": -192,
                    "YPos": -192,
                    "ZPos": 132,
                    "XRotation": 0,
                    "YRotation": -512,
                    "ZRotation": 0
                },
                {
                    "ModelId": "1407",
                    "ModelIdNum": 1407,
                    "ObjectType": 13,
                    "XPos": 320,
                    "YPos": -129,
                    "ZPos": -448,
                    "XRotation": 0,
                    "YRotation": 0,
                    "ZRotation": 0
                },
                {
                    "ModelId": "3400",
                    "ModelIdNum": 3400,
                    "ObjectType": 13,
                    "XPos": 448,
                    "YPos": -193,
                    "ZPos": -258,
                    "XRotation": 0,
                    "YRotation": -1536,
                    "ZRotation": 0
                },
                {
                    "ModelId": "3404",
                    "ModelIdNum": 3404,
                    "ObjectType": 13,
                    "XPos": 330,
                    "YPos": -193,
                    "ZPos": -260,
                    "XRotation": 0,
                    "YRotation": -1536,
                    "ZRotation": 0
                },
                {
                    "ModelId": "3405",
                    "ModelIdNum": 3405,
                    "ObjectType": 13,
                    "XPos": 506,
                    "YPos": -193,
                    "ZPos": -382,
                    "XRotation": 0,
                    "YRotation": 0,
                    "ZRotation": 0
                },
                {
                    "ModelId": "3405",
                    "ModelIdNum": 3405,
                    "ObjectType": 13,
                    "XPos": 388,
                    "YPos": -193,
                    "ZPos": -502,
                    "XRotation": 0,
                    "YRotation": -512,
                    "ZRotation": 0
                },
                {
                    "ModelId": "4404",
                    "ModelIdNum": 4404,
                    "ObjectType": 13,
                    "XPos": 430,
                    "YPos": -129,
                    "ZPos": -316,
                    "XScale": 0.623676,
                    "XRotation": 0,
                    "YRotation": 0,
                    "ZRotation": 0
                },
                {
                    "ModelId": "3418",
                    "ModelIdNum": 3418,
                    "ObjectType": 13,
                    "XPos": 272,
                    "YPos": -193,
                    "ZPos": -318,
                    "XRotation": 0,
                    "YRotation": -1024,
                    "ZRotation": 0
                },
                {
                    "ModelId": "3405",
                    "ModelIdNum": 3405,
                    "ObjectType": 13,
                    "XPos": 272,
                    "YPos": -193,
                    "ZPos": -504,
                    "XRotation": 0,
                    "YRotation": -1024,
                    "ZRotation": 0
                },
                {
                    "ModelId": "4404",
                    "ModelIdNum": 4404,
                    "ObjectType": 13,
                    "XPos": 326,
                    "YPos": -129,
                    "ZPos": -328,
                    "XScale": 0.828616,
                    "XRotation": 0,
                    "YRotation": -1536,
                    "ZRotation": 0
                },
                {
                    "ModelId": "2407",
                    "ModelIdNum": 2407,
                    "ObjectType": 13,
                    "XPos": 326,
                    "YPos": -128,
                    "ZPos": -444,
                    "XRotation": 0,
                    "YRotation": 0,
                    "ZRotation": 0
                },
                {
                    "ModelId": "3004",
                    "ModelIdNum": 3004,
                    "ObjectType": 13,
                    "XPos": 130,
                    "YPos": -63,
                    "ZPos": 320,
                    "XRotation": 0,
                    "YRotation": -1024,
                    "ZRotation": 0
                },
                {
                    "ModelId": "31024",
                    "ModelIdNum": 31024,
                    "ObjectType": 13,
                    "XPos": -195,
                    "YPos": -192,
                    "ZPos": 192,
                    "XRotation": 0,
                    "YRotation": 0,
                    "ZRotation": 0
                },
                {
                    "ModelId": "41105",
                    "ModelIdNum": 41105,
                    "ObjectType": 0,
                    "XPos": -402,
                    "YPos": -16,
                    "ZPos": 334,
                    "XRotation": 0,
                    "YRotation": -512,
                    "ZRotation": 0
                },
                {
                    "ModelId": "41105",
                    "ModelIdNum": 41105,
                    "ObjectType": 0,
                    "XPos": -316,
                    "YPos": -145,
                    "ZPos": 492,
                    "XRotation": 0,
                    "YRotation": -1024,
                    "ZRotation": 0
                },
                {
                    "ModelId": "41811",
                    "ModelIdNum": 41811,
                    "ObjectType": 3,
                    "XPos": -486,
                    "YPos": 130,
                    "ZPos": 364,
                    "XRotation": 0,
                    "YRotation": -512,
                    "ZRotation": 0
                },
                {
                    "ModelId": "41006",
                    "ModelIdNum": 41006,
                    "ObjectType": 0,
                    "XPos": -17,
                    "YPos": -165,
                    "ZPos": 322,
                    "XScale": 1.0531,
                    "YScale": 1.02,
                    "ZScale": 1.0596,
                    "XRotation": 0,
                    "YRotation": -511,
                    "ZRotation": 0
                },
                {
                    "ModelId": "41105",
                    "ModelIdNum": 41105,
                    "ObjectType": 0,
                    "XPos": -148,
                    "YPos": -16,
                    "ZPos": 204,
                    "XRotation": 0,
                    "YRotation": -512,
                    "ZRotation": 0
                },
                {
                    "ModelId": "41818",
                    "ModelIdNum": 41818,
                    "ObjectType": 0,
                    "XPos": 233,
                    "YPos": -141,
                    "ZPos": 346,
                    "XRotation": 0,
                    "YRotation": -33,
                    "ZRotation": 0
                },
                {
                    "ModelId": "41822",
                    "ModelIdNum": 41822,
                    "ObjectType": 0,
                    "XPos": 266,
                    "YPos": -145,
                    "ZPos": 324,
                    "XRotation": 0,
                    "YRotation": -190,
                    "ZRotation": 0
                },
                {
                    "ModelId": "41813",
                    "ModelIdNum": 41813,
                    "ObjectType": 3,
                    "XPos": 222,
                    "YPos": 132,
                    "ZPos": 44,
                    "XRotation": 0,
                    "YRotation": 0,
                    "ZRotation": 0
                },
                {
                    "ModelId": "41045",
                    "ModelIdNum": 41045,
                    "ObjectType": 0,
                    "XPos": -43,
                    "YPos": -38,
                    "ZPos": 180,
                    "XRotation": 0,
                    "YRotation": -768,
                    "ZRotation": 0
                },
                {
                    "ModelId": "41822",
                    "ModelIdNum": 41822,
                    "ObjectType": 0,
                    "XPos": -81,
                    "YPos": -16,
                    "ZPos": 140,
                    "XRotation": 0,
                    "YRotation": -1798,
                    "ZRotation": 0
                },
                {
                    "ModelId": "41105",
                    "ModelIdNum": 41105,
                    "ObjectType": 0,
                    "XPos": -58,
                    "YPos": -16,
                    "ZPos": 82,
                    "XRotation": 0,
                    "YRotation": -261,
                    "ZRotation": 0
                },
                {
                    "ModelId": "41108",
                    "ModelIdNum": 41108,
                    "ObjectType": 3,
                    "XPos": 188,
                    "YPos": 2,
                    "ZPos": 118,
                    "XScale": 1.1608,
                    "XRotation": 0,
                    "YRotation": -2047,
                    "ZRotation": 0
                },
                {
                    "ModelId": "41042",
                    "ModelIdNum": 41042,
                    "ObjectType": 0,
                    "XPos": 350,
                    "YPos": -36,
                    "ZPos": 168,
                    "YScale": 1.046863,
                    "XRotation": 0,
                    "YRotation": -511,
                    "ZRotation": 0
                },
                {
                    "ModelId": "41108",
                    "ModelIdNum": 41108,
                    "ObjectType": 0,
                    "XPos": 186,
                    "YPos": -18,
                    "ZPos": -38,
                    "XRotation": 0,
                    "YRotation": 0,
                    "ZRotation": 0
                },
                {
                    "ModelId": "41051",
                    "ModelIdNum": 41051,
                    "ObjectType": 0,
                    "XPos": 491,
                    "YPos": -36,
                    "ZPos": -198,
                    "XRotation": 0,
                    "YRotation": -1536,
                    "ZRotation": 0
                },
                {
                    "ModelId": "41105",
                    "ModelIdNum": 41105,
                    "ObjectType": 0,
                    "XPos": 278,
                    "YPos": -16,
                    "ZPos": -428,
                    "XRotation": 0,
                    "YRotation": -512,
                    "ZRotation": 0
                },
                {
                    "ModelId": "41011",
                    "ModelIdNum": 41011,
                    "ObjectType": 0,
                    "XPos": 482,
                    "YPos": -35,
                    "ZPos": -62,
                    "XRotation": 0,
                    "YRotation": -512,
                    "ZRotation": 0
                },
                {
                    "ModelId": "41113",
                    "ModelIdNum": 41113,
                    "ObjectType": 0,
                    "XPos": 160,
                    "YPos": -140,
                    "ZPos": -114,
                    "XRotation": 0,
                    "YRotation": 0,
                    "ZRotation": 0
                },
                {
                    "ModelId": "41015",
                    "ModelIdNum": 41015,
                    "ObjectType": 0,
                    "XPos": 362,
                    "YPos": -39,
                    "ZPos": -482,
                    "XRotation": 0,
                    "YRotation": 0,
                    "ZRotation": 0
                },
                {
                    "ModelId": "41050",
                    "ModelIdNum": 41050,
                    "ObjectType": 0,
                    "XPos": 426,
                    "YPos": -141,
                    "ZPos": -472,
                    "XRotation": 0,
                    "YRotation": 0,
                    "ZRotation": 0
                },
                {
                    "ModelId": "41051",
                    "ModelIdNum": 41051,
                    "ObjectType": 0,
                    "XPos": -440,
                    "YPos": -36,
                    "ZPos": 497,
                    "XRotation": 0,
                    "YRotation": -1024,
                    "ZRotation": 0
                },
                {
                    "ModelId": "41007",
                    "ModelIdNum": 41007,
                    "ObjectType": 0,
                    "XPos": -144,
                    "YPos": -194,
                    "ZPos": 214,
                    "XRotation": 0,
                    "YRotation": -1536,
                    "ZRotation": 0
                },
                {
                    "ModelId": "41007",
                    "ModelIdNum": 41007,
                    "ObjectType": 0,
                    "XPos": -144,
                    "YPos": -194,
                    "ZPos": 170,
                    "XRotation": 0,
                    "YRotation": -1536,
                    "ZRotation": 0
                },
                {
                    "ModelId": "69427",
                    "ModelIdNum": 69427,
                    "ObjectType": 0,
                    "XPos": -248,
                    "YPos": -200,
                    "ZPos": 320,
                    "XRotation": -1536,
                    "YRotation": -1024,
                    "ZRotation": 0
                },
                {
                    "ModelId": "41035",
                    "ModelIdNum": 41035,
                    "ObjectType": 0,
                    "XPos": -495,
                    "YPos": -165,
                    "ZPos": 480,
                    "XRotation": 0,
                    "YRotation": -512,
                    "ZRotation": 0
                },
                {
                    "ModelId": "41020",
                    "ModelIdNum": 41020,
                    "ObjectType": 0,
                    "XPos": -492,
                    "YPos": -146,
                    "ZPos": 444,
                    "XRotation": 0,
                    "YRotation": -1536,
                    "ZRotation": 0
                },
                {
                    "ModelId": "41124",
                    "ModelIdNum": 41124,
                    "ObjectType": 0,
                    "XPos": -205,
                    "YPos": -33,
                    "ZPos": 489,
                    "XRotation": 0,
                    "YRotation": -1024,
                    "ZRotation": 0
                },
                {
                    "ModelId": "41037",
                    "ModelIdNum": 41037,
                    "ObjectType": 0,
                    "XPos": -6,
                    "YPos": -36,
                    "ZPos": 495,
                    "XRotation": 0,
                    "YRotation": -1024,
                    "ZRotation": 0
                },
                {
                    "ModelId": "41111",
                    "ModelIdNum": 41111,
                    "ObjectType": 0,
                    "XPos": -72,
                    "YPos": -16,
                    "ZPos": 480,
                    "XRotation": 0,
                    "YRotation": 0,
                    "ZRotation": 0
                },
                {
                    "ModelId": "79021",
                    "ModelIdNum": 79021,
                    "ObjectType": 0,
                    "XPos": -120,
                    "YPos": -200,
                    "ZPos": 444,
                    "XRotation": 0,
                    "YRotation": -512,
                    "ZRotation": 0
                },
                {
                    "ModelId": "41045",
                    "ModelIdNum": 41045,
                    "ObjectType": 0,
                    "XPos": 56,
                    "YPos": -167,
                    "ZPos": 130,
                    "XRotation": 0,
                    "YRotation": -1792,
                    "ZRotation": 0
                },
                {
                    "ModelId": "42558",
                    "ModelIdNum": 42558,
                    "ObjectType": 0,
                    "XPos": 192,
                    "YPos": -90,
                    "ZPos": 376,
                    "XScale": 0.6658598,
                    "YScale": 0.66586,
                    "ZScale": 0.6658598,
                    "XRotation": 0,
                    "YRotation": -1024,
                    "ZRotation": 0
                },
                {
                    "ModelId": "41014",
                    "ModelIdNum": 41014,
                    "ObjectType": 0,
                    "XPos": 180,
                    "YPos": -167,
                    "ZPos": 360,
                    "XRotation": 0,
                    "YRotation": 0,
                    "ZRotation": 0
                },
                {
                    "ModelId": "42508",
                    "ModelIdNum": 42508,
                    "ObjectType": 0,
                    "XPos": 504,
                    "YPos": -93,
                    "ZPos": -136,
                    "XScale": 0.5453838,
                    "YScale": 0.5453844,
                    "ZScale": 0.5453838,
                    "XRotation": 0,
                    "YRotation": -511,
                    "ZRotation": 0
                },
                {
                    "ModelId": "41100",
                    "ModelIdNum": 41100,
                    "ObjectType": 0,
                    "XPos": 212,
                    "YPos": -15,
                    "ZPos": -84,
                    "XRotation": 0,
                    "YRotation": 0,
                    "ZRotation": 0
                },
                {
                    "ModelId": "41822",
                    "ModelIdNum": 41822,
                    "ObjectType": 3,
                    "XPos": 450,
                    "YPos": 0,
                    "ZPos": -470,
                    "XRotation": 0,
                    "YRotation": -1798,
                    "ZRotation": 0
                },
                {
                    "ModelId": "41124",
                    "ModelIdNum": 41124,
                    "ObjectType": 0,
                    "XPos": 156,
                    "YPos": -162,
                    "ZPos": -58,
                    "XRotation": 0,
                    "YRotation": -512,
                    "ZRotation": 0
                },
                {
                    "ModelId": "41029",
                    "ModelIdNum": 41029,
                    "ObjectType": 0,
                    "XPos": 486,
                    "YPos": -166,
                    "ZPos": -66,
                    "XRotation": 0,
                    "YRotation": -1536,
                    "ZRotation": 0
                },
                {
                    "ModelId": "41105",
                    "ModelIdNum": 41105,
                    "ObjectType": 0,
                    "XPos": 320,
                    "YPos": -145,
                    "ZPos": -232,
                    "XRotation": 0,
                    "YRotation": 0,
                    "ZRotation": 0
                },
                {
                    "ModelId": "41817",
                    "ModelIdNum": 41817,
                    "ObjectType": 3,
                    "XPos": 473,
                    "YPos": 129,
                    "ZPos": -139,
                    "XRotation": 0,
                    "YRotation": -1531,
                    "ZRotation": 0
                },
                {
                    "ModelId": "41828",
                    "ModelIdNum": 41828,
                    "ObjectType": 0,
                    "XPos": 490,
                    "YPos": -139,
                    "ZPos": -170,
                    "XRotation": -1,
                    "YRotation": -2005,
                    "ZRotation": -2047
                },
                {
                    "ModelId": "45081",
                    "ModelIdNum": 45081,
                    "ObjectType": 0,
                    "XPos": -282,
                    "YPos": -60,
                    "ZPos": 490,
                    "XRotation": 0,
                    "YRotation": 0,
                    "ZRotation": -512
                },
                {
                    "ModelId": "45081",
                    "ModelIdNum": 45081,
                    "ObjectType": 0,
                    "XPos": -286,
                    "YPos": -54,
                    "ZPos": 490,
                    "XScale": 0.4999999,
                    "YScale": 0.8999999,
                    "XRotation": 0,
                    "YRotation": 0,
                    "ZRotation": -512
                },
                {
                    "ModelId": "41116",
                    "ModelIdNum": 41116,
                    "ObjectType": 3,
                    "XPos": -324,
                    "YPos": 10,
                    "ZPos": 500,
                    "YScale": 1.18403,
                    "ZScale": 1.24675,
                    "XRotation": 0,
                    "YRotation": -1024,
                    "ZRotation": 0
                },
                {
                    "ModelId": "45076",
                    "ModelIdNum": 45076,
                    "ObjectType": 0,
                    "XPos": -324,
                    "YPos": -15,
                    "ZPos": 498,
                    "XScale": 0.91785,
                    "ZScale": 0.31866,
                    "XRotation": 0,
                    "YRotation": -1024,
                    "ZRotation": 0
                },
                {
                    "ModelId": "45129",
                    "ModelIdNum": 45129,
                    "ObjectType": 0,
                    "XPos": -386,
                    "YPos": -2,
                    "ZPos": 493,
                    "YScale": 1.5,
                    "ZScale": 3.3429,
                    "XRotation": 0,
                    "YRotation": -1024,
                    "ZRotation": -512
                },
                {
                    "ModelId": "69465",
                    "ModelIdNum": 69465,
                    "ObjectType": 0,
                    "XPos": -324,
                    "YPos": 1,
                    "ZPos": 499,
                    "XScale": 0.3377,
                    "YScale": 0.62,
                    "ZScale": 0.8006094,
                    "XRotation": 0,
                    "YRotation": -511,
                    "ZRotation": 0
                },
                {
                    "ModelId": "45081",
                    "ModelIdNum": 45081,
                    "ObjectType": 0,
                    "XPos": -72,
                    "YPos": -56,
                    "ZPos": 284,
                    "XScale": 0.5000002,
                    "YScale": 0.8000008,
                    "ZScale": 0.5143206,
                    "XRotation": 0,
                    "YRotation": -774,
                    "ZRotation": -512
                },
                {
                    "ModelId": "41117",
                    "ModelIdNum": 41117,
                    "ObjectType": 3,
                    "XPos": -41,
                    "YPos": 8,
                    "ZPos": 299,
                    "ZScale": 0.6610699,
                    "XRotation": 0,
                    "YRotation": -1792,
                    "ZRotation": 0
                },
                {
                    "ModelId": "45076",
                    "ModelIdNum": 45076,
                    "ObjectType": 0,
                    "XPos": -38,
                    "YPos": -15,
                    "ZPos": 294,
                    "XScale": 1.03726,
                    "ZScale": 0.51239,
                    "XRotation": 0,
                    "YRotation": -773,
                    "ZRotation": 0
                },
                {
                    "ModelId": "45081",
                    "ModelIdNum": 45081,
                    "ObjectType": 0,
                    "XPos": -80,
                    "YPos": -61,
                    "ZPos": 276,
                    "YScale": 1.03,
                    "ZScale": 0.8466609,
                    "XRotation": 0,
                    "YRotation": -774,
                    "ZRotation": -512
                },
                {
                    "ModelId": "45129",
                    "ModelIdNum": 45129,
                    "ObjectType": 0,
                    "XPos": -110,
                    "YPos": -3,
                    "ZPos": 250,
                    "XScale": 1.2,
                    "YScale": 1.99,
                    "ZScale": 2.1026,
                    "XRotation": 0,
                    "YRotation": -768,
                    "ZRotation": -512
                },
                {
                    "ModelId": "69465",
                    "ModelIdNum": 69465,
                    "ObjectType": 0,
                    "XPos": -42,
                    "YPos": -2,
                    "ZPos": 298,
                    "XScale": 0.3,
                    "YScale": 0.6,
                    "ZScale": 0.9,
                    "XRotation": 0,
                    "YRotation": -256,
                    "ZRotation": 0
                },
                {
                    "ModelId": "45076",
                    "ModelIdNum": 45076,
                    "ObjectType": 0,
                    "XPos": 320,
                    "YPos": -14,
                    "ZPos": 320,
                    "XScale": 0.33981,
                    "ZScale": 1.00403,
                    "XRotation": 0,
                    "YRotation": -1792,
                    "ZRotation": 0
                },
                {
                    "ModelId": "45129",
                    "ModelIdNum": 45129,
                    "ObjectType": 0,
                    "XPos": 373,
                    "YPos": 2,
                    "ZPos": 249,
                    "XScale": 1.563,
                    "YScale": 1.83688,
                    "ZScale": 3.0,
                    "XRotation": 0,
                    "YRotation": -256,
                    "ZRotation": -512
                },
                {
                    "ModelId": "41117",
                    "ModelIdNum": 41117,
                    "ObjectType": 3,
                    "XPos": 320,
                    "YPos": 5,
                    "ZPos": 322,
                    "ZScale": 0.8991301,
                    "XRotation": 0,
                    "YRotation": -1279,
                    "ZRotation": 0
                },
                {
                    "ModelId": "45081",
                    "ModelIdNum": 45081,
                    "ObjectType": 0,
                    "XPos": 342,
                    "YPos": -59,
                    "ZPos": 282,
                    "YScale": 1.03,
                    "XRotation": 0,
                    "YRotation": -256,
                    "ZRotation": -512
                },
                {
                    "ModelId": "45081",
                    "ModelIdNum": 45081,
                    "ObjectType": 0,
                    "XPos": 335,
                    "YPos": -54,
                    "ZPos": 291,
                    "XScale": 0.4999999,
                    "YScale": 0.7999998,
                    "XRotation": 0,
                    "YRotation": -256,
                    "ZRotation": -512
                },
                {
                    "ModelId": "69465",
                    "ModelIdNum": 69465,
                    "ObjectType": 0,
                    "XPos": 320,
                    "YPos": 4,
                    "ZPos": 320,
                    "XScale": 0.35315,
                    "YScale": 0.62978,
                    "ZScale": 0.8999999,
                    "XRotation": 0,
                    "YRotation": -1792,
                    "ZRotation": 0
                },
                {
                    "ModelId": "41116",
                    "ModelIdNum": 41116,
                    "ObjectType": 3,
                    "XPos": 500,
                    "YPos": 8,
                    "ZPos": -388,
                    "YScale": 1.0573,
                    "ZScale": 1.03041,
                    "XRotation": 0,
                    "YRotation": -1536,
                    "ZRotation": 0
                },
                {
                    "ModelId": "45076",
                    "ModelIdNum": 45076,
                    "ObjectType": 0,
                    "XPos": 512,
                    "YPos": -14,
                    "ZPos": -388,
                    "XScale": 0.74648,
                    "XRotation": 0,
                    "YRotation": 0,
                    "ZRotation": 0
                },
                {
                    "ModelId": "45081",
                    "ModelIdNum": 45081,
                    "ObjectType": 0,
                    "XPos": 490,
                    "YPos": -56,
                    "ZPos": -431,
                    "XRotation": 0,
                    "YRotation": -510,
                    "ZRotation": -510
                },
                {
                    "ModelId": "45081",
                    "ModelIdNum": 45081,
                    "ObjectType": 0,
                    "XPos": 492,
                    "YPos": -49,
                    "ZPos": -427,
                    "XScale": 0.5,
                    "YScale": 0.9,
                    "XRotation": 0,
                    "YRotation": -512,
                    "ZRotation": -511
                },
                {
                    "ModelId": "45129",
                    "ModelIdNum": 45129,
                    "ObjectType": 0,
                    "XPos": 496,
                    "YPos": -4,
                    "ZPos": -452,
                    "YScale": 1.5,
                    "ZScale": 3.0,
                    "XRotation": 0,
                    "YRotation": -511,
                    "ZRotation": -512
                },
                {
                    "ModelId": "69465",
                    "ModelIdNum": 69465,
                    "ObjectType": 0,
                    "XPos": 504,
                    "YPos": 13,
                    "ZPos": -388,
                    "XScale": 0.42474,
                    "YScale": 0.68878,
                    "ZScale": 0.86648,
                    "XRotation": 0,
                    "YRotation": 0,
                    "ZRotation": 0
                },
                {
                    "ModelId": "42079",
                    "ModelIdNum": 42079,
                    "ObjectType": 0,
                    "XPos": -468,
                    "YPos": -139,
                    "ZPos": 314,
                    "XRotation": 0,
                    "YRotation": 0,
                    "ZRotation": 0
                },
                {
                    "ModelId": "42083",
                    "ModelIdNum": 42083,
                    "ObjectType": 0,
                    "XPos": 176,
                    "YPos": -171,
                    "ZPos": 66,
                    "XRotation": 0,
                    "YRotation": -1536,
                    "ZRotation": 0
                },
                {
                    "ModelId": "42084",
                    "ModelIdNum": 42084,
                    "ObjectType": 0,
                    "XPos": 374,
                    "YPos": -140,
                    "ZPos": -454,
                    "XRotation": 0,
                    "YRotation": -1536,
                    "ZRotation": 0
                },
                {
                    "ModelId": "74802",
                    "ModelIdNum": 74802,
                    "ObjectType": 0,
                    "XPos": 390,
                    "YPos": -126,
                    "ZPos": -438,
                    "XRotation": -1536,
                    "YRotation": 0,
                    "ZRotation": 0
                },
                {
                    "ModelId": "41810",
                    "ModelIdNum": 41810,
                    "ObjectType": 0,
                    "XPos": 502,
                    "YPos": -192,
                    "ZPos": -374,
                    "XRotation": 0,
                    "YRotation": -1536,
                    "ZRotation": 0
                },
                {
                    "ModelId": "41810",
                    "ModelIdNum": 41810,
                    "ObjectType": 3,
                    "XPos": 502,
                    "YPos": 174,
                    "ZPos": -420,
                    "XRotation": 0,
                    "YRotation": -1536,
                    "ZRotation": 0
                },
                {
                    "ModelId": "41018",
                    "ModelIdNum": 41018,
                    "ObjectType": 0,
                    "XPos": 282,
                    "YPos": -167,
                    "ZPos": -452,
                    "XRotation": 0,
                    "YRotation": -512,
                    "ZRotation": 0
                },
                {
                    "ModelId": "69466",
                    "ModelIdNum": 69466,
                    "ObjectType": 0,
                    "XPos": 342,
                    "YPos": -154,
                    "ZPos": -284,
                    "XRotation": -499,
                    "YRotation": -237,
                    "ZRotation": -858
                },
                {
                    "ModelId": "658",
                    "ModelIdNum": 658,
                    "ObjectType": 0,
                    "XPos": 4,
                    "YPos": 6,
                    "ZPos": -4,
                    "XRotation": 0,
                    "YRotation": 0,
                    "ZRotation": 0
                }
            ],
            "BlockFlatObjectRecords": [
                {
                    "Position": 0,
                    "XPos": 72,
                    "YPos": -178,
                    "ZPos": 456,
                    "TextureArchive": 210,
                    "TextureRecord": 26,
                    "FactionID": 18448,
                    "Flags": 17
                },
                {
                    "Position": 0,
                    "XPos": 56,
                    "YPos": -178,
                    "ZPos": 336,
                    "TextureArchive": 210,
                    "TextureRecord": 26,
                    "FactionID": 18448,
                    "Flags": 17
                },
                {
                    "Position": 0,
                    "XPos": -320,
                    "YPos": -178,
                    "ZPos": 344,
                    "TextureArchive": 210,
                    "TextureRecord": 26,
                    "FactionID": 18448,
                    "Flags": 17
                },
                {
                    "Position": 0,
                    "XPos": 472,
                    "YPos": -178,
                    "ZPos": 64,
                    "TextureArchive": 210,
                    "TextureRecord": 26,
                    "FactionID": 18448,
                    "Flags": 17
                },
                {
                    "Position": 0,
                    "XPos": -322,
                    "YPos": -90,
                    "ZPos": 446,
                    "TextureArchive": 210,
                    "TextureRecord": 27,
                    "FactionID": 18448,
                    "Flags": 17
                },
                {
                    "Position": 0,
                    "XPos": -126,
                    "YPos": -90,
                    "ZPos": 444,
                    "TextureArchive": 210,
                    "TextureRecord": 27,
                    "FactionID": 18448,
                    "Flags": 17
                },
                {
                    "Position": 0,
                    "XPos": 194,
                    "YPos": -90,
                    "ZPos": 192,
                    "TextureArchive": 210,
                    "TextureRecord": 27,
                    "FactionID": 18448,
                    "Flags": 17
                },
                {
                    "Position": 0,
                    "XPos": 384,
                    "YPos": -89,
                    "ZPos": -322,
                    "TextureArchive": 210,
                    "TextureRecord": 27,
                    "FactionID": 18448,
                    "Flags": 17
                },
                {
                    "Position": 0,
                    "XPos": 320,
                    "YPos": -89,
                    "ZPos": -64,
                    "TextureArchive": 210,
                    "TextureRecord": 27,
                    "FactionID": 18448,
                    "Flags": 17
                },
                {
                    "Position": 0,
                    "XPos": 390,
                    "YPos": -219,
                    "ZPos": -380,
                    "TextureArchive": 210,
                    "TextureRecord": 27,
                    "FactionID": 18448,
                    "Flags": 17
                },
                {
                    "Position": 0,
                    "XPos": 320,
                    "YPos": -219,
                    "ZPos": -128,
                    "TextureArchive": 210,
                    "TextureRecord": 27,
                    "FactionID": 18448,
                    "Flags": 17
                },
                {
                    "Position": 0,
                    "XPos": 256,
                    "YPos": -218,
                    "ZPos": 190,
                    "TextureArchive": 210,
                    "TextureRecord": 27,
                    "FactionID": 18448,
                    "Flags": 17
                },
                {
                    "Position": 0,
                    "XPos": -60,
                    "YPos": -220,
                    "ZPos": 194,
                    "TextureArchive": 210,
                    "TextureRecord": 27,
                    "FactionID": 18448,
                    "Flags": 17
                },
                {
                    "Position": 0,
                    "XPos": -192,
                    "YPos": -219,
                    "ZPos": 386,
                    "TextureArchive": 210,
                    "TextureRecord": 27,
                    "FactionID": 14352,
                    "Flags": 17
                },
                {
                    "Position": 0,
                    "XPos": -446,
                    "YPos": -219,
                    "ZPos": 382,
                    "TextureArchive": 210,
                    "TextureRecord": 27,
                    "FactionID": 14352,
                    "Flags": 17
                },
                {
                    "Position": 0,
                    "XPos": -448,
                    "YPos": 0,
                    "ZPos": 384,
                    "TextureArchive": 199,
                    "TextureRecord": 20,
                    "FactionID": 0,
                    "Flags": 17
                },
                {
                    "Position": 0,
                    "XPos": -440,
                    "YPos": -129,
                    "ZPos": 408,
                    "TextureArchive": 199,
                    "TextureRecord": 20,
                    "FactionID": 0,
                    "Flags": 17
                },
                {
                    "Position": 0,
                    "XPos": -200,
                    "YPos": -129,
                    "ZPos": 440,
                    "TextureArchive": 199,
                    "TextureRecord": 20,
                    "FactionID": 0,
                    "Flags": 17
                },
                {
                    "Position": 0,
                    "XPos": -64,
                    "YPos": 0,
                    "ZPos": 384,
                    "TextureArchive": 199,
                    "TextureRecord": 20,
                    "FactionID": 0,
                    "Flags": 17
                },
                {
                    "Position": 0,
                    "XPos": 330,
                    "YPos": -129,
                    "ZPos": 270,
                    "TextureArchive": 199,
                    "TextureRecord": 20,
                    "FactionID": 0,
                    "Flags": 17
                },
                {
                    "Position": 0,
                    "XPos": 256,
                    "YPos": 0,
                    "ZPos": 200,
                    "TextureArchive": 199,
                    "TextureRecord": 20,
                    "FactionID": 0,
                    "Flags": 17
                },
                {
                    "Position": 0,
                    "XPos": 112,
                    "YPos": 0,
                    "ZPos": 72,
                    "TextureArchive": 199,
                    "TextureRecord": 20,
                    "FactionID": 0,
                    "Flags": 17
                },
                {
                    "Position": 0,
                    "XPos": 156,
                    "YPos": 0,
                    "ZPos": -90,
                    "TextureArchive": 199,
                    "TextureRecord": 20,
                    "FactionID": 0,
                    "Flags": 17
                },
                {
                    "Position": 0,
                    "XPos": 392,
                    "YPos": 0,
                    "ZPos": -176,
                    "TextureArchive": 199,
                    "TextureRecord": 20,
                    "FactionID": 0,
                    "Flags": 17
                },
                {
                    "Position": 0,
                    "XPos": 416,
                    "YPos": 0,
                    "ZPos": -416,
                    "TextureArchive": 199,
                    "TextureRecord": 20,
                    "FactionID": 0,
                    "Flags": 17
                },
                {
                    "Position": 0,
                    "XPos": 292,
                    "YPos": -129,
                    "ZPos": -56,
                    "TextureArchive": 199,
                    "TextureRecord": 20,
                    "FactionID": 0,
                    "Flags": 17
                },
                {
                    "Position": 0,
                    "XPos": 320,
                    "YPos": 0,
                    "ZPos": -320,
                    "TextureArchive": 199,
                    "TextureRecord": 8,
                    "FactionID": 0,
                    "Flags": 0
                },
                {
                    "Position": 0,
                    "XPos": 64,
                    "YPos": 0,
                    "ZPos": 64,
                    "TextureArchive": 199,
                    "TextureRecord": 8,
                    "FactionID": 0,
                    "Flags": 0
                },
                {
                    "Position": 0,
                    "XPos": -192,
                    "YPos": 0,
                    "ZPos": 192,
                    "TextureArchive": 199,
                    "TextureRecord": 8,
                    "FactionID": 0,
                    "Flags": 0
                },
                {
                    "Position": 0,
                    "XPos": -448,
                    "YPos": 0,
                    "ZPos": 320,
                    "TextureArchive": 199,
                    "TextureRecord": 8,
                    "FactionID": 0,
                    "Flags": 0
                },
                {
                    "Position": 0,
                    "XPos": -150,
                    "YPos": -130,
                    "ZPos": 472,
                    "TextureArchive": 205,
                    "TextureRecord": 0,
                    "FactionID": 0,
                    "Flags": 0
                },
                {
                    "Position": 0,
                    "XPos": -174,
                    "YPos": -130,
                    "ZPos": 490,
                    "TextureArchive": 205,
                    "TextureRecord": 0,
                    "FactionID": 0,
                    "Flags": 0
                },
                {
                    "Position": 0,
                    "XPos": -168,
                    "YPos": -130,
                    "ZPos": 482,
                    "TextureArchive": 205,
                    "TextureRecord": 20,
                    "FactionID": 0,
                    "Flags": 0
                },
                {
                    "Position": 0,
                    "XPos": 188,
                    "YPos": -33,
                    "ZPos": 116,
                    "TextureArchive": 213,
                    "TextureRecord": 3,
                    "FactionID": 0,
                    "Flags": 0
                },
                {
                    "Position": 0,
                    "XPos": -472,
                    "YPos": 0,
                    "ZPos": 496,
                    "TextureArchive": 205,
                    "TextureRecord": 41,
                    "FactionID": 0,
                    "Flags": 0
                },
                {
                    "Position": 0,
                    "XPos": -190,
                    "YPos": -73,
                    "ZPos": 384,
                    "TextureArchive": 213,
                    "TextureRecord": 13,
                    "FactionID": 0,
                    "Flags": 0
                },
                {
                    "Position": 0,
                    "XPos": -86,
                    "YPos": -27,
                    "ZPos": 478,
                    "TextureArchive": 10021,
                    "TextureRecord": 8,
                    "FactionID": 0,
                    "Flags": 0
                },
                {
                    "Position": 0,
                    "XPos": -56,
                    "YPos": -27,
                    "ZPos": 484,
                    "TextureArchive": 10021,
                    "TextureRecord": 17,
                    "FactionID": 0,
                    "Flags": 0
                },
                {
                    "Position": 0,
                    "XPos": -74,
                    "YPos": -27,
                    "ZPos": 490,
                    "TextureArchive": 56790,
                    "TextureRecord": 3,
                    "FactionID": 0,
                    "Flags": 0
                },
                {
                    "Position": 0,
                    "XPos": 336,
                    "YPos": -162,
                    "ZPos": 216,
                    "TextureArchive": 209,
                    "TextureRecord": 1,
                    "FactionID": 0,
                    "Flags": 0
                },
                {
                    "Position": 0,
                    "XPos": 328,
                    "YPos": -162,
                    "ZPos": 184,
                    "TextureArchive": 208,
                    "TextureRecord": 1,
                    "FactionID": 0,
                    "Flags": 0
                },
                {
                    "Position": 0,
                    "XPos": 244,
                    "YPos": -1,
                    "ZPos": -40,
                    "TextureArchive": 205,
                    "TextureRecord": 29,
                    "FactionID": 0,
                    "Flags": 0
                },
                {
                    "Position": 0,
                    "XPos": 208,
                    "YPos": -31,
                    "ZPos": -38,
                    "TextureArchive": 1210,
                    "TextureRecord": 10,
                    "FactionID": 0,
                    "Flags": 0
                },
                {
                    "Position": 0,
                    "XPos": 194,
                    "YPos": -31,
                    "ZPos": -46,
                    "TextureArchive": 214,
                    "TextureRecord": 2,
                    "FactionID": 0,
                    "Flags": 0
                },
                {
                    "Position": 0,
                    "XPos": 172,
                    "YPos": -31,
                    "ZPos": -34,
                    "TextureArchive": 204,
                    "TextureRecord": 4,
                    "FactionID": 0,
                    "Flags": 0
                },
                {
                    "Position": 0,
                    "XPos": -188,
                    "YPos": -1,
                    "ZPos": 436,
                    "TextureArchive": 1302,
                    "TextureRecord": 1,
                    "FactionID": 0,
                    "Flags": 0
                },
                {
                    "Position": 0,
                    "XPos": 432,
                    "YPos": -154,
                    "ZPos": -472,
                    "TextureArchive": 56790,
                    "TextureRecord": 19,
                    "FactionID": 0,
                    "Flags": 0
                },
                {
                    "Position": 0,
                    "XPos": 418,
                    "YPos": -154,
                    "ZPos": -476,
                    "TextureArchive": 56790,
                    "TextureRecord": 25,
                    "FactionID": 0,
                    "Flags": 0
                },
                {
                    "Position": 0,
                    "XPos": -76,
                    "YPos": -130,
                    "ZPos": 382,
                    "TextureArchive": 199,
                    "TextureRecord": 4,
                    "FactionID": 0,
                    "Flags": 0
                },
                {
                    "Position": 0,
                    "XPos": 340,
                    "YPos": -130,
                    "ZPos": -50,
                    "TextureArchive": 199,
                    "TextureRecord": 11,
                    "FactionID": 0,
                    "Flags": 0
                },
                {
                    "Position": 0,
                    "XPos": 180,
                    "YPos": -1,
                    "ZPos": 248,
                    "TextureArchive": 199,
                    "TextureRecord": 18,
                    "FactionID": 0,
                    "Flags": 0
                }
            ],
            "BlockSection3Records": [
                {
                    "XPos": 320,
                    "YPos": 0,
                    "ZPos": -448
                },
                {
                    "XPos": 448,
                    "YPos": 0,
                    "ZPos": -448
                },
                {
                    "XPos": 448,
                    "YPos": 0,
                    "ZPos": -320
                },
                {
                    "XPos": 448,
                    "YPos": 0,
                    "ZPos": -192
                },
                {
                    "XPos": 320,
                    "YPos": 0,
                    "ZPos": -192
                },
                {
                    "XPos": 192,
                    "YPos": 0,
                    "ZPos": -192
                },
                {
                    "XPos": 192,
                    "YPos": 0,
                    "ZPos": -64
                },
                {
                    "XPos": 320,
                    "YPos": 0,
                    "ZPos": -64
                },
                {
                    "XPos": 320,
                    "YPos": 0,
                    "ZPos": 64
                },
                {
                    "XPos": 448,
                    "YPos": 0,
                    "ZPos": 64
                },
                {
                    "XPos": 448,
                    "YPos": 0,
                    "ZPos": -64
                },
                {
                    "XPos": 448,
                    "YPos": 0,
                    "ZPos": 192
                },
                {
                    "XPos": 320,
                    "YPos": 0,
                    "ZPos": 192
                },
                {
                    "XPos": 192,
                    "YPos": 0,
                    "ZPos": 64
                },
                {
                    "XPos": -64,
                    "YPos": 0,
                    "ZPos": 64
                },
                {
                    "XPos": -64,
                    "YPos": 0,
                    "ZPos": 192
                },
                {
                    "XPos": 64,
                    "YPos": 0,
                    "ZPos": 192
                },
                {
                    "XPos": 192,
                    "YPos": 0,
                    "ZPos": 192
                },
                {
                    "XPos": 192,
                    "YPos": 0,
                    "ZPos": 320
                },
                {
                    "XPos": 64,
                    "YPos": 0,
                    "ZPos": 320
                },
                {
                    "XPos": -64,
                    "YPos": 0,
                    "ZPos": 320
                },
                {
                    "XPos": -192,
                    "YPos": 0,
                    "ZPos": 320
                },
                {
                    "XPos": -192,
                    "YPos": 0,
                    "ZPos": 448
                },
                {
                    "XPos": -64,
                    "YPos": 0,
                    "ZPos": 448
                },
                {
                    "XPos": 64,
                    "YPos": 0,
                    "ZPos": 448
                },
                {
                    "XPos": -320,
                    "YPos": 0,
                    "ZPos": 448
                },
                {
                    "XPos": -320,
                    "YPos": 0,
                    "ZPos": 320
                },
                {
                    "XPos": -448,
                    "YPos": 0,
                    "ZPos": 448
                },
                {
                    "XPos": -448,
                    "YPos": -129,
                    "ZPos": 320
                },
                {
                    "XPos": -448,
                    "YPos": -129,
                    "ZPos": 448
                },
                {
                    "XPos": -320,
                    "YPos": -129,
                    "ZPos": 448
                },
                {
                    "XPos": -192,
                    "YPos": -129,
                    "ZPos": 448
                },
                {
                    "XPos": -192,
                    "YPos": -129,
                    "ZPos": 320
                },
                {
                    "XPos": -320,
                    "YPos": -129,
                    "ZPos": 320
                },
                {
                    "XPos": -320,
                    "YPos": -129,
                    "ZPos": 192
                },
                {
                    "XPos": -192,
                    "YPos": -129,
                    "ZPos": 192
                },
                {
                    "XPos": -64,
                    "YPos": -129,
                    "ZPos": 192
                },
                {
                    "XPos": -64,
                    "YPos": -129,
                    "ZPos": 320
                },
                {
                    "XPos": -64,
                    "YPos": -129,
                    "ZPos": 448
                },
                {
                    "XPos": 64,
                    "YPos": -129,
                    "ZPos": 320
                },
                {
                    "XPos": 64,
                    "YPos": -129,
                    "ZPos": 192
                },
                {
                    "XPos": 192,
                    "YPos": -129,
                    "ZPos": 192
                },
                {
                    "XPos": 192,
                    "YPos": -129,
                    "ZPos": 320
                },
                {
                    "XPos": 64,
                    "YPos": -129,
                    "ZPos": 448
                },
                {
                    "XPos": 64,
                    "YPos": -129,
                    "ZPos": 64
                },
                {
                    "XPos": 192,
                    "YPos": -129,
                    "ZPos": 64
                },
                {
                    "XPos": 320,
                    "YPos": -129,
                    "ZPos": 64
                },
                {
                    "XPos": 320,
                    "YPos": -129,
                    "ZPos": 192
                },
                {
                    "XPos": 320,
                    "YPos": -129,
                    "ZPos": -64
                },
                {
                    "XPos": 320,
                    "YPos": -129,
                    "ZPos": -192
                },
                {
                    "XPos": 320,
                    "YPos": -129,
                    "ZPos": 320
                },
                {
                    "XPos": 448,
                    "YPos": -129,
                    "ZPos": -64
                },
                {
                    "XPos": 448,
                    "YPos": -129,
                    "ZPos": -192
                },
                {
                    "XPos": 448,
                    "YPos": -129,
                    "ZPos": -320
                },
                {
                    "XPos": 320,
                    "YPos": -129,
                    "ZPos": -320
                },
                {
                    "XPos": 192,
                    "YPos": -129,
                    "ZPos": -64
                },
                {
                    "XPos": 192,
                    "YPos": -129,
                    "ZPos": -192
                },
                {
                    "XPos": 320,
                    "YPos": -129,
                    "ZPos": -448
                },
                {
                    "XPos": 448,
                    "YPos": -129,
                    "ZPos": -448
                },
                {
                    "XPos": 448,
                    "YPos": -129,
                    "ZPos": 64
                }
            ],
            "BlockPeopleRecords": [
                {
                    "Position": 5003,
                    "XPos": 214,
                    "YPos": -131,
                    "ZPos": 274,
                    "TextureArchive": 184,
                    "TextureRecord": 26,
                    "FactionID": 0,
                    "Flags": 33
                },
                {
                    "Position": 5004,
                    "XPos": 284,
                    "YPos": -2,
                    "ZPos": -94,
                    "TextureArchive": 184,
                    "TextureRecord": 18,
                    "FactionID": 0,
                    "Flags": 33
                },
                {
                    "Position": 5005,
                    "XPos": -396,
                    "YPos": -131,
                    "ZPos": 460,
                    "TextureArchive": 182,
                    "TextureRecord": 12,
                    "FactionID": 0,
                    "Flags": 33
                },
                {
                    "Position": 5006,
                    "XPos": 260,
                    "YPos": -131,
                    "ZPos": -186,
                    "TextureArchive": 182,
                    "TextureRecord": 25,
                    "FactionID": 0,
                    "Flags": 0
                }
            ],
            "BlockDoorRecords": [
                {
                    "Position": 0,
                    "XPos": 425,
                    "YPos": -174,
                    "ZPos": -252,
                    "YRotation": 0,
                    "OpenRotation": 90,
                    "DoorModelIndex": 0
                }
            ]
        }
    },
    "AutoMapData": null
}