{
    "FactionId": 0,
    "BuildingType": 18,
    "Quality": 5,
    "NameSeed": 0,
    "RmbSubRecord": {
        "XPos": 704,
        "ZPos": 2944,
        "YRotation": 0,
        "Exterior": {
            "Header": {
                "Num3dObjectRecords": 1,
                "NumFlatObjectRecords": 0,
                "NumSection3Records": 0,
                "NumPeopleRecords": 0,
                "NumDoorRecords": 0
            },
            "Block3dObjectRecords": [
                {
                    "ModelId": "161",
                    "ModelIdNum": 161,
                    "ObjectType": 4,
                    "XPos": 0,
                    "YPos": 0,
                    "ZPos": 0,
                    "XRotation": 0,
                    "YRotation": 0,
                    "ZRotation": 0
                },
                {
                    "ModelId": "45084",
                    "ModelIdNum": 45084,
                    "ObjectType": 4,
                    "XPos": -64,
                    "YPos": -20,
                    "ZPos": -96,
                    "XRotation": 0,
                    "YRotation": 0,
                    "ZRotation": 0
                },
                {
                    "ModelId": "45084",
                    "ModelIdNum": 45084,
                    "ObjectType": 4,
                    "XPos": -64,
                    "YPos": -20,
                    "ZPos": -32,
                    "XRotation": 0,
                    "YRotation": 0,
                    "ZRotation": 0
                }
            ],
            "BlockFlatObjectRecords": [],
            "BlockSection3Records": [],
            "BlockPeopleRecords": [],
            "BlockDoorRecords": []
        },
        "Interior": {
            "Header": {
                "Num3dObjectRecords": 14,
                "NumFlatObjectRecords": 8,
                "NumSection3Records": 5,
                "NumPeopleRecords": 1,
                "NumDoorRecords": 3
            },
            "Block3dObjectRecords": [
                {
                    "ModelId": "31014",
                    "ModelIdNum": 31014,
                    "ObjectType": 13,
                    "XPos": -128,
                    "YPos": -63,
                    "ZPos": 64,
                    "XRotation": 0,
                    "YRotation": -512,
                    "ZRotation": 0
                },
                {
                    "ModelId": "31004",
                    "ModelIdNum": 31004,
                    "ObjectType": 13,
                    "XPos": -125,
                    "YPos": -63,
                    "ZPos": 189,
                    "XRotation": 0,
                    "YRotation": -512,
                    "ZRotation": 0
                },
                {
                    "ModelId": "31005",
                    "ModelIdNum": 31005,
                    "ObjectType": 13,
                    "XPos": 0,
                    "YPos": -63,
                    "ZPos": 192,
                    "XRotation": 0,
                    "YRotation": -1536,
                    "ZRotation": 0
                },
                {
                    "ModelId": "8000",
                    "ModelIdNum": 8000,
                    "ObjectType": 13,
                    "XPos": 125,
                    "YPos": -63,
                    "ZPos": 192,
                    "XRotation": 0,
                    "YRotation": -1536,
                    "ZRotation": 0
                },
                {
                    "ModelId": "41112",
                    "ModelIdNum": 41112,
                    "ObjectType": 3,
                    "XPos": -24,
                    "YPos": 1,
                    "ZPos": 224,
                    "XRotation": 0,
                    "YRotation": -1024,
                    "ZRotation": 0
                },
                {
                    "ModelId": "41113",
                    "ModelIdNum": 41113,
                    "ObjectType": 3,
                    "XPos": -72,
                    "YPos": 1,
                    "ZPos": 224,
                    "XRotation": 0,
                    "YRotation": -1854,
                    "ZRotation": 0
                },
                {
                    "ModelId": "41113",
                    "ModelIdNum": 41113,
                    "ObjectType": 3,
                    "XPos": -8,
                    "YPos": 1,
                    "ZPos": 192,
                    "XRotation": 0,
                    "YRotation": -1854,
                    "ZRotation": 0
                },
                {
                    "ModelId": "41113",
                    "ModelIdNum": 41113,
                    "ObjectType": 3,
                    "XPos": -40,
                    "YPos": 1,
                    "ZPos": 192,
                    "XRotation": 0,
                    "YRotation": -62,
                    "ZRotation": 0
                },
                {
                    "ModelId": "41113",
                    "ModelIdNum": 41113,
                    "ObjectType": 3,
                    "XPos": 39,
                    "YPos": 1,
                    "ZPos": 227,
                    "XRotation": 0,
                    "YRotation": -1854,
                    "ZRotation": 0
                },
                {
                    "ModelId": "41105",
                    "ModelIdNum": 41105,
                    "ObjectType": 3,
                    "XPos": -174,
                    "YPos": 3,
                    "ZPos": -136,
                    "XRotation": 0,
                    "YRotation": -1536,
                    "ZRotation": 0
                },
                {
                    "ModelId": "41822",
                    "ModelIdNum": 41822,
                    "ObjectType": 3,
                    "XPos": 162,
                    "YPos": 0,
                    "ZPos": 192,
                    "XRotation": 0,
                    "YRotation": -1024,
                    "ZRotation": 0
                },
                {
                    "ModelId": "3018",
                    "ModelIdNum": 3018,
                    "ObjectType": 13,
                    "XPos": -70,
                    "YPos": -64,
                    "ZPos": -64,
                    "XRotation": 0,
                    "YRotation": 0,
                    "ZRotation": 0
                },
                {
                    "ModelId": "3000",
                    "ModelIdNum": 3000,
                    "ObjectType": 13,
                    "XPos": -128,
                    "YPos": -64,
                    "ZPos": -3,
                    "XRotation": 0,
                    "YRotation": -1536,
                    "ZRotation": 0
                },
                {
                    "ModelId": "1001",
                    "ModelIdNum": 1001,
                    "ObjectType": 13,
                    "XPos": -130,
                    "YPos": -2,
                    "ZPos": -125,
                    "XRotation": 0,
                    "YRotation": 0,
                    "ZRotation": 0
                },
                {
                    "ModelId": "3004",
                    "ModelIdNum": 3004,
                    "ObjectType": 13,
                    "XPos": -70,
                    "YPos": -64,
                    "ZPos": -180,
                    "XRotation": 0,
                    "YRotation": 0,
                    "ZRotation": 0
                },
                {
                    "ModelId": "3004",
                    "ModelIdNum": 3004,
                    "ObjectType": 13,
                    "XPos": -128,
                    "YPos": -64,
                    "ZPos": -238,
                    "XRotation": 0,
                    "YRotation": -512,
                    "ZRotation": 0
                },
                {
                    "ModelId": "3005",
                    "ModelIdNum": 3005,
                    "ObjectType": 13,
                    "XPos": -186,
                    "YPos": -64,
                    "ZPos": -128,
                    "XRotation": 0,
                    "YRotation": -1024,
                    "ZRotation": 0
                },
                {
                    "ModelId": "2001",
                    "ModelIdNum": 2001,
                    "ObjectType": 13,
                    "XPos": -128,
                    "YPos": -128,
                    "ZPos": -115,
                    "XRotation": 0,
                    "YRotation": 0,
                    "ZRotation": 0
                },
                {
                    "ModelId": "69427",
                    "ModelIdNum": 69427,
                    "ObjectType": 0,
                    "XPos": -34,
                    "YPos": -68,
                    "ZPos": 136,
                    "XRotation": -1536,
                    "YRotation": -511,
                    "ZRotation": 0
                },
                {
                    "ModelId": "45081",
                    "ModelIdNum": 45081,
                    "ObjectType": 0,
                    "XPos": -137,
                    "YPos": -56,
                    "ZPos": -216,
                    "XScale": 0.5000001,
                    "YScale": 0.8000001,
                    "ZScale": 0.4471601,
                    "XRotation": 0,
                    "YRotation": -774,
                    "ZRotation": -512
                },
                {
                    "ModelId": "41117",
                    "ModelIdNum": 41117,
                    "ObjectType": 3,
                    "XPos": -106,
                    "YPos": 8,
                    "ZPos": -201,
                    "ZScale": 0.6410899,
                    "XRotation": 0,
                    "YRotation": -1792,
                    "ZRotation": 0
                },
                {
                    "ModelId": "45076",
                    "ModelIdNum": 45076,
                    "ObjectType": 0,
                    "XPos": -102,
                    "YPos": -15,
                    "ZPos": -206,
                    "ZScale": 0.4771499,
                    "XRotation": 0,
                    "YRotation": -779,
                    "ZRotation": 0
                },
                {
                    "ModelId": "45081",
                    "ModelIdNum": 45081,
                    "ObjectType": 0,
                    "XPos": -145,
                    "YPos": -61,
                    "ZPos": -224,
                    "YScale": 1.03,
                    "ZScale": 0.7304502,
                    "XRotation": 0,
                    "YRotation": -774,
                    "ZRotation": -512
                },
                {
                    "ModelId": "45129",
                    "ModelIdNum": 45129,
                    "ObjectType": 0,
                    "XPos": -164,
                    "YPos": -3,
                    "ZPos": -244,
                    "XScale": 1.2,
                    "YScale": 1.99,
                    "ZScale": 2.1026,
                    "XRotation": 0,
                    "YRotation": -768,
                    "ZRotation": -512
                },
                {
                    "ModelId": "69465",
                    "ModelIdNum": 69465,
                    "ObjectType": 0,
                    "XPos": -106,
                    "YPos": -2,
                    "ZPos": -202,
                    "XScale": 0.3,
                    "YScale": 0.6,
                    "ZScale": 0.8999999,
                    "XRotation": 0,
                    "YRotation": -256,
                    "ZRotation": 0
                },
                {
                    "ModelId": "45076",
                    "ModelIdNum": 45076,
                    "ObjectType": 0,
                    "XPos": -155,
                    "YPos": -12,
                    "ZPos": 218,
                    "XScale": 0.49782,
                    "XRotation": 0,
                    "YRotation": -259,
                    "ZRotation": 0
                },
                {
                    "ModelId": "45081",
                    "ModelIdNum": 45081,
                    "ObjectType": 0,
                    "XPos": -175,
                    "YPos": -54,
                    "ZPos": 178,
                    "ZScale": 0.67787,
                    "XRotation": 0,
                    "YRotation": -769,
                    "ZRotation": -509
                },
                {
                    "ModelId": "45081",
                    "ModelIdNum": 45081,
                    "ObjectType": 0,
                    "XPos": -173,
                    "YPos": -48,
                    "ZPos": 182,
                    "XScale": 0.5,
                    "YScale": 0.9000001,
                    "ZScale": 0.67787,
                    "XRotation": 0,
                    "YRotation": -771,
                    "ZRotation": -510
                },
                {
                    "ModelId": "45129",
                    "ModelIdNum": 45129,
                    "ObjectType": 0,
                    "XPos": -215,
                    "YPos": -2,
                    "ZPos": 140,
                    "XScale": 1.09553,
                    "YScale": 2.20792,
                    "ZScale": 3.0,
                    "XRotation": 0,
                    "YRotation": -770,
                    "ZRotation": -512
                },
                {
                    "ModelId": "69465",
                    "ModelIdNum": 69465,
                    "ObjectType": 0,
                    "XPos": -151,
                    "YPos": 17,
                    "ZPos": 214,
                    "XScale": 0.27487,
                    "YScale": 0.68878,
                    "ZScale": 0.85435,
                    "XRotation": 0,
                    "YRotation": -256,
                    "ZRotation": 0
                },
                {
                    "ModelId": "41116",
                    "ModelIdNum": 41116,
                    "ObjectType": 0,
                    "XPos": -151,
                    "YPos": -30,
                    "ZPos": 213,
                    "ZScale": 0.8628901,
                    "XRotation": 0,
                    "YRotation": -768,
                    "ZRotation": 0
                },
                {
                    "ModelId": "41039",
                    "ModelIdNum": 41039,
                    "ObjectType": 0,
                    "XPos": -180,
                    "YPos": -39,
                    "ZPos": -62,
                    "XRotation": 0,
                    "YRotation": -512,
                    "ZRotation": 0
                },
                {
                    "ModelId": "161",
                    "ModelIdNum": 161,
                    "ObjectType": 0,
                    "XPos": 0,
                    "YPos": 0,
                    "ZPos": 0,
                    "XRotation": 0,
                    "YRotation": 0,
                    "ZRotation": 0
                }
            ],
            "BlockFlatObjectRecords": [
                {
                    "Position": 0,
                    "XPos": -130,
                    "YPos": -77,
                    "ZPos": -121,
                    "TextureArchive": 210,
                    "TextureRecord": 22,
                    "FactionID": -32752,
                    "Flags": 17
                },
                {
                    "Position": 0,
                    "XPos": -66,
                    "YPos": -82,
                    "ZPos": 192,
                    "TextureArchive": 210,
                    "TextureRecord": 22,
                    "FactionID": 26640,
                    "Flags": 17
                },
                {
                    "Position": 0,
                    "XPos": 28,
                    "YPos": 0,
                    "ZPos": 156,
                    "TextureArchive": 199,
                    "TextureRecord": 20,
                    "FactionID": 0,
                    "Flags": 17
                },
                {
                    "Position": 0,
                    "XPos": -168,
                    "YPos": 0,
                    "ZPos": 104,
                    "TextureArchive": 199,
                    "TextureRecord": 20,
                    "FactionID": 0,
                    "Flags": 17
                },
                {
                    "Position": 0,
                    "XPos": -128,
                    "YPos": 0,
                    "ZPos": 64,
                    "TextureArchive": 199,
                    "TextureRecord": 8,
                    "FactionID": 0,
                    "Flags": 0
                },
                {
                    "Position": 0,
                    "XPos": -116,
                    "YPos": -3,
                    "ZPos": -78,
                    "TextureArchive": 1305,
                    "TextureRecord": 0,
                    "FactionID": 0,
                    "Flags": 0
                },
                {
                    "Position": 0,
                    "XPos": -40,
                    "YPos": -27,
                    "ZPos": 231,
                    "TextureArchive": 10021,
                    "TextureRecord": 8,
                    "FactionID": 0,
                    "Flags": 0
                },
                {
                    "Position": 0,
                    "XPos": -22,
                    "YPos": -27,
                    "ZPos": 221,
                    "TextureArchive": 10021,
                    "TextureRecord": 13,
                    "FactionID": 0,
                    "Flags": 0
                },
                {
                    "Position": 0,
                    "XPos": -5,
                    "YPos": -28,
                    "ZPos": 226,
                    "TextureArchive": 56790,
                    "TextureRecord": 25,
                    "FactionID": 0,
                    "Flags": 0
                },
                {
                    "Position": 0,
                    "XPos": 112,
                    "YPos": -1,
                    "ZPos": 196,
                    "TextureArchive": 199,
                    "TextureRecord": 11,
                    "FactionID": 0,
                    "Flags": 0
                },
                {
                    "Position": 0,
                    "XPos": -136,
                    "YPos": -3,
                    "ZPos": -34,
                    "TextureArchive": 199,
                    "TextureRecord": 18,
                    "FactionID": 0,
                    "Flags": 0
                },
                {
                    "Position": 0,
                    "XPos": -108,
                    "YPos": -1,
                    "ZPos": 166,
                    "TextureArchive": 199,
                    "TextureRecord": 4,
                    "FactionID": 0,
                    "Flags": 0
                }
            ],
            "BlockSection3Records": [
                {
                    "XPos": -128,
                    "YPos": 0,
                    "ZPos": 192
                },
                {
                    "XPos": 0,
                    "YPos": 0,
                    "ZPos": 192
                },
                {
                    "XPos": 128,
                    "YPos": 0,
                    "ZPos": 192
                },
                {
                    "XPos": -128,
                    "YPos": 0,
                    "ZPos": -64
                },
                {
                    "XPos": -128,
                    "YPos": 0,
                    "ZPos": -192
                }
            ],
            "BlockPeopleRecords": [],
            "BlockDoorRecords": []
        }
    },
    "AutoMapData": null
}