{
    "FactionId": 0,
    "BuildingType": 18,
    "Quality": 8,
    "NameSeed": 0,
    "RmbSubRecord": {
        "XPos": 3392,
        "ZPos": 1856,
        "YRotation": 1536,
        "Exterior": {
            "Header": {
                "Num3dObjectRecords": 1,
                "NumFlatObjectRecords": 0,
                "NumSection3Records": 0,
                "NumPeopleRecords": 0,
                "NumDoorRecords": 0
            },
            "Block3dObjectRecords": [
                {
                    "ModelId": "136",
                    "ModelIdNum": 136,
                    "ObjectType": 4,
                    "XPos": 0,
                    "YPos": 0,
                    "ZPos": 0,
                    "XRotation": 0,
                    "YRotation": 0,
                    "ZRotation": 0
                }
            ],
            "BlockFlatObjectRecords": [],
            "BlockSection3Records": [],
            "BlockPeopleRecords": [],
            "BlockDoorRecords": []
        },
        "Interior": {
            "Header": {
                "Num3dObjectRecords": 25,
                "NumFlatObjectRecords": 10,
                "NumSection3Records": 28,
                "NumPeopleRecords": 1,
                "NumDoorRecords": 1
            },
            "Block3dObjectRecords": [
                {
                    "ModelId": "31019",
                    "ModelIdNum": 31019,
                    "ObjectType": 13,
                    "XPos": 125,
                    "YPos": -63,
                    "ZPos": 0,
                    "ZScale": 1.005,
                    "XRotation": 0,
                    "YRotation": -511,
                    "ZRotation": 0
                },
                {
                    "ModelId": "31018",
                    "ModelIdNum": 31018,
                    "ObjectType": 13,
                    "XPos": 125,
                    "YPos": -63,
                    "ZPos": 128,
                    "ZScale": 1.005,
                    "XRotation": 0,
                    "YRotation": -1536,
                    "ZRotation": 0
                },
                {
                    "ModelId": "41109",
                    "ModelIdNum": 41109,
                    "ObjectType": 3,
                    "XPos": 0,
                    "YPos": 2,
                    "ZPos": -254,
                    "ZScale": 1.221428,
                    "XRotation": 0,
                    "YRotation": 0,
                    "ZRotation": 0
                },
                {
                    "ModelId": "41108",
                    "ModelIdNum": 41108,
                    "ObjectType": 3,
                    "XPos": -10,
                    "YPos": 2,
                    "ZPos": -124,
                    "XScale": 1.01947,
                    "YScale": 1.071376,
                    "ZScale": 0.9927107,
                    "XRotation": 0,
                    "YRotation": -505,
                    "ZRotation": 0
                },
                {
                    "ModelId": "41106",
                    "ModelIdNum": 41106,
                    "ObjectType": 3,
                    "XPos": -48,
                    "YPos": 2,
                    "ZPos": -124,
                    "XRotation": 0,
                    "YRotation": -504,
                    "ZRotation": 0
                },
                {
                    "ModelId": "41103",
                    "ModelIdNum": 41103,
                    "ObjectType": 3,
                    "XPos": 110,
                    "YPos": 0,
                    "ZPos": -202,
                    "XRotation": 0,
                    "YRotation": -819,
                    "ZRotation": 0
                },
                {
                    "ModelId": "41409",
                    "ModelIdNum": 41409,
                    "ObjectType": 3,
                    "XPos": 96,
                    "YPos": 16,
                    "ZPos": 206,
                    "YScale": 1.210874,
                    "XRotation": 0,
                    "YRotation": 0,
                    "ZRotation": 0
                },
                {
                    "ModelId": "3020",
                    "ModelIdNum": 3020,
                    "ObjectType": 13,
                    "XPos": -130,
                    "YPos": 1,
                    "ZPos": -125,
                    "XRotation": 0,
                    "YRotation": -1024,
                    "ZRotation": 0
                },
                {
                    "ModelId": "1025",
                    "ModelIdNum": 1025,
                    "ObjectType": 13,
                    "XPos": -130,
                    "YPos": 0,
                    "ZPos": 251,
                    "ZScale": 1.01,
                    "XRotation": 0,
                    "YRotation": -511,
                    "ZRotation": 0
                },
                {
                    "ModelId": "3004",
                    "ModelIdNum": 3004,
                    "ObjectType": 13,
                    "XPos": -188,
                    "YPos": -63,
                    "ZPos": 246,
                    "XRotation": 0,
                    "YRotation": -1024,
                    "ZRotation": 0
                },
                {
                    "ModelId": "3004",
                    "ModelIdNum": 3004,
                    "ObjectType": 13,
                    "XPos": -188,
                    "YPos": -63,
                    "ZPos": -240,
                    "XRotation": 0,
                    "YRotation": -1024,
                    "ZRotation": 0
                },
                {
                    "ModelId": "3004",
                    "ModelIdNum": 3004,
                    "ObjectType": 13,
                    "XPos": -130,
                    "YPos": -62,
                    "ZPos": -314,
                    "ZScale": 1.0134,
                    "XRotation": 0,
                    "YRotation": -511,
                    "ZRotation": 0
                },
                {
                    "ModelId": "3018",
                    "ModelIdNum": 3018,
                    "ObjectType": 13,
                    "XPos": -2,
                    "YPos": -62,
                    "ZPos": -314,
                    "XRotation": 0,
                    "YRotation": -512,
                    "ZRotation": 0
                },
                {
                    "ModelId": "4004",
                    "ModelIdNum": 4004,
                    "ObjectType": 13,
                    "XPos": -10,
                    "YPos": -62,
                    "ZPos": 64,
                    "XScale": 1.120797,
                    "YScale": 1.01,
                    "ZScale": 1.01,
                    "XRotation": 0,
                    "YRotation": -511,
                    "ZRotation": 0
                },
                {
                    "ModelId": "4004",
                    "ModelIdNum": 4004,
                    "ObjectType": 13,
                    "XPos": -2,
                    "YPos": -62,
                    "ZPos": 64,
                    "XScale": 1.120797,
                    "YScale": 1.01,
                    "ZScale": 1.01,
                    "XRotation": 0,
                    "YRotation": -1536,
                    "ZRotation": 0
                },
                {
                    "ModelId": "4004",
                    "ModelIdNum": 4004,
                    "ObjectType": 13,
                    "XPos": -10,
                    "YPos": -62,
                    "ZPos": 192,
                    "XScale": 1.120797,
                    "YScale": 1.01,
                    "ZScale": 1.01,
                    "XRotation": 0,
                    "YRotation": -511,
                    "ZRotation": 0
                },
                {
                    "ModelId": "4004",
                    "ModelIdNum": 4004,
                    "ObjectType": 13,
                    "XPos": -2,
                    "YPos": -62,
                    "ZPos": 192,
                    "XScale": 1.120797,
                    "YScale": 1.01,
                    "ZScale": 1.01,
                    "XRotation": 0,
                    "YRotation": -1536,
                    "ZRotation": 0
                },
                {
                    "ModelId": "62319",
                    "ModelIdNum": 62319,
                    "ObjectType": 0,
                    "XPos": -192,
                    "YPos": -64,
                    "ZPos": -306,
                    "XScale": 1.04797,
                    "XRotation": 0,
                    "YRotation": 0,
                    "ZRotation": -512
                },
                {
                    "ModelId": "62319",
                    "ModelIdNum": 62319,
                    "ObjectType": 0,
                    "XPos": -192,
                    "YPos": -62,
                    "ZPos": 310,
                    "XScale": 1.0931,
                    "XRotation": 0,
                    "YRotation": 0,
                    "ZRotation": -512
                },
                {
                    "ModelId": "3032",
                    "ModelIdNum": 3032,
                    "ObjectType": 13,
                    "XPos": 4,
                    "YPos": -62,
                    "ZPos": 312,
                    "YScale": 1.0123,
                    "ZScale": 1.0135,
                    "XRotation": 0,
                    "YRotation": -1536,
                    "ZRotation": 0
                },
                {
                    "ModelId": "4004",
                    "ModelIdNum": 4004,
                    "ObjectType": 13,
                    "XPos": -10,
                    "YPos": -62,
                    "ZPos": -64,
                    "XScale": 1.131894,
                    "YScale": 1.02,
                    "ZScale": 1.02,
                    "XRotation": 0,
                    "YRotation": -511,
                    "ZRotation": 0
                },
                {
                    "ModelId": "4004",
                    "ModelIdNum": 4004,
                    "ObjectType": 13,
                    "XPos": -2,
                    "YPos": -62,
                    "ZPos": -64,
                    "XScale": 1.131894,
                    "YScale": 1.02,
                    "ZScale": 1.02,
                    "XRotation": 0,
                    "YRotation": -1536,
                    "ZRotation": 0
                },
                {
                    "ModelId": "4005",
                    "ModelIdNum": 4005,
                    "ObjectType": 13,
                    "XPos": -130,
                    "YPos": 4,
                    "ZPos": -258,
                    "XRotation": 0,
                    "YRotation": -1024,
                    "ZRotation": 0
                },
                {
                    "ModelId": "3004",
                    "ModelIdNum": 3004,
                    "ObjectType": 13,
                    "XPos": 122,
                    "YPos": -62,
                    "ZPos": -66,
                    "XRotation": 0,
                    "YRotation": -1536,
                    "ZRotation": 0
                },
                {
                    "ModelId": "3018",
                    "ModelIdNum": 3018,
                    "ObjectType": 13,
                    "XPos": 182,
                    "YPos": -62,
                    "ZPos": -130,
                    "XRotation": 0,
                    "YRotation": 0,
                    "ZRotation": 0
                },
                {
                    "ModelId": "1001",
                    "ModelIdNum": 1001,
                    "ObjectType": 13,
                    "XPos": 128,
                    "YPos": 0,
                    "ZPos": -194,
                    "XScale": 1.005,
                    "XRotation": 0,
                    "YRotation": 0,
                    "ZRotation": 0
                },
                {
                    "ModelId": "4004",
                    "ModelIdNum": 4004,
                    "ObjectType": 13,
                    "XPos": 180,
                    "YPos": -62,
                    "ZPos": -71,
                    "ZScale": 1.43571,
                    "XRotation": 0,
                    "YRotation": 0,
                    "ZRotation": 0
                },
                {
                    "ModelId": "2000",
                    "ModelIdNum": 2000,
                    "ObjectType": 13,
                    "XPos": 127,
                    "YPos": -126,
                    "ZPos": -128,
                    "XRotation": 0,
                    "YRotation": -512,
                    "ZRotation": 0
                },
                {
                    "ModelId": "4000",
                    "ModelIdNum": 4000,
                    "ObjectType": 13,
                    "XPos": 68,
                    "YPos": -64,
                    "ZPos": -62,
                    "XScale": 1.3131,
                    "YScale": 1.0268,
                    "XRotation": 0,
                    "YRotation": -1536,
                    "ZRotation": 0
                },
                {
                    "ModelId": "4004",
                    "ModelIdNum": 4004,
                    "ObjectType": 13,
                    "XPos": 180,
                    "YPos": -62,
                    "ZPos": -194,
                    "ZScale": 1.43571,
                    "XRotation": 0,
                    "YRotation": -511,
                    "ZRotation": 0
                },
                {
                    "ModelId": "45081",
                    "ModelIdNum": 45081,
                    "ObjectType": 0,
                    "XPos": 166,
                    "YPos": -54,
                    "ZPos": -287,
                    "XScale": 0.4999999,
                    "YScale": 0.7390698,
                    "XRotation": 0,
                    "YRotation": -512,
                    "ZRotation": -512
                },
                {
                    "ModelId": "41117",
                    "ModelIdNum": 41117,
                    "ObjectType": 3,
                    "XPos": 170,
                    "YPos": 7,
                    "ZPos": -256,
                    "XScale": 0.9238399,
                    "ZScale": 0.4585526,
                    "XRotation": 0,
                    "YRotation": -1536,
                    "ZRotation": 0
                },
                {
                    "ModelId": "45076",
                    "ModelIdNum": 45076,
                    "ObjectType": 0,
                    "XPos": 175,
                    "YPos": -15,
                    "ZPos": -254,
                    "XScale": 0.9587609,
                    "ZScale": 0.39866,
                    "XRotation": 0,
                    "YRotation": -512,
                    "ZRotation": 0
                },
                {
                    "ModelId": "45081",
                    "ModelIdNum": 45081,
                    "ObjectType": 0,
                    "XPos": 164,
                    "YPos": -60,
                    "ZPos": -298,
                    "YScale": 0.9691592,
                    "XRotation": 0,
                    "YRotation": -512,
                    "ZRotation": -512
                },
                {
                    "ModelId": "45129",
                    "ModelIdNum": 45129,
                    "ObjectType": 0,
                    "XPos": 171,
                    "YPos": -2,
                    "ZPos": -333,
                    "XScale": 1.2,
                    "YScale": 1.77739,
                    "ZScale": 4.22892,
                    "XRotation": 0,
                    "YRotation": -512,
                    "ZRotation": -512
                },
                {
                    "ModelId": "41105",
                    "ModelIdNum": 41105,
                    "ObjectType": 0,
                    "XPos": 138,
                    "YPos": -16,
                    "ZPos": 42,
                    "XScale": 1.17866,
                    "XRotation": 0,
                    "YRotation": 0,
                    "ZRotation": 0
                },
                {
                    "ModelId": "51115",
                    "ModelIdNum": 51115,
                    "ObjectType": 0,
                    "XPos": -172,
                    "YPos": -50,
                    "ZPos": -2,
                    "XRotation": 0,
                    "YRotation": -1536,
                    "ZRotation": 0
                },
                {
                    "ModelId": "4004",
                    "ModelIdNum": 4004,
                    "ObjectType": 13,
                    "XPos": -10,
                    "YPos": -62,
                    "ZPos": -192,
                    "XScale": 1.120797,
                    "YScale": 1.01,
                    "ZScale": 1.01,
                    "XRotation": 0,
                    "YRotation": -511,
                    "ZRotation": 0
                },
                {
                    "ModelId": "4004",
                    "ModelIdNum": 4004,
                    "ObjectType": 13,
                    "XPos": -2,
                    "YPos": -62,
                    "ZPos": -192,
                    "XScale": 1.120797,
                    "YScale": 1.01,
                    "ZScale": 1.01,
                    "XRotation": 0,
                    "YRotation": -1536,
                    "ZRotation": 0
                },
                {
                    "ModelId": "74805",
                    "ModelIdNum": 74805,
                    "ObjectType": 0,
                    "XPos": -10,
                    "YPos": -30,
                    "ZPos": -124,
                    "XScale": 0.4939407,
                    "YScale": 0.3460727,
                    "XRotation": -1536,
                    "YRotation": -512,
                    "ZRotation": 0
                },
                {
                    "ModelId": "41110",
                    "ModelIdNum": 41110,
                    "ObjectType": 0,
                    "XPos": 146,
                    "YPos": -11,
                    "ZPos": 164,
                    "XScale": 0.2558428,
                    "YScale": 0.5370813,
                    "ZScale": 0.7215103,
                    "XRotation": 0,
                    "YRotation": 0,
                    "ZRotation": 0
                },
                {
                    "ModelId": "41005",
                    "ModelIdNum": 41005,
                    "ObjectType": 3,
                    "XPos": 82,
                    "YPos": 126,
                    "ZPos": -56,
                    "YScale": 0.89257,
                    "ZScale": 1.107468,
                    "XRotation": 0,
                    "YRotation": -511,
                    "ZRotation": 0
                },
                {
                    "ModelId": "2010",
                    "ModelIdNum": 2010,
                    "ObjectType": 13,
                    "XPos": -50,
                    "YPos": -166,
                    "ZPos": -254,
                    "XScale": 1.0267,
                    "XRotation": 0,
                    "YRotation": 0,
                    "ZRotation": -1797
                },
                {
                    "ModelId": "2010",
                    "ModelIdNum": 2010,
                    "ObjectType": 13,
                    "XPos": 38,
                    "YPos": -166,
                    "ZPos": 258,
                    "XRotation": 0,
                    "YRotation": -1024,
                    "ZRotation": -1797
                },
                {
                    "ModelId": "1009",
                    "ModelIdNum": 1009,
                    "ObjectType": 13,
                    "XPos": 114,
                    "YPos": -128,
                    "ZPos": -60,
                    "ZScale": 1.0327,
                    "XRotation": 0,
                    "YRotation": 0,
                    "ZRotation": 0
                },
                {
                    "ModelId": "2009",
                    "ModelIdNum": 2009,
                    "ObjectType": 13,
                    "XPos": 102,
                    "YPos": -124,
                    "ZPos": -60,
                    "XScale": 0.90579,
                    "ZScale": 1.0255,
                    "XRotation": 0,
                    "YRotation": 0,
                    "ZRotation": 0
                },
                {
                    "ModelId": "6004",
                    "ModelIdNum": 6004,
                    "ObjectType": 13,
                    "XPos": -76,
                    "YPos": -122,
                    "ZPos": 148,
                    "YScale": 0.9369351,
                    "ZScale": 1.036986,
                    "XRotation": 0,
                    "YRotation": 0,
                    "ZRotation": 0
                },
                {
                    "ModelId": "45138",
                    "ModelIdNum": 45138,
                    "ObjectType": 0,
                    "XPos": -186,
                    "YPos": -78,
                    "ZPos": 4,
                    "XRotation": 0,
                    "YRotation": -512,
                    "ZRotation": 0
                },
                {
                    "ModelId": "1000",
                    "ModelIdNum": 1000,
                    "ObjectType": 13,
                    "XPos": 128,
                    "YPos": 0,
                    "ZPos": 250,
                    "XScale": 1.01,
                    "ZScale": 1.033,
                    "XRotation": 0,
                    "YRotation": 0,
                    "ZRotation": 0
                },
                {
                    "ModelId": "3004",
                    "ModelIdNum": 3004,
                    "ObjectType": 13,
                    "XPos": 122,
                    "YPos": -62,
                    "ZPos": 198,
                    "ZScale": 0.9495865,
                    "XRotation": 0,
                    "YRotation": -511,
                    "ZRotation": 0
                },
                {
                    "ModelId": "45082",
                    "ModelIdNum": 45082,
                    "ObjectType": 0,
                    "XPos": -14,
                    "YPos": -124,
                    "ZPos": -316,
                    "XScale": 2.250963,
                    "YScale": 2.33588,
                    "ZScale": 1.3041,
                    "XRotation": -512,
                    "YRotation": 0,
                    "ZRotation": 0
                },
                {
                    "ModelId": "45082",
                    "ModelIdNum": 45082,
                    "ObjectType": 0,
                    "XPos": -14,
                    "YPos": -124,
                    "ZPos": -60,
                    "XScale": 2.250963,
                    "YScale": 2.33588,
                    "ZScale": 1.3041,
                    "XRotation": -512,
                    "YRotation": 0,
                    "ZRotation": 0
                },
                {
                    "ModelId": "3004",
                    "ModelIdNum": 3004,
                    "ObjectType": 13,
                    "XPos": 122,
                    "YPos": -62,
                    "ZPos": -314,
                    "XRotation": 0,
                    "YRotation": -512,
                    "ZRotation": 0
                },
                {
                    "ModelId": "3004",
                    "ModelIdNum": 3004,
                    "ObjectType": 13,
                    "XPos": 180,
                    "YPos": -62,
                    "ZPos": -258,
                    "YScale": 0.9887015,
                    "XRotation": 0,
                    "YRotation": 0,
                    "ZRotation": 0
                },
                {
                    "ModelId": "41120",
                    "ModelIdNum": 41120,
                    "ObjectType": 0,
                    "XPos": -126,
                    "YPos": -48,
                    "ZPos": 302,
                    "XRotation": 0,
                    "YRotation": -1024,
                    "ZRotation": 0
                },
                {
                    "ModelId": "41042",
                    "ModelIdNum": 41042,
                    "ObjectType": 0,
                    "XPos": -128,
                    "YPos": -35,
                    "ZPos": -300,
                    "XRotation": 0,
                    "YRotation": 0,
                    "ZRotation": 0
                },
                {
                    "ModelId": "4004",
                    "ModelIdNum": 4004,
                    "ObjectType": 13,
                    "XPos": 62,
                    "YPos": -64,
                    "ZPos": -62,
                    "XScale": 1.356044,
                    "ZScale": 1.43571,
                    "XRotation": 0,
                    "YRotation": -511,
                    "ZRotation": 0
                },
                {
                    "ModelId": "4000",
                    "ModelIdNum": 4000,
                    "ObjectType": 13,
                    "XPos": 68,
                    "YPos": -64,
                    "ZPos": 64,
                    "XScale": 1.3131,
                    "YScale": 1.0268,
                    "XRotation": 0,
                    "YRotation": -1536,
                    "ZRotation": 0
                },
                {
                    "ModelId": "4004",
                    "ModelIdNum": 4004,
                    "ObjectType": 13,
                    "XPos": 62,
                    "YPos": -64,
                    "ZPos": 64,
                    "XScale": 1.356044,
                    "ZScale": 1.43571,
                    "XRotation": 0,
                    "YRotation": -511,
                    "ZRotation": 0
                },
                {
                    "ModelId": "4000",
                    "ModelIdNum": 4000,
                    "ObjectType": 13,
                    "XPos": 68,
                    "YPos": -64,
                    "ZPos": 192,
                    "XScale": 1.350053,
                    "YScale": 1.0268,
                    "XRotation": 0,
                    "YRotation": -1536,
                    "ZRotation": 0
                },
                {
                    "ModelId": "4004",
                    "ModelIdNum": 4004,
                    "ObjectType": 13,
                    "XPos": 62,
                    "YPos": -62,
                    "ZPos": 192,
                    "XScale": 1.356044,
                    "ZScale": 1.43571,
                    "XRotation": 0,
                    "YRotation": -511,
                    "ZRotation": 0
                },
                {
                    "ModelId": "3018",
                    "ModelIdNum": 3018,
                    "ObjectType": 13,
                    "XPos": -6,
                    "YPos": -188,
                    "ZPos": -314,
                    "XRotation": 0,
                    "YRotation": -512,
                    "ZRotation": 0
                },
                {
                    "ModelId": "3016",
                    "ModelIdNum": 3016,
                    "ObjectType": 13,
                    "XPos": -124,
                    "YPos": -188,
                    "ZPos": -314,
                    "YScale": 1.0124,
                    "ZScale": 1.0378,
                    "XRotation": 0,
                    "YRotation": -511,
                    "ZRotation": 0
                },
                {
                    "ModelId": "3017",
                    "ModelIdNum": 3017,
                    "ObjectType": 13,
                    "XPos": 112,
                    "YPos": -124,
                    "ZPos": -256,
                    "YScale": 1.0124,
                    "ZScale": 1.0378,
                    "XRotation": 0,
                    "YRotation": -511,
                    "ZRotation": 0
                },
                {
                    "ModelId": "45082",
                    "ModelIdNum": 45082,
                    "ObjectType": 0,
                    "XPos": -190,
                    "YPos": -124,
                    "ZPos": 130,
                    "XScale": 2.363512,
                    "YScale": 1.660242,
                    "ZScale": 1.369305,
                    "XRotation": -512,
                    "YRotation": -512,
                    "ZRotation": 0
                },
                {
                    "ModelId": "6000",
                    "ModelIdNum": 6000,
                    "ObjectType": 13,
                    "XPos": -6,
                    "YPos": -252,
                    "ZPos": -256,
                    "XRotation": 0,
                    "YRotation": -512,
                    "ZRotation": 0
                },
                {
                    "ModelId": "45082",
                    "ModelIdNum": 45082,
                    "ObjectType": 0,
                    "XPos": -194,
                    "YPos": -124,
                    "ZPos": -126,
                    "XScale": 2.363512,
                    "YScale": 1.68359,
                    "ZScale": 1.369305,
                    "XRotation": -512,
                    "YRotation": -512,
                    "ZRotation": 0
                },
                {
                    "ModelId": "45082",
                    "ModelIdNum": 45082,
                    "ObjectType": 0,
                    "XPos": -132,
                    "YPos": -286,
                    "ZPos": 130,
                    "XScale": 2.363512,
                    "YScale": 1.846289,
                    "ZScale": 1.369305,
                    "XRotation": -204,
                    "YRotation": -1536,
                    "ZRotation": -1024
                },
                {
                    "ModelId": "3004",
                    "ModelIdNum": 3004,
                    "ObjectType": 13,
                    "XPos": 176,
                    "YPos": -62,
                    "ZPos": 254,
                    "XRotation": 0,
                    "YRotation": 0,
                    "ZRotation": 0
                },
                {
                    "ModelId": "45082",
                    "ModelIdNum": 45082,
                    "ObjectType": 0,
                    "XPos": -128,
                    "YPos": -274,
                    "ZPos": -126,
                    "XScale": 2.363512,
                    "YScale": 1.71,
                    "ZScale": 1.369305,
                    "XRotation": -204,
                    "YRotation": -1536,
                    "ZRotation": -1024
                },
                {
                    "ModelId": "3018",
                    "ModelIdNum": 3018,
                    "ObjectType": 13,
                    "XPos": -6,
                    "YPos": -188,
                    "ZPos": 312,
                    "XRotation": 0,
                    "YRotation": -1536,
                    "ZRotation": 0
                },
                {
                    "ModelId": "3016",
                    "ModelIdNum": 3016,
                    "ObjectType": 13,
                    "XPos": 110,
                    "YPos": -188,
                    "ZPos": 312,
                    "YScale": 1.0124,
                    "ZScale": 1.0378,
                    "XRotation": 0,
                    "YRotation": -1536,
                    "ZRotation": 0
                },
                {
                    "ModelId": "3017",
                    "ModelIdNum": 3017,
                    "ObjectType": 13,
                    "XPos": -124,
                    "YPos": -124,
                    "ZPos": 254,
                    "YScale": 1.0124,
                    "ZScale": 1.0378,
                    "XRotation": 0,
                    "YRotation": -1536,
                    "ZRotation": 0
                },
                {
                    "ModelId": "6000",
                    "ModelIdNum": 6000,
                    "ObjectType": 13,
                    "XPos": -6,
                    "YPos": -250,
                    "ZPos": 376,
                    "XRotation": 0,
                    "YRotation": -512,
                    "ZRotation": 0
                },
                {
                    "ModelId": "4005",
                    "ModelIdNum": 4005,
                    "ObjectType": 13,
                    "XPos": -6,
                    "YPos": 2,
                    "ZPos": 256,
                    "YScale": 0.989589,
                    "XRotation": 0,
                    "YRotation": 0,
                    "ZRotation": 0
                },
                {
                    "ModelId": "45082",
                    "ModelIdNum": 45082,
                    "ObjectType": 0,
                    "XPos": -8,
                    "YPos": -124,
                    "ZPos": 130,
                    "XScale": 2.363512,
                    "YScale": 1.660242,
                    "ZScale": 1.576618,
                    "XRotation": 0,
                    "YRotation": -512,
                    "ZRotation": 0
                },
                {
                    "ModelId": "45082",
                    "ModelIdNum": 45082,
                    "ObjectType": 0,
                    "XPos": -8,
                    "YPos": -124,
                    "ZPos": -124,
                    "XScale": 2.363512,
                    "YScale": 1.660242,
                    "ZScale": 1.35854,
                    "XRotation": 0,
                    "YRotation": -511,
                    "ZRotation": 0
                },
                {
                    "ModelId": "45082",
                    "ModelIdNum": 45082,
                    "ObjectType": 0,
                    "XPos": 70,
                    "YPos": -124,
                    "ZPos": 130,
                    "XScale": 2.363512,
                    "YScale": 1.660242,
                    "ZScale": 1.576618,
                    "XRotation": 0,
                    "YRotation": -512,
                    "ZRotation": 0
                },
                {
                    "ModelId": "45082",
                    "ModelIdNum": 45082,
                    "ObjectType": 0,
                    "XPos": 78,
                    "YPos": -124,
                    "ZPos": -126,
                    "XScale": 2.363512,
                    "YScale": 1.660242,
                    "ZScale": 1.576618,
                    "XRotation": 0,
                    "YRotation": -512,
                    "ZRotation": 0
                },
                {
                    "ModelId": "4005",
                    "ModelIdNum": 4005,
                    "ObjectType": 13,
                    "XPos": -6,
                    "YPos": 4,
                    "ZPos": -258,
                    "XRotation": 0,
                    "YRotation": -1024,
                    "ZRotation": 0
                },
                {
                    "ModelId": "41812",
                    "ModelIdNum": 41812,
                    "ObjectType": 3,
                    "XPos": 100,
                    "YPos": 127,
                    "ZPos": -4,
                    "XRotation": 0,
                    "YRotation": -237,
                    "ZRotation": 0
                },
                {
                    "ModelId": "1200",
                    "ModelIdNum": 1200,
                    "ObjectType": 13,
                    "XPos": -124,
                    "YPos": -14,
                    "ZPos": 258,
                    "XScale": 1.029897,
                    "YScale": 1.029897,
                    "ZScale": 1.029897,
                    "XRotation": 0,
                    "YRotation": 0,
                    "ZRotation": 0
                },
                {
                    "ModelId": "62319",
                    "ModelIdNum": 62319,
                    "ObjectType": 0,
                    "XPos": -126,
                    "YPos": -8,
                    "ZPos": 196,
                    "XRotation": 0,
                    "YRotation": 0,
                    "ZRotation": 0
                },
                {
                    "ModelId": "62319",
                    "ModelIdNum": 62319,
                    "ObjectType": 0,
                    "XPos": -56,
                    "YPos": -8,
                    "ZPos": 250,
                    "XRotation": 0,
                    "YRotation": -512,
                    "ZRotation": 0
                },
                {
                    "ModelId": "41113",
                    "ModelIdNum": 41113,
                    "ObjectType": 0,
                    "XPos": -140,
                    "YPos": -27,
                    "ZPos": 254,
                    "XRotation": 0,
                    "YRotation": -136,
                    "ZRotation": 0
                },
                {
                    "ModelId": "41032",
                    "ModelIdNum": 41032,
                    "ObjectType": 3,
                    "XPos": 148,
                    "YPos": 2,
                    "ZPos": -78,
                    "XRotation": 0,
                    "YRotation": -1024,
                    "ZRotation": 0
                },
                {
                    "ModelId": "41007",
                    "ModelIdNum": 41007,
                    "ObjectType": 0,
                    "XPos": 94,
                    "YPos": -54,
                    "ZPos": -76,
                    "XRotation": 0,
                    "YRotation": -1024,
                    "ZRotation": 0
                },
                {
                    "ModelId": "41106",
                    "ModelIdNum": 41106,
                    "ObjectType": 3,
                    "XPos": 0,
                    "YPos": 1,
                    "ZPos": 292,
                    "XRotation": 0,
                    "YRotation": -1024,
                    "ZRotation": 0
                },
                {
                    "ModelId": "45082",
                    "ModelIdNum": 45082,
                    "ObjectType": 0,
                    "XPos": -20,
                    "YPos": -124,
                    "ZPos": 196,
                    "XScale": 2.908695,
                    "YScale": 2.33588,
                    "ZScale": 1.548009,
                    "XRotation": -512,
                    "YRotation": -511,
                    "ZRotation": 0
                },
                {
                    "ModelId": "41203",
                    "ModelIdNum": 41203,
                    "ObjectType": 0,
                    "XPos": 34,
                    "YPos": -146,
                    "ZPos": 206,
                    "XScale": 0.8861857,
                    "YScale": 0.6888252,
                    "ZScale": 0.6099243,
                    "XRotation": 0,
                    "YRotation": -1547,
                    "ZRotation": 0
                },
                {
                    "ModelId": "41100",
                    "ModelIdNum": 41100,
                    "ObjectType": 0,
                    "XPos": 64,
                    "YPos": -143,
                    "ZPos": -274,
                    "XRotation": 0,
                    "YRotation": -1615,
                    "ZRotation": 0
                },
                {
                    "ModelId": "41815",
                    "ModelIdNum": 41815,
                    "ObjectType": 3,
                    "XPos": 98,
                    "YPos": 128,
                    "ZPos": -258,
                    "XRotation": 0,
                    "YRotation": -2030,
                    "ZRotation": 0
                },
                {
                    "ModelId": "41125",
                    "ModelIdNum": 41125,
                    "ObjectType": 0,
                    "XPos": 90,
                    "YPos": -141,
                    "ZPos": 72,
                    "XRotation": 0,
                    "YRotation": -176,
                    "ZRotation": 0
                },
                {
                    "ModelId": "62319",
                    "ModelIdNum": 62319,
                    "ObjectType": 0,
                    "XPos": -42,
                    "YPos": 0,
                    "ZPos": 250,
                    "XScale": 0.9727035,
                    "ZScale": 0.9440607,
                    "XRotation": 0,
                    "YRotation": -511,
                    "ZRotation": 0
                },
                {
                    "ModelId": "62319",
                    "ModelIdNum": 62319,
                    "ObjectType": 0,
                    "XPos": -114,
                    "YPos": 0,
                    "ZPos": 182,
                    "XScale": 1.280687,
                    "XRotation": 0,
                    "YRotation": 0,
                    "ZRotation": 0
                },
                {
                    "ModelId": "4005",
                    "ModelIdNum": 4005,
                    "ObjectType": 13,
                    "XPos": 120,
                    "YPos": 2,
                    "ZPos": 256,
                    "YScale": 0.989589,
                    "XRotation": 0,
                    "YRotation": 0,
                    "ZRotation": 0
                },
                {
                    "ModelId": "45082",
                    "ModelIdNum": 45082,
                    "ObjectType": 0,
                    "XPos": -98,
                    "YPos": -226,
                    "ZPos": 130,
                    "XScale": 2.363512,
                    "YScale": 1.660242,
                    "ZScale": 1.369305,
                    "XRotation": -512,
                    "YRotation": -512,
                    "ZRotation": 0
                },
                {
                    "ModelId": "45082",
                    "ModelIdNum": 45082,
                    "ObjectType": 0,
                    "XPos": -98,
                    "YPos": -226,
                    "ZPos": -126,
                    "XScale": 2.363512,
                    "YScale": 1.660242,
                    "ZScale": 1.369305,
                    "XRotation": -512,
                    "YRotation": -512,
                    "ZRotation": 0
                },
                {
                    "ModelId": "69465",
                    "ModelIdNum": 69465,
                    "ObjectType": 0,
                    "XPos": 174,
                    "YPos": 0,
                    "ZPos": -254,
                    "XScale": 0.33138,
                    "YScale": 0.6,
                    "ZScale": 0.9,
                    "XRotation": 0,
                    "YRotation": 0,
                    "ZRotation": 0
                },
                {
                    "ModelId": "42081",
                    "ModelIdNum": 42081,
                    "ObjectType": 0,
                    "XPos": 132,
                    "YPos": -11,
                    "ZPos": 112,
                    "XRotation": 0,
                    "YRotation": -1024,
                    "ZRotation": 0
                },
                {
                    "ModelId": "45110",
                    "ModelIdNum": 45110,
                    "ObjectType": 0,
                    "XPos": 23,
                    "YPos": -220,
                    "ZPos": -122,
                    "YScale": 0.94473,
                    "XRotation": 0,
                    "YRotation": -1024,
                    "ZRotation": -170
                },
                {
                    "ModelId": "45110",
                    "ModelIdNum": 45110,
                    "ObjectType": 0,
                    "XPos": 23,
                    "YPos": -214,
                    "ZPos": -122,
                    "YScale": 1.51672,
                    "ZScale": 1.2,
                    "XRotation": 0,
                    "YRotation": 0,
                    "ZRotation": -84
                },
                {
                    "ModelId": "45110",
                    "ModelIdNum": 45110,
                    "ObjectType": 0,
                    "XPos": 111,
                    "YPos": -216,
                    "ZPos": -122,
                    "YScale": 2.78978,
                    "ZScale": 1.3,
                    "XRotation": 0,
                    "YRotation": 0,
                    "ZRotation": -511
                },
                {
                    "ModelId": "45110",
                    "ModelIdNum": 45110,
                    "ObjectType": 0,
                    "XPos": -33,
                    "YPos": -214,
                    "ZPos": -122,
                    "YScale": 1.11605,
                    "ZScale": 1.2,
                    "XRotation": 0,
                    "YRotation": 0,
                    "ZRotation": -169
                },
                {
                    "ModelId": "45110",
                    "ModelIdNum": 45110,
                    "ObjectType": 0,
                    "XPos": -35,
                    "YPos": -220,
                    "ZPos": -122,
                    "YScale": 1.39692,
                    "XRotation": 0,
                    "YRotation": -1024,
                    "ZRotation": -85
                },
                {
                    "ModelId": "45110",
                    "ModelIdNum": 45110,
                    "ObjectType": 0,
                    "XPos": 23,
                    "YPos": -216,
                    "ZPos": 2,
                    "YScale": 0.94473,
                    "XRotation": 0,
                    "YRotation": -1024,
                    "ZRotation": -170
                },
                {
                    "ModelId": "45110",
                    "ModelIdNum": 45110,
                    "ObjectType": 0,
                    "XPos": 23,
                    "YPos": -214,
                    "ZPos": 2,
                    "YScale": 1.51672,
                    "ZScale": 1.2,
                    "XRotation": 0,
                    "YRotation": 0,
                    "ZRotation": -84
                },
                {
                    "ModelId": "45110",
                    "ModelIdNum": 45110,
                    "ObjectType": 0,
                    "XPos": 111,
                    "YPos": -216,
                    "ZPos": 2,
                    "YScale": 2.78978,
                    "ZScale": 1.3,
                    "XRotation": 0,
                    "YRotation": 0,
                    "ZRotation": -511
                },
                {
                    "ModelId": "45110",
                    "ModelIdNum": 45110,
                    "ObjectType": 0,
                    "XPos": -33,
                    "YPos": -214,
                    "ZPos": 2,
                    "YScale": 1.11605,
                    "ZScale": 1.2,
                    "XRotation": 0,
                    "YRotation": 0,
                    "ZRotation": -169
                },
                {
                    "ModelId": "45110",
                    "ModelIdNum": 45110,
                    "ObjectType": 0,
                    "XPos": -35,
                    "YPos": -220,
                    "ZPos": 2,
                    "YScale": 1.39692,
                    "XRotation": 0,
                    "YRotation": -1024,
                    "ZRotation": -85
                },
                {
                    "ModelId": "45110",
                    "ModelIdNum": 45110,
                    "ObjectType": 0,
                    "XPos": 23,
                    "YPos": -220,
                    "ZPos": 124,
                    "YScale": 0.94473,
                    "XRotation": 0,
                    "YRotation": -1024,
                    "ZRotation": -170
                },
                {
                    "ModelId": "45110",
                    "ModelIdNum": 45110,
                    "ObjectType": 0,
                    "XPos": 23,
                    "YPos": -214,
                    "ZPos": 124,
                    "YScale": 1.51672,
                    "ZScale": 1.2,
                    "XRotation": 0,
                    "YRotation": 0,
                    "ZRotation": -84
                },
                {
                    "ModelId": "45110",
                    "ModelIdNum": 45110,
                    "ObjectType": 0,
                    "XPos": 111,
                    "YPos": -216,
                    "ZPos": 124,
                    "YScale": 2.78978,
                    "ZScale": 1.3,
                    "XRotation": 0,
                    "YRotation": 0,
                    "ZRotation": -511
                },
                {
                    "ModelId": "45110",
                    "ModelIdNum": 45110,
                    "ObjectType": 0,
                    "XPos": -33,
                    "YPos": -214,
                    "ZPos": 124,
                    "YScale": 1.11605,
                    "ZScale": 1.2,
                    "XRotation": 0,
                    "YRotation": 0,
                    "ZRotation": -169
                },
                {
                    "ModelId": "45110",
                    "ModelIdNum": 45110,
                    "ObjectType": 0,
                    "XPos": -35,
                    "YPos": -220,
                    "ZPos": 124,
                    "YScale": 1.39692,
                    "XRotation": 0,
                    "YRotation": -1024,
                    "ZRotation": -85
                },
                {
                    "ModelId": "45110",
                    "ModelIdNum": 45110,
                    "ObjectType": 0,
                    "XPos": 23,
                    "YPos": -220,
                    "ZPos": 250,
                    "YScale": 0.94473,
                    "XRotation": 0,
                    "YRotation": -1024,
                    "ZRotation": -170
                },
                {
                    "ModelId": "45110",
                    "ModelIdNum": 45110,
                    "ObjectType": 0,
                    "XPos": 23,
                    "YPos": -214,
                    "ZPos": 250,
                    "YScale": 1.51672,
                    "ZScale": 1.2,
                    "XRotation": 0,
                    "YRotation": 0,
                    "ZRotation": -84
                },
                {
                    "ModelId": "45110",
                    "ModelIdNum": 45110,
                    "ObjectType": 0,
                    "XPos": 111,
                    "YPos": -216,
                    "ZPos": 250,
                    "YScale": 2.78978,
                    "ZScale": 1.3,
                    "XRotation": 0,
                    "YRotation": 0,
                    "ZRotation": -511
                },
                {
                    "ModelId": "45110",
                    "ModelIdNum": 45110,
                    "ObjectType": 0,
                    "XPos": -33,
                    "YPos": -214,
                    "ZPos": 250,
                    "YScale": 1.11605,
                    "ZScale": 1.2,
                    "XRotation": 0,
                    "YRotation": 0,
                    "ZRotation": -169
                },
                {
                    "ModelId": "45110",
                    "ModelIdNum": 45110,
                    "ObjectType": 0,
                    "XPos": -35,
                    "YPos": -220,
                    "ZPos": 250,
                    "YScale": 1.39692,
                    "XRotation": 0,
                    "YRotation": -1024,
                    "ZRotation": -85
                },
                {
                    "ModelId": "45110",
                    "ModelIdNum": 45110,
                    "ObjectType": 0,
                    "XPos": 23,
                    "YPos": -220,
                    "ZPos": -252,
                    "YScale": 0.94473,
                    "XRotation": 0,
                    "YRotation": -1024,
                    "ZRotation": -170
                },
                {
                    "ModelId": "45110",
                    "ModelIdNum": 45110,
                    "ObjectType": 0,
                    "XPos": 23,
                    "YPos": -214,
                    "ZPos": -252,
                    "YScale": 1.51672,
                    "ZScale": 1.2,
                    "XRotation": 0,
                    "YRotation": 0,
                    "ZRotation": -84
                },
                {
                    "ModelId": "45110",
                    "ModelIdNum": 45110,
                    "ObjectType": 0,
                    "XPos": 111,
                    "YPos": -216,
                    "ZPos": -252,
                    "YScale": 2.78978,
                    "ZScale": 1.3,
                    "XRotation": 0,
                    "YRotation": 0,
                    "ZRotation": -511
                },
                {
                    "ModelId": "45110",
                    "ModelIdNum": 45110,
                    "ObjectType": 0,
                    "XPos": -33,
                    "YPos": -214,
                    "ZPos": -252,
                    "YScale": 1.11605,
                    "ZScale": 1.2,
                    "XRotation": 0,
                    "YRotation": 0,
                    "ZRotation": -169
                },
                {
                    "ModelId": "45110",
                    "ModelIdNum": 45110,
                    "ObjectType": 0,
                    "XPos": -35,
                    "YPos": -220,
                    "ZPos": -252,
                    "YScale": 1.39692,
                    "XRotation": 0,
                    "YRotation": -1024,
                    "ZRotation": -85
                },
                {
                    "ModelId": "74800",
                    "ModelIdNum": 74800,
                    "ObjectType": 0,
                    "XPos": -108,
                    "YPos": 0,
                    "ZPos": 94,
                    "XRotation": -1536,
                    "YRotation": 0,
                    "ZRotation": 0
                }
            ],
            "BlockFlatObjectRecords": [
                {
                    "Position": 0,
                    "XPos": 54,
                    "YPos": -80,
                    "ZPos": -152,
                    "TextureArchive": 210,
                    "TextureRecord": 13,
                    "FactionID": -32752,
                    "Flags": 17
                },
                {
                    "Position": 0,
                    "XPos": 60,
                    "YPos": 0,
                    "ZPos": 282,
                    "TextureArchive": 199,
                    "TextureRecord": 20,
                    "FactionID": 0,
                    "Flags": 17
                },
                {
                    "Position": 0,
                    "XPos": 108,
                    "YPos": 0,
                    "ZPos": -262,
                    "TextureArchive": 199,
                    "TextureRecord": 20,
                    "FactionID": 0,
                    "Flags": 17
                },
                {
                    "Position": 0,
                    "XPos": -164,
                    "YPos": -1,
                    "ZPos": 138,
                    "TextureArchive": 199,
                    "TextureRecord": 20,
                    "FactionID": 0,
                    "Flags": 17
                },
                {
                    "Position": 0,
                    "XPos": 80,
                    "YPos": -129,
                    "ZPos": -188,
                    "TextureArchive": 199,
                    "TextureRecord": 20,
                    "FactionID": 0,
                    "Flags": 17
                },
                {
                    "Position": 0,
                    "XPos": -18,
                    "YPos": -193,
                    "ZPos": -40,
                    "TextureArchive": 210,
                    "TextureRecord": 25,
                    "FactionID": -32752,
                    "Flags": 17
                },
                {
                    "Position": 0,
                    "XPos": 36,
                    "YPos": -129,
                    "ZPos": 154,
                    "TextureArchive": 199,
                    "TextureRecord": 22,
                    "FactionID": 0,
                    "Flags": 17
                },
                {
                    "Position": 0,
                    "XPos": 112,
                    "YPos": 0,
                    "ZPos": 242,
                    "TextureArchive": 199,
                    "TextureRecord": 21,
                    "FactionID": 0,
                    "Flags": 17
                },
                {
                    "Position": 0,
                    "XPos": 96,
                    "YPos": 0,
                    "ZPos": -22,
                    "TextureArchive": 199,
                    "TextureRecord": 8,
                    "FactionID": 0,
                    "Flags": 0
                },
                {
                    "Position": 0,
                    "XPos": 44,
                    "YPos": -78,
                    "ZPos": 142,
                    "TextureArchive": 210,
                    "TextureRecord": 13,
                    "FactionID": 28684,
                    "Flags": 17
                },
                {
                    "Position": 0,
                    "XPos": 0,
                    "YPos": -36,
                    "ZPos": -254,
                    "TextureArchive": 213,
                    "TextureRecord": 3,
                    "FactionID": 0,
                    "Flags": 0
                },
                {
                    "Position": 0,
                    "XPos": 158,
                    "YPos": 0,
                    "ZPos": 290,
                    "TextureArchive": 205,
                    "TextureRecord": 0,
                    "FactionID": 0,
                    "Flags": 0
                },
                {
                    "Position": 0,
                    "XPos": 158,
                    "YPos": 0,
                    "ZPos": 280,
                    "TextureArchive": 205,
                    "TextureRecord": 20,
                    "FactionID": 0,
                    "Flags": 0
                },
                {
                    "Position": 0,
                    "XPos": 146,
                    "YPos": -19,
                    "ZPos": 164,
                    "TextureArchive": 56790,
                    "TextureRecord": 24,
                    "FactionID": 0,
                    "Flags": 0
                },
                {
                    "Position": 0,
                    "XPos": -104,
                    "YPos": -15,
                    "ZPos": 236,
                    "TextureArchive": 199,
                    "TextureRecord": 11,
                    "FactionID": 0,
                    "Flags": 0
                },
                {
                    "Position": 0,
                    "XPos": 24,
                    "YPos": -129,
                    "ZPos": 2,
                    "TextureArchive": 199,
                    "TextureRecord": 18,
                    "FactionID": 0,
                    "Flags": 0
                },
                {
                    "Position": 0,
                    "XPos": 118,
                    "YPos": -16,
                    "ZPos": 114,
                    "TextureArchive": 199,
                    "TextureRecord": 4,
                    "FactionID": 0,
                    "Flags": 0
                }
            ],
            "BlockSection3Records": [
                {
                    "XPos": -128,
                    "YPos": 0,
                    "ZPos": 256
                },
                {
                    "XPos": 0,
                    "YPos": 0,
                    "ZPos": 256
                },
                {
                    "XPos": -128,
                    "YPos": 0,
                    "ZPos": 128
                },
                {
                    "XPos": 0,
                    "YPos": 0,
                    "ZPos": 128
                },
                {
                    "XPos": 128,
                    "YPos": 0,
                    "ZPos": 128
                },
                {
                    "XPos": 0,
                    "YPos": 0,
                    "ZPos": 0
                },
                {
                    "XPos": -128,
                    "YPos": 0,
                    "ZPos": 0
                },
                {
                    "XPos": -128,
                    "YPos": 0,
                    "ZPos": -128
                },
                {
                    "XPos": 0,
                    "YPos": 0,
                    "ZPos": -128
                },
                {
                    "XPos": 128,
                    "YPos": 0,
                    "ZPos": -128
                },
                {
                    "XPos": 128,
                    "YPos": 0,
                    "ZPos": -256
                },
                {
                    "XPos": 0,
                    "YPos": 0,
                    "ZPos": -256
                },
                {
                    "XPos": -128,
                    "YPos": 0,
                    "ZPos": -256
                },
                {
                    "XPos": -128,
                    "YPos": -129,
                    "ZPos": 256
                },
                {
                    "XPos": 0,
                    "YPos": -129,
                    "ZPos": 256
                },
                {
                    "XPos": 0,
                    "YPos": -129,
                    "ZPos": 128
                },
                {
                    "XPos": 128,
                    "YPos": -129,
                    "ZPos": 128
                },
                {
                    "XPos": 128,
                    "YPos": -129,
                    "ZPos": 0
                },
                {
                    "XPos": 0,
                    "YPos": -129,
                    "ZPos": 0
                },
                {
                    "XPos": 0,
                    "YPos": -129,
                    "ZPos": -128
                },
                {
                    "XPos": 128,
                    "YPos": -129,
                    "ZPos": -128
                },
                {
                    "XPos": 128,
                    "YPos": -129,
                    "ZPos": -256
                },
                {
                    "XPos": 0,
                    "YPos": -129,
                    "ZPos": -256
                },
                {
                    "XPos": -128,
                    "YPos": -129,
                    "ZPos": -256
                },
                {
                    "XPos": -128,
                    "YPos": -129,
                    "ZPos": -128
                },
                {
                    "XPos": -128,
                    "YPos": -129,
                    "ZPos": 0
                },
                {
                    "XPos": -128,
                    "YPos": -129,
                    "ZPos": 128
                },
                {
                    "XPos": 128,
                    "YPos": -129,
                    "ZPos": 256
                }
            ],
            "BlockPeopleRecords": [
                {
                    "Position": 6792,
                    "XPos": -114,
                    "YPos": -2,
                    "ZPos": -166,
                    "TextureArchive": 334,
                    "TextureRecord": 5,
                    "FactionID": 0,
                    "Flags": 33
                },
                {
                    "Position": 6793,
                    "XPos": -90,
                    "YPos": 2,
                    "ZPos": -68,
                    "TextureArchive": 184,
                    "TextureRecord": 24,
                    "FactionID": 0,
                    "Flags": 0
                }
            ],
            "BlockDoorRecords": []
        }
    },
    "AutoMapData": null
}