{
    "FactionId": 0,
    "BuildingType": 18,
    "Quality": 12,
    "NameSeed": 0,
    "RmbSubRecord": {
        "XPos": 1984,
        "ZPos": 576,
        "YRotation": 0,
        "Exterior": {
            "Header": {
                "Num3dObjectRecords": 1,
                "NumFlatObjectRecords": 0,
                "NumSection3Records": 0,
                "NumPeopleRecords": 0,
                "NumDoorRecords": 0
            },
            "Block3dObjectRecords": [
                {
                    "ModelId": "149",
                    "ModelIdNum": 149,
                    "ObjectType": 4,
                    "XPos": 0,
                    "YPos": 0,
                    "ZPos": 0,
                    "XRotation": 0,
                    "YRotation": 0,
                    "ZRotation": 0
                }
            ],
            "BlockFlatObjectRecords": [],
            "BlockSection3Records": [],
            "BlockPeopleRecords": [],
            "BlockDoorRecords": []
        },
        "Interior": {
            "Header": {
                "Num3dObjectRecords": 30,
                "NumFlatObjectRecords": 24,
                "NumSection3Records": 43,
                "NumPeopleRecords": 1,
                "NumDoorRecords": 10
            },
            "Block3dObjectRecords": [
                {
                    "ModelId": "28410",
                    "ModelIdNum": 28410,
                    "ObjectType": 13,
                    "XPos": 0,
                    "YPos": -223,
                    "ZPos": 0,
                    "XRotation": 0,
                    "YRotation": -1024,
                    "ZRotation": 0
                },
                {
                    "ModelId": "31430",
                    "ModelIdNum": 31430,
                    "ObjectType": 13,
                    "XPos": 0,
                    "YPos": -63,
                    "ZPos": -253,
                    "XRotation": 0,
                    "YRotation": -1024,
                    "ZRotation": 0
                },
                {
                    "ModelId": "31409",
                    "ModelIdNum": 31409,
                    "ObjectType": 13,
                    "XPos": -3,
                    "YPos": -63,
                    "ZPos": -128,
                    "XRotation": 0,
                    "YRotation": 0,
                    "ZRotation": 0
                },
                {
                    "ModelId": "31403",
                    "ModelIdNum": 31403,
                    "ObjectType": 13,
                    "XPos": 253,
                    "YPos": -63,
                    "ZPos": -253,
                    "XRotation": 0,
                    "YRotation": 0,
                    "ZRotation": 0
                },
                {
                    "ModelId": "31400",
                    "ModelIdNum": 31400,
                    "ObjectType": 13,
                    "XPos": 0,
                    "YPos": -63,
                    "ZPos": 128,
                    "XRotation": 0,
                    "YRotation": -1024,
                    "ZRotation": 0
                },
                {
                    "ModelId": "31417",
                    "ModelIdNum": 31417,
                    "ObjectType": 13,
                    "XPos": 0,
                    "YPos": -63,
                    "ZPos": 0,
                    "XRotation": 0,
                    "YRotation": -1024,
                    "ZRotation": 0
                },
                {
                    "ModelId": "31418",
                    "ModelIdNum": 31418,
                    "ObjectType": 13,
                    "XPos": -253,
                    "YPos": -63,
                    "ZPos": 256,
                    "XRotation": 0,
                    "YRotation": -512,
                    "ZRotation": 0
                },
                {
                    "ModelId": "31426",
                    "ModelIdNum": 31426,
                    "ObjectType": 13,
                    "XPos": 0,
                    "YPos": -63,
                    "ZPos": 253,
                    "XRotation": 0,
                    "YRotation": -1536,
                    "ZRotation": 0
                },
                {
                    "ModelId": "31411",
                    "ModelIdNum": 31411,
                    "ObjectType": 13,
                    "XPos": -128,
                    "YPos": -63,
                    "ZPos": -128,
                    "XRotation": 0,
                    "YRotation": -1024,
                    "ZRotation": 0
                },
                {
                    "ModelId": "36400",
                    "ModelIdNum": 36400,
                    "ObjectType": 13,
                    "XPos": 131,
                    "YPos": -64,
                    "ZPos": -131,
                    "XRotation": 0,
                    "YRotation": -1024,
                    "ZRotation": 0
                },
                {
                    "ModelId": "41000",
                    "ModelIdNum": 41000,
                    "ObjectType": 3,
                    "XPos": -272,
                    "YPos": 2,
                    "ZPos": 144,
                    "XRotation": 0,
                    "YRotation": -1536,
                    "ZRotation": 0
                },
                {
                    "ModelId": "41003",
                    "ModelIdNum": 41003,
                    "ObjectType": 3,
                    "XPos": -88,
                    "YPos": 2,
                    "ZPos": 104,
                    "XRotation": 0,
                    "YRotation": -1536,
                    "ZRotation": 0
                },
                {
                    "ModelId": "41102",
                    "ModelIdNum": 41102,
                    "ObjectType": 3,
                    "XPos": 208,
                    "YPos": 2,
                    "ZPos": 272,
                    "XRotation": 0,
                    "YRotation": -702,
                    "ZRotation": 0
                },
                {
                    "ModelId": "41109",
                    "ModelIdNum": 41109,
                    "ObjectType": 3,
                    "XPos": 216,
                    "YPos": 2,
                    "ZPos": 112,
                    "XRotation": 0,
                    "YRotation": -1022,
                    "ZRotation": 0
                },
                {
                    "ModelId": "41100",
                    "ModelIdNum": 41100,
                    "ObjectType": 3,
                    "XPos": 256,
                    "YPos": 2,
                    "ZPos": 160,
                    "XRotation": 0,
                    "YRotation": -1278,
                    "ZRotation": 0
                },
                {
                    "ModelId": "41100",
                    "ModelIdNum": 41100,
                    "ObjectType": 3,
                    "XPos": 192,
                    "YPos": 2,
                    "ZPos": 160,
                    "XRotation": 0,
                    "YRotation": -894,
                    "ZRotation": 0
                },
                {
                    "ModelId": "41102",
                    "ModelIdNum": 41102,
                    "ObjectType": 3,
                    "XPos": 143,
                    "YPos": 2,
                    "ZPos": 115,
                    "XRotation": 0,
                    "YRotation": -484,
                    "ZRotation": 0
                },
                {
                    "ModelId": "41106",
                    "ModelIdNum": 41106,
                    "ObjectType": 3,
                    "XPos": 215,
                    "YPos": 2,
                    "ZPos": 75,
                    "XRotation": 0,
                    "YRotation": -2012,
                    "ZRotation": 0
                },
                {
                    "ModelId": "41124",
                    "ModelIdNum": 41124,
                    "ObjectType": 3,
                    "XPos": 162,
                    "YPos": 2,
                    "ZPos": -46,
                    "XRotation": 0,
                    "YRotation": -2045,
                    "ZRotation": 0
                },
                {
                    "ModelId": "41409",
                    "ModelIdNum": 41409,
                    "ObjectType": 3,
                    "XPos": -256,
                    "YPos": 3,
                    "ZPos": -208,
                    "XRotation": 0,
                    "YRotation": -1024,
                    "ZRotation": 0
                },
                {
                    "ModelId": "31425",
                    "ModelIdNum": 31425,
                    "ObjectType": 13,
                    "XPos": -128,
                    "YPos": -63,
                    "ZPos": -256,
                    "XRotation": 0,
                    "YRotation": 0,
                    "ZRotation": 0
                },
                {
                    "ModelId": "3400",
                    "ModelIdNum": 3400,
                    "ObjectType": 13,
                    "XPos": -189,
                    "YPos": -64,
                    "ZPos": -256,
                    "XRotation": 0,
                    "YRotation": -1024,
                    "ZRotation": 0
                },
                {
                    "ModelId": "3418",
                    "ModelIdNum": 3418,
                    "ObjectType": 13,
                    "XPos": -128,
                    "YPos": -63,
                    "ZPos": -314,
                    "XRotation": 0,
                    "YRotation": -512,
                    "ZRotation": 0
                },
                {
                    "ModelId": "3404",
                    "ModelIdNum": 3404,
                    "ObjectType": 13,
                    "XPos": -128,
                    "YPos": -63,
                    "ZPos": -198,
                    "XRotation": 0,
                    "YRotation": -1536,
                    "ZRotation": 0
                },
                {
                    "ModelId": "31425",
                    "ModelIdNum": 31425,
                    "ObjectType": 13,
                    "XPos": 128,
                    "YPos": -63,
                    "ZPos": -256,
                    "XRotation": 0,
                    "YRotation": 0,
                    "ZRotation": 0
                },
                {
                    "ModelId": "3400",
                    "ModelIdNum": 3400,
                    "ObjectType": 13,
                    "XPos": 189,
                    "YPos": -64,
                    "ZPos": -256,
                    "XRotation": 0,
                    "YRotation": 0,
                    "ZRotation": 0
                },
                {
                    "ModelId": "3416",
                    "ModelIdNum": 3416,
                    "ObjectType": 13,
                    "XPos": 128,
                    "YPos": 0,
                    "ZPos": -256,
                    "XRotation": 0,
                    "YRotation": -512,
                    "ZRotation": 0
                },
                {
                    "ModelId": "3400",
                    "ModelIdNum": 3400,
                    "ObjectType": 13,
                    "XPos": 128,
                    "YPos": -64,
                    "ZPos": -195,
                    "XRotation": 0,
                    "YRotation": -1536,
                    "ZRotation": 0
                },
                {
                    "ModelId": "31425",
                    "ModelIdNum": 31425,
                    "ObjectType": 13,
                    "XPos": 256,
                    "YPos": -63,
                    "ZPos": -128,
                    "XRotation": 0,
                    "YRotation": 0,
                    "ZRotation": 0
                },
                {
                    "ModelId": "3400",
                    "ModelIdNum": 3400,
                    "ObjectType": 13,
                    "XPos": 195,
                    "YPos": -64,
                    "ZPos": -128,
                    "XRotation": 0,
                    "YRotation": -1024,
                    "ZRotation": 0
                },
                {
                    "ModelId": "3400",
                    "ModelIdNum": 3400,
                    "ObjectType": 13,
                    "XPos": 256,
                    "YPos": -64,
                    "ZPos": -67,
                    "XRotation": 0,
                    "YRotation": -1536,
                    "ZRotation": 0
                },
                {
                    "ModelId": "3418",
                    "ModelIdNum": 3418,
                    "ObjectType": 13,
                    "XPos": 314,
                    "YPos": -63,
                    "ZPos": -128,
                    "XRotation": 0,
                    "YRotation": 0,
                    "ZRotation": 0
                },
                {
                    "ModelId": "3407",
                    "ModelIdNum": 3407,
                    "ObjectType": 13,
                    "XPos": -258,
                    "YPos": 0,
                    "ZPos": -200,
                    "XRotation": 0,
                    "YRotation": -1024,
                    "ZRotation": 0
                },
                {
                    "ModelId": "31425",
                    "ModelIdNum": 31425,
                    "ObjectType": 13,
                    "XPos": -128,
                    "YPos": -63,
                    "ZPos": 256,
                    "XRotation": 0,
                    "YRotation": 0,
                    "ZRotation": 0
                },
                {
                    "ModelId": "3400",
                    "ModelIdNum": 3400,
                    "ObjectType": 13,
                    "XPos": -128,
                    "YPos": -63,
                    "ZPos": 195,
                    "XRotation": 0,
                    "YRotation": -512,
                    "ZRotation": 0
                },
                {
                    "ModelId": "3418",
                    "ModelIdNum": 3418,
                    "ObjectType": 13,
                    "XPos": -128,
                    "YPos": -63,
                    "ZPos": 320,
                    "XRotation": 0,
                    "YRotation": -1536,
                    "ZRotation": 0
                },
                {
                    "ModelId": "3400",
                    "ModelIdNum": 3400,
                    "ObjectType": 13,
                    "XPos": 67,
                    "YPos": -64,
                    "ZPos": 256,
                    "XRotation": 0,
                    "YRotation": -1024,
                    "ZRotation": 0
                },
                {
                    "ModelId": "3400",
                    "ModelIdNum": 3400,
                    "ObjectType": 13,
                    "XPos": -195,
                    "YPos": -64,
                    "ZPos": -128,
                    "XRotation": 0,
                    "YRotation": 0,
                    "ZRotation": 0
                },
                {
                    "ModelId": "3404",
                    "ModelIdNum": 3404,
                    "ObjectType": 13,
                    "XPos": -256,
                    "YPos": -64,
                    "ZPos": -186,
                    "XRotation": 0,
                    "YRotation": -512,
                    "ZRotation": 0
                },
                {
                    "ModelId": "31425",
                    "ModelIdNum": 31425,
                    "ObjectType": 13,
                    "XPos": -256,
                    "YPos": -64,
                    "ZPos": -128,
                    "XRotation": 0,
                    "YRotation": 0,
                    "ZRotation": 0
                },
                {
                    "ModelId": "3400",
                    "ModelIdNum": 3400,
                    "ObjectType": 13,
                    "XPos": -67,
                    "YPos": -64,
                    "ZPos": 0,
                    "XRotation": 0,
                    "YRotation": 0,
                    "ZRotation": 0
                },
                {
                    "ModelId": "3404",
                    "ModelIdNum": 3404,
                    "ObjectType": 13,
                    "XPos": -128,
                    "YPos": -64,
                    "ZPos": -58,
                    "XRotation": 0,
                    "YRotation": -512,
                    "ZRotation": 0
                },
                {
                    "ModelId": "4402",
                    "ModelIdNum": 4402,
                    "ObjectType": 13,
                    "XPos": -256,
                    "YPos": 0,
                    "ZPos": 6,
                    "XRotation": 0,
                    "YRotation": -1024,
                    "ZRotation": 0
                },
                {
                    "ModelId": "3404",
                    "ModelIdNum": 3404,
                    "ObjectType": 13,
                    "XPos": -70,
                    "YPos": -64,
                    "ZPos": 116,
                    "XRotation": 0,
                    "YRotation": 0,
                    "ZRotation": 0
                },
                {
                    "ModelId": "3400",
                    "ModelIdNum": 3400,
                    "ObjectType": 13,
                    "XPos": -128,
                    "YPos": -63,
                    "ZPos": 189,
                    "XRotation": 0,
                    "YRotation": -1536,
                    "ZRotation": 0
                },
                {
                    "ModelId": "4400",
                    "ModelIdNum": 4400,
                    "ObjectType": 13,
                    "XPos": -71,
                    "YPos": -64,
                    "ZPos": 180,
                    "XRotation": 0,
                    "YRotation": -512,
                    "ZRotation": 0
                },
                {
                    "ModelId": "3404",
                    "ModelIdNum": 3404,
                    "ObjectType": 13,
                    "XPos": -256,
                    "YPos": -64,
                    "ZPos": 186,
                    "XRotation": 0,
                    "YRotation": -1536,
                    "ZRotation": 0
                },
                {
                    "ModelId": "4400",
                    "ModelIdNum": 4400,
                    "ObjectType": 13,
                    "XPos": -192,
                    "YPos": -64,
                    "ZPos": 185,
                    "XRotation": 0,
                    "YRotation": 0,
                    "ZRotation": 0
                },
                {
                    "ModelId": "3418",
                    "ModelIdNum": 3418,
                    "ObjectType": 13,
                    "XPos": 128,
                    "YPos": -64,
                    "ZPos": 314,
                    "XRotation": 0,
                    "YRotation": -1536,
                    "ZRotation": 0
                },
                {
                    "ModelId": "3406",
                    "ModelIdNum": 3406,
                    "ObjectType": 13,
                    "XPos": 256,
                    "YPos": 0,
                    "ZPos": 256,
                    "XRotation": 0,
                    "YRotation": 0,
                    "ZRotation": 0
                },
                {
                    "ModelId": "3404",
                    "ModelIdNum": 3404,
                    "ObjectType": 13,
                    "XPos": 256,
                    "YPos": -64,
                    "ZPos": 314,
                    "XRotation": 0,
                    "YRotation": -1536,
                    "ZRotation": 0
                },
                {
                    "ModelId": "3400",
                    "ModelIdNum": 3400,
                    "ObjectType": 13,
                    "XPos": 256,
                    "YPos": -64,
                    "ZPos": -61,
                    "XRotation": 0,
                    "YRotation": -512,
                    "ZRotation": 0
                },
                {
                    "ModelId": "4404",
                    "ModelIdNum": 4404,
                    "ObjectType": 13,
                    "XPos": 256,
                    "YPos": 0,
                    "ZPos": 258,
                    "XRotation": 0,
                    "YRotation": 0,
                    "ZRotation": 0
                },
                {
                    "ModelId": "3404",
                    "ModelIdNum": 3404,
                    "ObjectType": 13,
                    "XPos": 140,
                    "YPos": -64,
                    "ZPos": -58,
                    "XRotation": 0,
                    "YRotation": -512,
                    "ZRotation": 0
                },
                {
                    "ModelId": "3400",
                    "ModelIdNum": 3400,
                    "ObjectType": 13,
                    "XPos": 67,
                    "YPos": -64,
                    "ZPos": 0,
                    "XRotation": 0,
                    "YRotation": -1024,
                    "ZRotation": 0
                },
                {
                    "ModelId": "3404",
                    "ModelIdNum": 3404,
                    "ObjectType": 13,
                    "XPos": 70,
                    "YPos": -64,
                    "ZPos": 118,
                    "ZScale": 1.035,
                    "XRotation": 0,
                    "YRotation": -1024,
                    "ZRotation": 0
                },
                {
                    "ModelId": "4400",
                    "ModelIdNum": 4400,
                    "ObjectType": 13,
                    "XPos": 76,
                    "YPos": -64,
                    "ZPos": -57,
                    "XRotation": 0,
                    "YRotation": -1024,
                    "ZRotation": 0
                },
                {
                    "ModelId": "4406",
                    "ModelIdNum": 4406,
                    "ObjectType": 13,
                    "XPos": 70,
                    "YPos": -64,
                    "ZPos": 180,
                    "XRotation": 0,
                    "YRotation": 0,
                    "ZRotation": 0
                },
                {
                    "ModelId": "4406",
                    "ModelIdNum": 4406,
                    "ObjectType": 13,
                    "XPos": 71,
                    "YPos": -64,
                    "ZPos": 192,
                    "XRotation": 0,
                    "YRotation": -1536,
                    "ZRotation": 0
                },
                {
                    "ModelId": "1407",
                    "ModelIdNum": 1407,
                    "ObjectType": 13,
                    "XPos": -256,
                    "YPos": -1,
                    "ZPos": 0,
                    "XRotation": 0,
                    "YRotation": 0,
                    "ZRotation": 0
                },
                {
                    "ModelId": "1408",
                    "ModelIdNum": 1408,
                    "ObjectType": 13,
                    "XPos": 128,
                    "YPos": -1,
                    "ZPos": 0,
                    "XRotation": 0,
                    "YRotation": 0,
                    "ZRotation": 0
                },
                {
                    "ModelId": "2408",
                    "ModelIdNum": 2408,
                    "ObjectType": 13,
                    "XPos": 192,
                    "YPos": -126,
                    "ZPos": 128,
                    "XRotation": 0,
                    "YRotation": 0,
                    "ZRotation": 0
                },
                {
                    "ModelId": "2407",
                    "ModelIdNum": 2407,
                    "ObjectType": 13,
                    "XPos": -256,
                    "YPos": 1,
                    "ZPos": 0,
                    "XRotation": 0,
                    "YRotation": 0,
                    "ZRotation": 0
                },
                {
                    "ModelId": "41005",
                    "ModelIdNum": 41005,
                    "ObjectType": 3,
                    "XPos": -303,
                    "YPos": 1,
                    "ZPos": -280,
                    "XRotation": 0,
                    "YRotation": -1538,
                    "ZRotation": 0
                },
                {
                    "ModelId": "41005",
                    "ModelIdNum": 41005,
                    "ObjectType": 3,
                    "XPos": 168,
                    "YPos": 1,
                    "ZPos": -128,
                    "XRotation": 0,
                    "YRotation": -1536,
                    "ZRotation": 0
                },
                {
                    "ModelId": "41036",
                    "ModelIdNum": 41036,
                    "ObjectType": 3,
                    "XPos": 62,
                    "YPos": 1,
                    "ZPos": -305,
                    "XRotation": 0,
                    "YRotation": 0,
                    "ZRotation": 0
                },
                {
                    "ModelId": "51108",
                    "ModelIdNum": 51108,
                    "ObjectType": 0,
                    "XPos": 298,
                    "YPos": -16,
                    "ZPos": -234,
                    "XRotation": 0,
                    "YRotation": -511,
                    "ZRotation": 0
                },
                {
                    "ModelId": "41040",
                    "ModelIdNum": 41040,
                    "ObjectType": 0,
                    "XPos": 304,
                    "YPos": -38,
                    "ZPos": -1,
                    "XRotation": 0,
                    "YRotation": -1548,
                    "ZRotation": 0
                },
                {
                    "ModelId": "41037",
                    "ModelIdNum": 41037,
                    "ObjectType": 3,
                    "XPos": 112,
                    "YPos": 2,
                    "ZPos": -46,
                    "XRotation": 0,
                    "YRotation": 0,
                    "ZRotation": 0
                },
                {
                    "ModelId": "41044",
                    "ModelIdNum": 41044,
                    "ObjectType": 3,
                    "XPos": -1,
                    "YPos": 4,
                    "ZPos": 303,
                    "XRotation": 0,
                    "YRotation": 0,
                    "ZRotation": 0
                },
                {
                    "ModelId": "41018",
                    "ModelIdNum": 41018,
                    "ObjectType": 0,
                    "XPos": -301,
                    "YPos": -39,
                    "ZPos": 260,
                    "XRotation": 0,
                    "YRotation": -515,
                    "ZRotation": 0
                },
                {
                    "ModelId": "51117",
                    "ModelIdNum": 51117,
                    "ObjectType": 0,
                    "XPos": -228,
                    "YPos": -26,
                    "ZPos": 215,
                    "XRotation": 0,
                    "YRotation": -1024,
                    "ZRotation": 0
                },
                {
                    "ModelId": "41833",
                    "ModelIdNum": 41833,
                    "ObjectType": 0,
                    "XPos": -168,
                    "YPos": -173,
                    "ZPos": 230,
                    "XRotation": 0,
                    "YRotation": -89,
                    "ZRotation": 0
                },
                {
                    "ModelId": "41834",
                    "ModelIdNum": 41834,
                    "ObjectType": 0,
                    "XPos": 159,
                    "YPos": -156,
                    "ZPos": 136,
                    "XRotation": 0,
                    "YRotation": -112,
                    "ZRotation": 0
                },
                {
                    "ModelId": "41831",
                    "ModelIdNum": 41831,
                    "ObjectType": 0,
                    "XPos": 116,
                    "YPos": -141,
                    "ZPos": 56,
                    "XRotation": 0,
                    "YRotation": -26,
                    "ZRotation": 0
                },
                {
                    "ModelId": "41108",
                    "ModelIdNum": 41108,
                    "ObjectType": 0,
                    "XPos": -178,
                    "YPos": -147,
                    "ZPos": 105,
                    "XRotation": 0,
                    "YRotation": -81,
                    "ZRotation": 0
                },
                {
                    "ModelId": "41816",
                    "ModelIdNum": 41816,
                    "ObjectType": 0,
                    "XPos": -153,
                    "YPos": -8,
                    "ZPos": -92,
                    "XRotation": 0,
                    "YRotation": -53,
                    "ZRotation": 0
                },
                {
                    "ModelId": "41815",
                    "ModelIdNum": 41815,
                    "ObjectType": 0,
                    "XPos": -98,
                    "YPos": -6,
                    "ZPos": -90,
                    "XRotation": 0,
                    "YRotation": -1970,
                    "ZRotation": 0
                },
                {
                    "ModelId": "41014",
                    "ModelIdNum": 41014,
                    "ObjectType": 0,
                    "XPos": -256,
                    "YPos": -39,
                    "ZPos": -172,
                    "XRotation": 0,
                    "YRotation": 0,
                    "ZRotation": 0
                },
                {
                    "ModelId": "41036",
                    "ModelIdNum": 41036,
                    "ObjectType": 3,
                    "XPos": -204,
                    "YPos": 2,
                    "ZPos": 176,
                    "XRotation": 0,
                    "YRotation": -1015,
                    "ZRotation": 0
                },
                {
                    "ModelId": "41105",
                    "ModelIdNum": 41105,
                    "ObjectType": 0,
                    "XPos": -96,
                    "YPos": -16,
                    "ZPos": -208,
                    "XRotation": 0,
                    "YRotation": 0,
                    "ZRotation": 0
                },
                {
                    "ModelId": "51115",
                    "ModelIdNum": 51115,
                    "ObjectType": 0,
                    "XPos": -126,
                    "YPos": -54,
                    "ZPos": -214,
                    "XRotation": 0,
                    "YRotation": 0,
                    "ZRotation": 0
                },
                {
                    "ModelId": "41030",
                    "ModelIdNum": 41030,
                    "ObjectType": 0,
                    "XPos": 48,
                    "YPos": -36,
                    "ZPos": -110,
                    "XRotation": 0,
                    "YRotation": -1546,
                    "ZRotation": 0
                },
                {
                    "ModelId": "69422",
                    "ModelIdNum": 69422,
                    "ObjectType": 0,
                    "XPos": 72,
                    "YPos": -64,
                    "ZPos": 106,
                    "XScale": 1.825933,
                    "YScale": 1.825933,
                    "ZScale": 1.825933,
                    "XRotation": -1536,
                    "YRotation": -1024,
                    "ZRotation": 0
                },
                {
                    "ModelId": "41007",
                    "ModelIdNum": 41007,
                    "ObjectType": 0,
                    "XPos": 252,
                    "YPos": -56,
                    "ZPos": -304,
                    "XRotation": 0,
                    "YRotation": 0,
                    "ZRotation": 0
                },
                {
                    "ModelId": "41019",
                    "ModelIdNum": 41019,
                    "ObjectType": 0,
                    "XPos": 48,
                    "YPos": -36,
                    "ZPos": 102,
                    "XRotation": 0,
                    "YRotation": -1536,
                    "ZRotation": 0
                },
                {
                    "ModelId": "41100",
                    "ModelIdNum": 41100,
                    "ObjectType": 0,
                    "XPos": 34,
                    "YPos": -15,
                    "ZPos": 191,
                    "XRotation": 0,
                    "YRotation": -1724,
                    "ZRotation": 0
                },
                {
                    "ModelId": "45161",
                    "ModelIdNum": 45161,
                    "ObjectType": 0,
                    "XPos": -56,
                    "YPos": -85,
                    "ZPos": 114,
                    "XRotation": 0,
                    "YRotation": -1536,
                    "ZRotation": 0
                },
                {
                    "ModelId": "41024",
                    "ModelIdNum": 41024,
                    "ObjectType": 0,
                    "XPos": -172,
                    "YPos": -38,
                    "ZPos": -45,
                    "XRotation": 0,
                    "YRotation": 0,
                    "ZRotation": 0
                },
                {
                    "ModelId": "41108",
                    "ModelIdNum": 41108,
                    "ObjectType": 0,
                    "XPos": -118,
                    "YPos": -17,
                    "ZPos": -38,
                    "XScale": 0.9447241,
                    "YScale": 0.8464512,
                    "ZScale": 0.781613,
                    "XRotation": 0,
                    "YRotation": 0,
                    "ZRotation": 0
                },
                {
                    "ModelId": "41108",
                    "ModelIdNum": 41108,
                    "ObjectType": 0,
                    "XPos": -222,
                    "YPos": -18,
                    "ZPos": 288,
                    "XRotation": 0,
                    "YRotation": 0,
                    "ZRotation": 0
                },
                {
                    "ModelId": "45076",
                    "ModelIdNum": 45076,
                    "ObjectType": 0,
                    "XPos": 278,
                    "YPos": -14,
                    "ZPos": 278,
                    "XScale": 0.33981,
                    "ZScale": 1.00403,
                    "XRotation": 0,
                    "YRotation": -1792,
                    "ZRotation": 0
                },
                {
                    "ModelId": "45129",
                    "ModelIdNum": 45129,
                    "ObjectType": 0,
                    "XPos": 322,
                    "YPos": 2,
                    "ZPos": 216,
                    "XScale": 1.563,
                    "YScale": 1.83688,
                    "ZScale": 3.0,
                    "XRotation": 0,
                    "YRotation": -256,
                    "ZRotation": -512
                },
                {
                    "ModelId": "41117",
                    "ModelIdNum": 41117,
                    "ObjectType": 3,
                    "XPos": 278,
                    "YPos": 5,
                    "ZPos": 278,
                    "ZScale": 0.7895401,
                    "XRotation": 0,
                    "YRotation": -1279,
                    "ZRotation": 0
                },
                {
                    "ModelId": "45081",
                    "ModelIdNum": 45081,
                    "ObjectType": 0,
                    "XPos": 300,
                    "YPos": -59,
                    "ZPos": 238,
                    "YScale": 1.03,
                    "ZScale": 0.8811498,
                    "XRotation": 0,
                    "YRotation": -256,
                    "ZRotation": -512
                },
                {
                    "ModelId": "45081",
                    "ModelIdNum": 45081,
                    "ObjectType": 0,
                    "XPos": 293,
                    "YPos": -54,
                    "ZPos": 247,
                    "XScale": 0.4999999,
                    "YScale": 0.7999998,
                    "ZScale": 0.8451296,
                    "XRotation": 0,
                    "YRotation": -256,
                    "ZRotation": -512
                },
                {
                    "ModelId": "69465",
                    "ModelIdNum": 69465,
                    "ObjectType": 0,
                    "XPos": 278,
                    "YPos": 4,
                    "ZPos": 278,
                    "XScale": 0.35315,
                    "YScale": 0.62978,
                    "ZScale": 0.9,
                    "XRotation": 0,
                    "YRotation": -1792,
                    "ZRotation": 0
                },
                {
                    "ModelId": "45110",
                    "ModelIdNum": 45110,
                    "ObjectType": 0,
                    "XPos": 244,
                    "YPos": -276,
                    "ZPos": -188,
                    "YScale": 5.170589,
                    "ZScale": 1.3,
                    "XRotation": 0,
                    "YRotation": 0,
                    "ZRotation": -511
                },
                {
                    "ModelId": "45110",
                    "ModelIdNum": 45110,
                    "ObjectType": 0,
                    "XPos": 42,
                    "YPos": -276,
                    "ZPos": -190,
                    "YScale": 1.12359,
                    "XRotation": 0,
                    "YRotation": -1024,
                    "ZRotation": -170
                },
                {
                    "ModelId": "45110",
                    "ModelIdNum": 45110,
                    "ObjectType": 0,
                    "XPos": -46,
                    "YPos": -280,
                    "ZPos": -188,
                    "YScale": 1.10524,
                    "XRotation": 0,
                    "YRotation": 0,
                    "ZRotation": -170
                },
                {
                    "ModelId": "45110",
                    "ModelIdNum": 45110,
                    "ObjectType": 0,
                    "XPos": 42,
                    "YPos": -280,
                    "ZPos": -190,
                    "YScale": 2.00911,
                    "ZScale": 1.1,
                    "XRotation": 0,
                    "YRotation": 0,
                    "ZRotation": -84
                },
                {
                    "ModelId": "45110",
                    "ModelIdNum": 45110,
                    "ObjectType": 0,
                    "XPos": -46,
                    "YPos": -274,
                    "ZPos": -188,
                    "YScale": 2.10345,
                    "ZScale": 1.2,
                    "XRotation": -2041,
                    "YRotation": 0,
                    "ZRotation": -1962
                },
                {
                    "ModelId": "45110",
                    "ModelIdNum": 45110,
                    "ObjectType": 0,
                    "XPos": 244,
                    "YPos": -276,
                    "ZPos": -62,
                    "YScale": 5.170589,
                    "ZScale": 1.3,
                    "XRotation": 0,
                    "YRotation": 0,
                    "ZRotation": -511
                },
                {
                    "ModelId": "45110",
                    "ModelIdNum": 45110,
                    "ObjectType": 0,
                    "XPos": 42,
                    "YPos": -276,
                    "ZPos": -64,
                    "YScale": 1.12359,
                    "XRotation": 0,
                    "YRotation": -1024,
                    "ZRotation": -170
                },
                {
                    "ModelId": "45110",
                    "ModelIdNum": 45110,
                    "ObjectType": 0,
                    "XPos": -46,
                    "YPos": -280,
                    "ZPos": -62,
                    "YScale": 1.10524,
                    "XRotation": 0,
                    "YRotation": 0,
                    "ZRotation": -170
                },
                {
                    "ModelId": "45110",
                    "ModelIdNum": 45110,
                    "ObjectType": 0,
                    "XPos": 42,
                    "YPos": -280,
                    "ZPos": -64,
                    "YScale": 2.00911,
                    "ZScale": 1.1,
                    "XRotation": 0,
                    "YRotation": 0,
                    "ZRotation": -84
                },
                {
                    "ModelId": "45110",
                    "ModelIdNum": 45110,
                    "ObjectType": 0,
                    "XPos": -46,
                    "YPos": -274,
                    "ZPos": -62,
                    "YScale": 2.10345,
                    "ZScale": 1.2,
                    "XRotation": -2041,
                    "YRotation": 0,
                    "ZRotation": -1962
                },
                {
                    "ModelId": "45110",
                    "ModelIdNum": 45110,
                    "ObjectType": 0,
                    "XPos": 244,
                    "YPos": -276,
                    "ZPos": 62,
                    "YScale": 5.170589,
                    "ZScale": 1.3,
                    "XRotation": 0,
                    "YRotation": 0,
                    "ZRotation": -511
                },
                {
                    "ModelId": "45110",
                    "ModelIdNum": 45110,
                    "ObjectType": 0,
                    "XPos": 42,
                    "YPos": -276,
                    "ZPos": 60,
                    "YScale": 1.12359,
                    "XRotation": 0,
                    "YRotation": -1024,
                    "ZRotation": -170
                },
                {
                    "ModelId": "45110",
                    "ModelIdNum": 45110,
                    "ObjectType": 0,
                    "XPos": -46,
                    "YPos": -280,
                    "ZPos": 62,
                    "YScale": 1.10524,
                    "XRotation": 0,
                    "YRotation": 0,
                    "ZRotation": -170
                },
                {
                    "ModelId": "45110",
                    "ModelIdNum": 45110,
                    "ObjectType": 0,
                    "XPos": 42,
                    "YPos": -280,
                    "ZPos": 60,
                    "YScale": 2.00911,
                    "ZScale": 1.1,
                    "XRotation": 0,
                    "YRotation": 0,
                    "ZRotation": -84
                },
                {
                    "ModelId": "45110",
                    "ModelIdNum": 45110,
                    "ObjectType": 0,
                    "XPos": -46,
                    "YPos": -274,
                    "ZPos": 62,
                    "YScale": 2.10345,
                    "ZScale": 1.2,
                    "XRotation": -2041,
                    "YRotation": 0,
                    "ZRotation": -1962
                },
                {
                    "ModelId": "45110",
                    "ModelIdNum": 45110,
                    "ObjectType": 0,
                    "XPos": 244,
                    "YPos": -276,
                    "ZPos": 190,
                    "YScale": 5.170589,
                    "ZScale": 1.3,
                    "XRotation": 0,
                    "YRotation": 0,
                    "ZRotation": -511
                },
                {
                    "ModelId": "45110",
                    "ModelIdNum": 45110,
                    "ObjectType": 0,
                    "XPos": 42,
                    "YPos": -276,
                    "ZPos": 188,
                    "YScale": 1.12359,
                    "XRotation": 0,
                    "YRotation": -1024,
                    "ZRotation": -170
                },
                {
                    "ModelId": "45110",
                    "ModelIdNum": 45110,
                    "ObjectType": 0,
                    "XPos": -46,
                    "YPos": -280,
                    "ZPos": 190,
                    "YScale": 1.10524,
                    "XRotation": 0,
                    "YRotation": 0,
                    "ZRotation": -170
                },
                {
                    "ModelId": "45110",
                    "ModelIdNum": 45110,
                    "ObjectType": 0,
                    "XPos": 42,
                    "YPos": -280,
                    "ZPos": 188,
                    "YScale": 2.00911,
                    "ZScale": 1.1,
                    "XRotation": 0,
                    "YRotation": 0,
                    "ZRotation": -84
                },
                {
                    "ModelId": "45110",
                    "ModelIdNum": 45110,
                    "ObjectType": 0,
                    "XPos": -46,
                    "YPos": -274,
                    "ZPos": 190,
                    "YScale": 2.10345,
                    "ZScale": 1.2,
                    "XRotation": -2041,
                    "YRotation": 0,
                    "ZRotation": -1962
                }
            ],
            "BlockFlatObjectRecords": [
                {
                    "Position": 0,
                    "XPos": 264,
                    "YPos": 0,
                    "ZPos": -144,
                    "TextureArchive": 199,
                    "TextureRecord": 20,
                    "FactionID": 0,
                    "Flags": 17
                },
                {
                    "Position": 0,
                    "XPos": -120,
                    "YPos": 0,
                    "ZPos": -136,
                    "TextureArchive": 199,
                    "TextureRecord": 20,
                    "FactionID": 0,
                    "Flags": 17
                },
                {
                    "Position": 0,
                    "XPos": 152,
                    "YPos": 0,
                    "ZPos": 32,
                    "TextureArchive": 199,
                    "TextureRecord": 20,
                    "FactionID": 0,
                    "Flags": 17
                },
                {
                    "Position": 0,
                    "XPos": 8,
                    "YPos": 0,
                    "ZPos": 88,
                    "TextureArchive": 199,
                    "TextureRecord": 20,
                    "FactionID": 0,
                    "Flags": 17
                },
                {
                    "Position": 0,
                    "XPos": 112,
                    "YPos": 0,
                    "ZPos": -136,
                    "TextureArchive": 199,
                    "TextureRecord": 20,
                    "FactionID": 0,
                    "Flags": 17
                },
                {
                    "Position": 0,
                    "XPos": -196,
                    "YPos": 0,
                    "ZPos": 120,
                    "TextureArchive": 199,
                    "TextureRecord": 20,
                    "FactionID": 0,
                    "Flags": 17
                },
                {
                    "Position": 0,
                    "XPos": 256,
                    "YPos": 0,
                    "ZPos": 216,
                    "TextureArchive": 199,
                    "TextureRecord": 20,
                    "FactionID": 0,
                    "Flags": 17
                },
                {
                    "Position": 0,
                    "XPos": 192,
                    "YPos": -80,
                    "ZPos": 194,
                    "TextureArchive": 210,
                    "TextureRecord": 13,
                    "FactionID": -32752,
                    "Flags": 17
                },
                {
                    "Position": 0,
                    "XPos": -200,
                    "YPos": -80,
                    "ZPos": 56,
                    "TextureArchive": 210,
                    "TextureRecord": 13,
                    "FactionID": -32752,
                    "Flags": 17
                },
                {
                    "Position": 0,
                    "XPos": -104,
                    "YPos": -80,
                    "ZPos": 256,
                    "TextureArchive": 210,
                    "TextureRecord": 13,
                    "FactionID": 26632,
                    "Flags": 17
                },
                {
                    "Position": 0,
                    "XPos": -270,
                    "YPos": 0,
                    "ZPos": -133,
                    "TextureArchive": 199,
                    "TextureRecord": 19,
                    "FactionID": 0,
                    "Flags": 17
                },
                {
                    "Position": 0,
                    "XPos": -176,
                    "YPos": -129,
                    "ZPos": 248,
                    "TextureArchive": 199,
                    "TextureRecord": 20,
                    "FactionID": 0,
                    "Flags": 17
                },
                {
                    "Position": 0,
                    "XPos": 184,
                    "YPos": -129,
                    "ZPos": 192,
                    "TextureArchive": 199,
                    "TextureRecord": 20,
                    "FactionID": 0,
                    "Flags": 17
                },
                {
                    "Position": 0,
                    "XPos": -184,
                    "YPos": -129,
                    "ZPos": -128,
                    "TextureArchive": 199,
                    "TextureRecord": 22,
                    "FactionID": 0,
                    "Flags": 17
                },
                {
                    "Position": 0,
                    "XPos": -248,
                    "YPos": 0,
                    "ZPos": -272,
                    "TextureArchive": 199,
                    "TextureRecord": 21,
                    "FactionID": 0,
                    "Flags": 17
                },
                {
                    "Position": 0,
                    "XPos": 0,
                    "YPos": 0,
                    "ZPos": -256,
                    "TextureArchive": 199,
                    "TextureRecord": 8,
                    "FactionID": 0,
                    "Flags": 0
                },
                {
                    "Position": 0,
                    "XPos": -256,
                    "YPos": 0,
                    "ZPos": 0,
                    "TextureArchive": 199,
                    "TextureRecord": 18,
                    "FactionID": 0,
                    "Flags": 0
                },
                {
                    "Position": 0,
                    "XPos": 0,
                    "YPos": -129,
                    "ZPos": 256,
                    "TextureArchive": 199,
                    "TextureRecord": 8,
                    "FactionID": 0,
                    "Flags": 0
                },
                {
                    "Position": 0,
                    "XPos": 128,
                    "YPos": -129,
                    "ZPos": 256,
                    "TextureArchive": 199,
                    "TextureRecord": 8,
                    "FactionID": 0,
                    "Flags": 0
                },
                {
                    "Position": 0,
                    "XPos": 128,
                    "YPos": -129,
                    "ZPos": -256,
                    "TextureArchive": 199,
                    "TextureRecord": 8,
                    "FactionID": 0,
                    "Flags": 0
                },
                {
                    "Position": 0,
                    "XPos": 0,
                    "YPos": -129,
                    "ZPos": -256,
                    "TextureArchive": 199,
                    "TextureRecord": 8,
                    "FactionID": 0,
                    "Flags": 0
                },
                {
                    "Position": 0,
                    "XPos": 193,
                    "YPos": -26,
                    "ZPos": -112,
                    "TextureArchive": 211,
                    "TextureRecord": 43,
                    "FactionID": 0,
                    "Flags": 0
                },
                {
                    "Position": 0,
                    "XPos": -296,
                    "YPos": -1,
                    "ZPos": -227,
                    "TextureArchive": 205,
                    "TextureRecord": 29,
                    "FactionID": 0,
                    "Flags": 0
                },
                {
                    "Position": 0,
                    "XPos": 293,
                    "YPos": -2,
                    "ZPos": -292,
                    "TextureArchive": 210,
                    "TextureRecord": 21,
                    "FactionID": 0,
                    "Flags": 0
                },
                {
                    "Position": 0,
                    "XPos": 214,
                    "YPos": -35,
                    "ZPos": 114,
                    "TextureArchive": 218,
                    "TextureRecord": 1,
                    "FactionID": 0,
                    "Flags": 0
                },
                {
                    "Position": 0,
                    "XPos": 194,
                    "YPos": -35,
                    "ZPos": 124,
                    "TextureArchive": 205,
                    "TextureRecord": 13,
                    "FactionID": 0,
                    "Flags": 0
                },
                {
                    "Position": 0,
                    "XPos": 87,
                    "YPos": -2,
                    "ZPos": 301,
                    "TextureArchive": 205,
                    "TextureRecord": 0,
                    "FactionID": 0,
                    "Flags": 0
                },
                {
                    "Position": 0,
                    "XPos": 127,
                    "YPos": 1,
                    "ZPos": 293,
                    "TextureArchive": 205,
                    "TextureRecord": 19,
                    "FactionID": 0,
                    "Flags": 0
                },
                {
                    "Position": 0,
                    "XPos": 192,
                    "YPos": -74,
                    "ZPos": 66,
                    "TextureArchive": 213,
                    "TextureRecord": 14,
                    "FactionID": 0,
                    "Flags": 0
                },
                {
                    "Position": 0,
                    "XPos": 278,
                    "YPos": -1,
                    "ZPos": 259,
                    "TextureArchive": 218,
                    "TextureRecord": 4,
                    "FactionID": 0,
                    "Flags": 0
                },
                {
                    "Position": 0,
                    "XPos": -298,
                    "YPos": 19,
                    "ZPos": 222,
                    "TextureArchive": 210,
                    "TextureRecord": 21,
                    "FactionID": 0,
                    "Flags": 0
                },
                {
                    "Position": 0,
                    "XPos": 160,
                    "YPos": -183,
                    "ZPos": 139,
                    "TextureArchive": 201,
                    "TextureRecord": 7,
                    "FactionID": 0,
                    "Flags": 0
                },
                {
                    "Position": 0,
                    "XPos": 226,
                    "YPos": -129,
                    "ZPos": 202,
                    "TextureArchive": 205,
                    "TextureRecord": 36,
                    "FactionID": 0,
                    "Flags": 0
                },
                {
                    "Position": 0,
                    "XPos": 183,
                    "YPos": -130,
                    "ZPos": -183,
                    "TextureArchive": 205,
                    "TextureRecord": 0,
                    "FactionID": 0,
                    "Flags": 0
                },
                {
                    "Position": 0,
                    "XPos": 208,
                    "YPos": -130,
                    "ZPos": -21,
                    "TextureArchive": 211,
                    "TextureRecord": 21,
                    "FactionID": 0,
                    "Flags": 0
                },
                {
                    "Position": 0,
                    "XPos": 194,
                    "YPos": -130,
                    "ZPos": -248,
                    "TextureArchive": 204,
                    "TextureRecord": 1,
                    "FactionID": 0,
                    "Flags": 0
                },
                {
                    "Position": 0,
                    "XPos": -85,
                    "YPos": -1,
                    "ZPos": -169,
                    "TextureArchive": 205,
                    "TextureRecord": 0,
                    "FactionID": 0,
                    "Flags": 0
                },
                {
                    "Position": 0,
                    "XPos": -272,
                    "YPos": -17,
                    "ZPos": 132,
                    "TextureArchive": 200,
                    "TextureRecord": 11,
                    "FactionID": 0,
                    "Flags": 0
                },
                {
                    "Position": 0,
                    "XPos": -158,
                    "YPos": -1,
                    "ZPos": -221,
                    "TextureArchive": 213,
                    "TextureRecord": 4,
                    "FactionID": 0,
                    "Flags": 0
                },
                {
                    "Position": 0,
                    "XPos": 34,
                    "YPos": -1,
                    "ZPos": -172,
                    "TextureArchive": 204,
                    "TextureRecord": 1,
                    "FactionID": 0,
                    "Flags": 0
                },
                {
                    "Position": 0,
                    "XPos": 18,
                    "YPos": -1,
                    "ZPos": -294,
                    "TextureArchive": 204,
                    "TextureRecord": 2,
                    "FactionID": 0,
                    "Flags": 0
                },
                {
                    "Position": 0,
                    "XPos": 48,
                    "YPos": -74,
                    "ZPos": -112,
                    "TextureArchive": 254,
                    "TextureRecord": 12,
                    "FactionID": 0,
                    "Flags": 0
                },
                {
                    "Position": 0,
                    "XPos": -220,
                    "YPos": -32,
                    "ZPos": 288,
                    "TextureArchive": 56790,
                    "TextureRecord": 24,
                    "FactionID": 0,
                    "Flags": 0
                },
                {
                    "Position": 0,
                    "XPos": -136,
                    "YPos": -1,
                    "ZPos": 256,
                    "TextureArchive": 199,
                    "TextureRecord": 11,
                    "FactionID": 0,
                    "Flags": 0
                },
                {
                    "Position": 0,
                    "XPos": -2,
                    "YPos": -1,
                    "ZPos": 22,
                    "TextureArchive": 199,
                    "TextureRecord": 4,
                    "FactionID": 0,
                    "Flags": 0
                },
                {
                    "Position": 0,
                    "XPos": -118,
                    "YPos": -28,
                    "ZPos": -38,
                    "TextureArchive": 209,
                    "TextureRecord": 1,
                    "FactionID": 0,
                    "Flags": 0
                }
            ],
            "BlockSection3Records": [
                {
                    "XPos": -256,
                    "YPos": 0,
                    "ZPos": 256
                },
                {
                    "XPos": -128,
                    "YPos": 0,
                    "ZPos": 256
                },
                {
                    "XPos": 0,
                    "YPos": 0,
                    "ZPos": 256
                },
                {
                    "XPos": 0,
                    "YPos": 0,
                    "ZPos": 128
                },
                {
                    "XPos": 0,
                    "YPos": 0,
                    "ZPos": 0
                },
                {
                    "XPos": 0,
                    "YPos": 0,
                    "ZPos": -128
                },
                {
                    "XPos": -128,
                    "YPos": 0,
                    "ZPos": -128
                },
                {
                    "XPos": -256,
                    "YPos": 0,
                    "ZPos": -128
                },
                {
                    "XPos": 128,
                    "YPos": 0,
                    "ZPos": -128
                },
                {
                    "XPos": 256,
                    "YPos": 0,
                    "ZPos": -256
                },
                {
                    "XPos": 128,
                    "YPos": 0,
                    "ZPos": -256
                },
                {
                    "XPos": -128,
                    "YPos": 0,
                    "ZPos": -256
                },
                {
                    "XPos": 256,
                    "YPos": 0,
                    "ZPos": -128
                },
                {
                    "XPos": -256,
                    "YPos": 0,
                    "ZPos": 128
                },
                {
                    "XPos": -128,
                    "YPos": 0,
                    "ZPos": 128
                },
                {
                    "XPos": -128,
                    "YPos": 0,
                    "ZPos": 0
                },
                {
                    "XPos": 128,
                    "YPos": 0,
                    "ZPos": 256
                },
                {
                    "XPos": 256,
                    "YPos": 0,
                    "ZPos": 256
                },
                {
                    "XPos": 256,
                    "YPos": 0,
                    "ZPos": 128
                },
                {
                    "XPos": 256,
                    "YPos": 0,
                    "ZPos": 0
                },
                {
                    "XPos": 128,
                    "YPos": 0,
                    "ZPos": 0
                },
                {
                    "XPos": 128,
                    "YPos": 0,
                    "ZPos": 128
                },
                {
                    "XPos": -256,
                    "YPos": -129,
                    "ZPos": -256
                },
                {
                    "XPos": -256,
                    "YPos": -129,
                    "ZPos": 256
                },
                {
                    "XPos": -128,
                    "YPos": -129,
                    "ZPos": 256
                },
                {
                    "XPos": 256,
                    "YPos": -129,
                    "ZPos": 256
                },
                {
                    "XPos": 256,
                    "YPos": -129,
                    "ZPos": 128
                },
                {
                    "XPos": 128,
                    "YPos": -129,
                    "ZPos": 128
                },
                {
                    "XPos": 0,
                    "YPos": -129,
                    "ZPos": 128
                },
                {
                    "XPos": -128,
                    "YPos": -129,
                    "ZPos": 128
                },
                {
                    "XPos": -256,
                    "YPos": -129,
                    "ZPos": 128
                },
                {
                    "XPos": -256,
                    "YPos": -129,
                    "ZPos": 0
                },
                {
                    "XPos": -256,
                    "YPos": -129,
                    "ZPos": -128
                },
                {
                    "XPos": -128,
                    "YPos": -129,
                    "ZPos": -128
                },
                {
                    "XPos": 0,
                    "YPos": -129,
                    "ZPos": -128
                },
                {
                    "XPos": 128,
                    "YPos": -129,
                    "ZPos": -128
                },
                {
                    "XPos": 256,
                    "YPos": -129,
                    "ZPos": -128
                },
                {
                    "XPos": 128,
                    "YPos": -129,
                    "ZPos": 0
                },
                {
                    "XPos": 0,
                    "YPos": -129,
                    "ZPos": 0
                },
                {
                    "XPos": -128,
                    "YPos": -129,
                    "ZPos": 0
                },
                {
                    "XPos": 256,
                    "YPos": -129,
                    "ZPos": 0
                },
                {
                    "XPos": 256,
                    "YPos": -129,
                    "ZPos": -256
                },
                {
                    "XPos": -128,
                    "YPos": -129,
                    "ZPos": -256
                }
            ],
            "BlockPeopleRecords": [
                {
                    "Position": 2572,
                    "XPos": 134,
                    "YPos": -4,
                    "ZPos": 180,
                    "TextureArchive": 182,
                    "TextureRecord": 23,
                    "FactionID": 0,
                    "Flags": 1
                },
                {
                    "Position": 2573,
                    "XPos": -238,
                    "YPos": -4,
                    "ZPos": -26,
                    "TextureArchive": 184,
                    "TextureRecord": 23,
                    "FactionID": 0,
                    "Flags": 0
                }
            ],
            "BlockDoorRecords": [
                {
                    "Position": 0,
                    "XPos": 151,
                    "YPos": -45,
                    "ZPos": -193,
                    "YRotation": -1024,
                    "OpenRotation": 94,
                    "DoorModelIndex": 0
                },
                {
                    "Position": 1,
                    "XPos": 279,
                    "YPos": -45,
                    "ZPos": -65,
                    "YRotation": -1024,
                    "OpenRotation": 94,
                    "DoorModelIndex": 0
                },
                {
                    "Position": 2,
                    "XPos": -57,
                    "YPos": -45,
                    "ZPos": -105,
                    "YRotation": -512,
                    "OpenRotation": 94,
                    "DoorModelIndex": 0
                },
                {
                    "Position": 3,
                    "XPos": -57,
                    "YPos": -45,
                    "ZPos": 23,
                    "YRotation": -512,
                    "OpenRotation": 94,
                    "DoorModelIndex": 0
                },
                {
                    "Position": 4,
                    "XPos": 57,
                    "YPos": -45,
                    "ZPos": -23,
                    "YRotation": -1536,
                    "OpenRotation": 94,
                    "DoorModelIndex": 0
                },
                {
                    "Position": 5,
                    "XPos": 57,
                    "YPos": -45,
                    "ZPos": 233,
                    "YRotation": -1536,
                    "OpenRotation": 94,
                    "DoorModelIndex": 0
                },
                {
                    "Position": 6,
                    "XPos": -185,
                    "YPos": -45,
                    "ZPos": -105,
                    "YRotation": -512,
                    "OpenRotation": 94,
                    "DoorModelIndex": 0
                },
                {
                    "Position": 7,
                    "XPos": -150,
                    "YPos": -46,
                    "ZPos": 196,
                    "YRotation": 0,
                    "OpenRotation": 90,
                    "DoorModelIndex": 0
                },
                {
                    "Position": 8,
                    "XPos": -23,
                    "YPos": -46,
                    "ZPos": -61,
                    "YRotation": 0,
                    "OpenRotation": 90,
                    "DoorModelIndex": 0
                },
                {
                    "Position": 9,
                    "XPos": -188,
                    "YPos": -46,
                    "ZPos": -232,
                    "YRotation": -512,
                    "OpenRotation": 90,
                    "DoorModelIndex": 0
                },
                {
                    "Position": 10,
                    "XPos": 196,
                    "YPos": -46,
                    "ZPos": -233,
                    "YRotation": -512,
                    "OpenRotation": 90,
                    "DoorModelIndex": 0
                }
            ]
        }
    },
    "AutoMapData": null
}