{
    "FactionId": 0,
    "BuildingType": 18,
    "Quality": 8,
    "NameSeed": 0,
    "RmbSubRecord": {
        "XPos": 256,
        "ZPos": 320,
        "YRotation": 0,
        "Exterior": {
            "Header": {
                "Num3dObjectRecords": 1,
                "NumFlatObjectRecords": 0,
                "NumSection3Records": 0,
                "NumPeopleRecords": 0,
                "NumDoorRecords": 0
            },
            "Block3dObjectRecords": [
                {
                    "ModelId": "214",
                    "ModelIdNum": 214,
                    "ObjectType": 4,
                    "XPos": 0,
                    "YPos": 0,
                    "ZPos": 0,
                    "XRotation": 0,
                    "YRotation": 0,
                    "ZRotation": 0
                }
            ],
            "BlockFlatObjectRecords": [],
            "BlockSection3Records": [],
            "BlockPeopleRecords": [],
            "BlockDoorRecords": []
        },
        "Interior": {
            "Header": {
                "Num3dObjectRecords": 23,
                "NumFlatObjectRecords": 17,
                "NumSection3Records": 27,
                "NumPeopleRecords": 1,
                "NumDoorRecords": 5
            },
            "Block3dObjectRecords": [
                {
                    "ModelId": "28408",
                    "ModelIdNum": 28408,
                    "ObjectType": 13,
                    "XPos": -4,
                    "YPos": -193,
                    "ZPos": -1,
                    "XRotation": 0,
                    "YRotation": -1024,
                    "ZRotation": 0
                },
                {
                    "ModelId": "41409",
                    "ModelIdNum": 41409,
                    "ObjectType": 3,
                    "XPos": -184,
                    "YPos": 2,
                    "ZPos": -221,
                    "XRotation": 0,
                    "YRotation": -1018,
                    "ZRotation": 0
                },
                {
                    "ModelId": "3416",
                    "ModelIdNum": 3416,
                    "ObjectType": 13,
                    "XPos": -74,
                    "YPos": -2,
                    "ZPos": -259,
                    "XRotation": 0,
                    "YRotation": 0,
                    "ZRotation": 0
                },
                {
                    "ModelId": "3402",
                    "ModelIdNum": 3402,
                    "ObjectType": 13,
                    "XPos": -16,
                    "YPos": -66,
                    "ZPos": -143,
                    "XRotation": 0,
                    "YRotation": 0,
                    "ZRotation": 0
                },
                {
                    "ModelId": "3405",
                    "ModelIdNum": 3405,
                    "ObjectType": 13,
                    "XPos": 106,
                    "YPos": -66,
                    "ZPos": -66,
                    "XRotation": 0,
                    "YRotation": -512,
                    "ZRotation": 0
                },
                {
                    "ModelId": "3416",
                    "ModelIdNum": 3416,
                    "ObjectType": 13,
                    "XPos": -194,
                    "YPos": -2,
                    "ZPos": -140,
                    "XRotation": 0,
                    "YRotation": -1024,
                    "ZRotation": 0
                },
                {
                    "ModelId": "1400",
                    "ModelIdNum": 1400,
                    "ObjectType": 13,
                    "XPos": -69,
                    "YPos": -2,
                    "ZPos": -279,
                    "XScale": 0.987,
                    "XRotation": 0,
                    "YRotation": 0,
                    "ZRotation": 0
                },
                {
                    "ModelId": "1401",
                    "ModelIdNum": 1401,
                    "ObjectType": 13,
                    "XPos": -198,
                    "YPos": -2,
                    "ZPos": -151,
                    "XRotation": 0,
                    "YRotation": -512,
                    "ZRotation": 0
                },
                {
                    "ModelId": "1419",
                    "ModelIdNum": 1419,
                    "ObjectType": 13,
                    "XPos": -198,
                    "YPos": -2,
                    "ZPos": -23,
                    "XRotation": 0,
                    "YRotation": 0,
                    "ZRotation": 0
                },
                {
                    "ModelId": "1403",
                    "ModelIdNum": 1403,
                    "ObjectType": 13,
                    "XPos": -182,
                    "YPos": -2,
                    "ZPos": 233,
                    "XRotation": 0,
                    "YRotation": -512,
                    "ZRotation": 0
                },
                {
                    "ModelId": "3418",
                    "ModelIdNum": 3418,
                    "ObjectType": 13,
                    "XPos": -240,
                    "YPos": -68,
                    "ZPos": 92,
                    "ZScale": 1.035,
                    "XRotation": 0,
                    "YRotation": -1024,
                    "ZRotation": 0
                },
                {
                    "ModelId": "3407",
                    "ModelIdNum": 3407,
                    "ObjectType": 13,
                    "XPos": -179,
                    "YPos": -2,
                    "ZPos": 216,
                    "XRotation": 0,
                    "YRotation": -1536,
                    "ZRotation": 0
                },
                {
                    "ModelId": "3419",
                    "ModelIdNum": 3419,
                    "ObjectType": 13,
                    "XPos": 228,
                    "YPos": -66,
                    "ZPos": 37,
                    "XRotation": 0,
                    "YRotation": 0,
                    "ZRotation": 0
                },
                {
                    "ModelId": "3404",
                    "ModelIdNum": 3404,
                    "ObjectType": 13,
                    "XPos": 228,
                    "YPos": -66,
                    "ZPos": 217,
                    "XRotation": 0,
                    "YRotation": 0,
                    "ZRotation": 0
                },
                {
                    "ModelId": "3400",
                    "ModelIdNum": 3400,
                    "ObjectType": 13,
                    "XPos": -129,
                    "YPos": -66,
                    "ZPos": -257,
                    "XRotation": 0,
                    "YRotation": -1024,
                    "ZRotation": 0
                },
                {
                    "ModelId": "3404",
                    "ModelIdNum": 3404,
                    "ObjectType": 13,
                    "XPos": -196,
                    "YPos": -66,
                    "ZPos": -198,
                    "XRotation": 0,
                    "YRotation": -512,
                    "ZRotation": 0
                },
                {
                    "ModelId": "3404",
                    "ModelIdNum": 3404,
                    "ObjectType": 13,
                    "XPos": -126,
                    "YPos": -66,
                    "ZPos": -141,
                    "XRotation": 0,
                    "YRotation": -1024,
                    "ZRotation": 0
                },
                {
                    "ModelId": "3400",
                    "ModelIdNum": 3400,
                    "ObjectType": 13,
                    "XPos": -129,
                    "YPos": -66,
                    "ZPos": -25,
                    "XRotation": 0,
                    "YRotation": -1024,
                    "ZRotation": 0
                },
                {
                    "ModelId": "3404",
                    "ModelIdNum": 3404,
                    "ObjectType": 13,
                    "XPos": -184,
                    "YPos": -66,
                    "ZPos": 33,
                    "XRotation": 0,
                    "YRotation": -512,
                    "ZRotation": 0
                },
                {
                    "ModelId": "3400",
                    "ModelIdNum": 3400,
                    "ObjectType": 13,
                    "XPos": 116,
                    "YPos": -66,
                    "ZPos": -28,
                    "XRotation": 0,
                    "YRotation": 0,
                    "ZRotation": 0
                },
                {
                    "ModelId": "3404",
                    "ModelIdNum": 3404,
                    "ObjectType": 13,
                    "XPos": 113,
                    "YPos": -66,
                    "ZPos": 88,
                    "XRotation": 0,
                    "YRotation": 0,
                    "ZRotation": 0
                },
                {
                    "ModelId": "41006",
                    "ModelIdNum": 41006,
                    "ObjectType": 3,
                    "XPos": 217,
                    "YPos": 0,
                    "ZPos": 210,
                    "XRotation": 0,
                    "YRotation": -512,
                    "ZRotation": 0
                },
                {
                    "ModelId": "41100",
                    "ModelIdNum": 41100,
                    "ObjectType": 0,
                    "XPos": 170,
                    "YPos": -17,
                    "ZPos": 246,
                    "XRotation": 0,
                    "YRotation": -1251,
                    "ZRotation": 0
                },
                {
                    "ModelId": "41040",
                    "ModelIdNum": 41040,
                    "ObjectType": 0,
                    "XPos": -120,
                    "YPos": -39,
                    "ZPos": -136,
                    "XRotation": 0,
                    "YRotation": -512,
                    "ZRotation": 0
                },
                {
                    "ModelId": "41108",
                    "ModelIdNum": 41108,
                    "ObjectType": 0,
                    "XPos": -180,
                    "YPos": -18,
                    "ZPos": 58,
                    "XRotation": 0,
                    "YRotation": 0,
                    "ZRotation": 0
                },
                {
                    "ModelId": "41815",
                    "ModelIdNum": 41815,
                    "ObjectType": 3,
                    "XPos": 183,
                    "YPos": 131,
                    "ZPos": -276,
                    "XRotation": 0,
                    "YRotation": -521,
                    "ZRotation": 0
                },
                {
                    "ModelId": "41827",
                    "ModelIdNum": 41827,
                    "ObjectType": 0,
                    "XPos": 161,
                    "YPos": -141,
                    "ZPos": -72,
                    "XRotation": 0,
                    "YRotation": -381,
                    "ZRotation": 0
                },
                {
                    "ModelId": "41032",
                    "ModelIdNum": 41032,
                    "ObjectType": 3,
                    "XPos": 221,
                    "YPos": 4,
                    "ZPos": -60,
                    "XRotation": 0,
                    "YRotation": -1536,
                    "ZRotation": 0
                },
                {
                    "ModelId": "41032",
                    "ModelIdNum": 41032,
                    "ObjectType": 3,
                    "XPos": -243,
                    "YPos": 2,
                    "ZPos": -77,
                    "XRotation": 0,
                    "YRotation": -512,
                    "ZRotation": 0
                },
                {
                    "ModelId": "74804",
                    "ModelIdNum": 74804,
                    "ObjectType": 0,
                    "XPos": -26,
                    "YPos": 1,
                    "ZPos": 94,
                    "XRotation": -1536,
                    "YRotation": 0,
                    "ZRotation": 0
                },
                {
                    "ModelId": "41834",
                    "ModelIdNum": 41834,
                    "ObjectType": 3,
                    "XPos": 89,
                    "YPos": 132,
                    "ZPos": 146,
                    "XRotation": 0,
                    "YRotation": -193,
                    "ZRotation": 0
                },
                {
                    "ModelId": "41833",
                    "ModelIdNum": 41833,
                    "ObjectType": 0,
                    "XPos": -86,
                    "YPos": -173,
                    "ZPos": 54,
                    "XRotation": 0,
                    "YRotation": -1968,
                    "ZRotation": 0
                },
                {
                    "ModelId": "41110",
                    "ModelIdNum": 41110,
                    "ObjectType": 0,
                    "XPos": 4,
                    "YPos": -22,
                    "ZPos": 239,
                    "XRotation": 0,
                    "YRotation": 0,
                    "ZRotation": 0
                },
                {
                    "ModelId": "41100",
                    "ModelIdNum": 41100,
                    "ObjectType": 0,
                    "XPos": -80,
                    "YPos": -15,
                    "ZPos": 247,
                    "XRotation": 0,
                    "YRotation": -585,
                    "ZRotation": 0
                },
                {
                    "ModelId": "41812",
                    "ModelIdNum": 41812,
                    "ObjectType": 3,
                    "XPos": 40,
                    "YPos": 132,
                    "ZPos": -287,
                    "XRotation": 0,
                    "YRotation": -95,
                    "ZRotation": 0
                },
                {
                    "ModelId": "75801",
                    "ModelIdNum": 75801,
                    "ObjectType": 0,
                    "XPos": -21,
                    "YPos": 3,
                    "ZPos": 22,
                    "XRotation": -1536,
                    "YRotation": 0,
                    "ZRotation": 0
                },
                {
                    "ModelId": "3404",
                    "ModelIdNum": 3404,
                    "ObjectType": 13,
                    "XPos": 171,
                    "YPos": -66,
                    "ZPos": 146,
                    "XRotation": 0,
                    "YRotation": -512,
                    "ZRotation": 0
                },
                {
                    "ModelId": "41100",
                    "ModelIdNum": 41100,
                    "ObjectType": 0,
                    "XPos": -22,
                    "YPos": -18,
                    "ZPos": 200,
                    "XRotation": 0,
                    "YRotation": -240,
                    "ZRotation": 0
                },
                {
                    "ModelId": "2015",
                    "ModelIdNum": 2015,
                    "ObjectType": 13,
                    "XPos": -192,
                    "YPos": 2,
                    "ZPos": 234,
                    "XRotation": 0,
                    "YRotation": -512,
                    "ZRotation": 0
                },
                {
                    "ModelId": "2001",
                    "ModelIdNum": 2001,
                    "ObjectType": 13,
                    "XPos": -129,
                    "YPos": -126,
                    "ZPos": -148,
                    "XRotation": 0,
                    "YRotation": -512,
                    "ZRotation": 0
                },
                {
                    "ModelId": "2000",
                    "ModelIdNum": 2000,
                    "ObjectType": 13,
                    "XPos": -65,
                    "YPos": -128,
                    "ZPos": -265,
                    "XRotation": 0,
                    "YRotation": -512,
                    "ZRotation": 0
                },
                {
                    "ModelId": "3400",
                    "ModelIdNum": 3400,
                    "ObjectType": 13,
                    "XPos": -135,
                    "YPos": -66,
                    "ZPos": -25,
                    "XRotation": 0,
                    "YRotation": 0,
                    "ZRotation": 0
                },
                {
                    "ModelId": "3404",
                    "ModelIdNum": 3404,
                    "ObjectType": 13,
                    "XPos": -138,
                    "YPos": -66,
                    "ZPos": -141,
                    "XRotation": 0,
                    "YRotation": 0,
                    "ZRotation": 0
                },
                {
                    "ModelId": "3404",
                    "ModelIdNum": 3404,
                    "ObjectType": 13,
                    "XPos": -196,
                    "YPos": -66,
                    "ZPos": 32,
                    "XRotation": 0,
                    "YRotation": -1536,
                    "ZRotation": 0
                },
                {
                    "ModelId": "3404",
                    "ModelIdNum": 3404,
                    "ObjectType": 13,
                    "XPos": 174,
                    "YPos": -66,
                    "ZPos": 142,
                    "XRotation": 0,
                    "YRotation": -1536,
                    "ZRotation": 0
                },
                {
                    "ModelId": "3400",
                    "ModelIdNum": 3400,
                    "ObjectType": 13,
                    "XPos": 122,
                    "YPos": -66,
                    "ZPos": -28,
                    "XRotation": 0,
                    "YRotation": -1024,
                    "ZRotation": 0
                },
                {
                    "ModelId": "3404",
                    "ModelIdNum": 3404,
                    "ObjectType": 13,
                    "XPos": 125,
                    "YPos": -66,
                    "ZPos": 88,
                    "XRotation": 0,
                    "YRotation": -1024,
                    "ZRotation": 0
                },
                {
                    "ModelId": "3404",
                    "ModelIdNum": 3404,
                    "ObjectType": 13,
                    "XPos": -196,
                    "YPos": -68,
                    "ZPos": -218,
                    "XRotation": 0,
                    "YRotation": -1536,
                    "ZRotation": 0
                },
                {
                    "ModelId": "45111",
                    "ModelIdNum": 45111,
                    "ObjectType": 0,
                    "XPos": -138,
                    "YPos": -132,
                    "ZPos": -206,
                    "YScale": 1.469342,
                    "ZScale": 2.15606,
                    "XRotation": 0,
                    "YRotation": 0,
                    "ZRotation": -511
                },
                {
                    "ModelId": "41124",
                    "ModelIdNum": 41124,
                    "ObjectType": 0,
                    "XPos": 192,
                    "YPos": -35,
                    "ZPos": 128,
                    "XRotation": 0,
                    "YRotation": -1024,
                    "ZRotation": 0
                },
                {
                    "ModelId": "41003",
                    "ModelIdNum": 41003,
                    "ObjectType": 0,
                    "XPos": 96,
                    "YPos": -64,
                    "ZPos": 90,
                    "XRotation": 0,
                    "YRotation": -1536,
                    "ZRotation": 0
                },
                {
                    "ModelId": "41113",
                    "ModelIdNum": 41113,
                    "ObjectType": 0,
                    "XPos": 88,
                    "YPos": -16,
                    "ZPos": 32,
                    "XScale": 1.3,
                    "YScale": 1.3,
                    "ZScale": 1.3,
                    "XRotation": 0,
                    "YRotation": -1446,
                    "ZRotation": 0
                },
                {
                    "ModelId": "41831",
                    "ModelIdNum": 41831,
                    "ObjectType": 0,
                    "XPos": 150,
                    "YPos": -14,
                    "ZPos": 64,
                    "XRotation": 0,
                    "YRotation": -540,
                    "ZRotation": 0
                },
                {
                    "ModelId": "69463",
                    "ModelIdNum": 69463,
                    "ObjectType": 0,
                    "XPos": 50,
                    "YPos": -68,
                    "ZPos": -64,
                    "XScale": 1.75,
                    "YScale": 1.75,
                    "ZScale": 1.75,
                    "XRotation": 0,
                    "YRotation": 0,
                    "ZRotation": 0
                },
                {
                    "ModelId": "45076",
                    "ModelIdNum": 45076,
                    "ObjectType": 0,
                    "XPos": -205,
                    "YPos": -12,
                    "ZPos": 242,
                    "XScale": 0.49782,
                    "XRotation": 0,
                    "YRotation": -259,
                    "ZRotation": 0
                },
                {
                    "ModelId": "45081",
                    "ModelIdNum": 45081,
                    "ObjectType": 0,
                    "XPos": -225,
                    "YPos": -54,
                    "ZPos": 202,
                    "ZScale": 0.67787,
                    "XRotation": 0,
                    "YRotation": -769,
                    "ZRotation": -509
                },
                {
                    "ModelId": "45081",
                    "ModelIdNum": 45081,
                    "ObjectType": 0,
                    "XPos": -223,
                    "YPos": -48,
                    "ZPos": 206,
                    "XScale": 0.5,
                    "YScale": 0.9000001,
                    "ZScale": 0.67787,
                    "XRotation": 0,
                    "YRotation": -771,
                    "ZRotation": -510
                },
                {
                    "ModelId": "45129",
                    "ModelIdNum": 45129,
                    "ObjectType": 0,
                    "XPos": -269,
                    "YPos": -2,
                    "ZPos": 160,
                    "XScale": 1.09553,
                    "YScale": 2.20792,
                    "ZScale": 3.0,
                    "XRotation": 0,
                    "YRotation": -770,
                    "ZRotation": -512
                },
                {
                    "ModelId": "69465",
                    "ModelIdNum": 69465,
                    "ObjectType": 0,
                    "XPos": -201,
                    "YPos": 17,
                    "ZPos": 238,
                    "XScale": 0.27487,
                    "YScale": 0.68878,
                    "ZScale": 0.85435,
                    "XRotation": 0,
                    "YRotation": -256,
                    "ZRotation": 0
                },
                {
                    "ModelId": "41116",
                    "ModelIdNum": 41116,
                    "ObjectType": 0,
                    "XPos": -201,
                    "YPos": -30,
                    "ZPos": 237,
                    "ZScale": 0.8628901,
                    "XRotation": 0,
                    "YRotation": -768,
                    "ZRotation": 0
                },
                {
                    "ModelId": "3417",
                    "ModelIdNum": 3417,
                    "ObjectType": 13,
                    "XPos": -194,
                    "YPos": -2,
                    "ZPos": -24,
                    "XRotation": 0,
                    "YRotation": -1024,
                    "ZRotation": 0
                },
                {
                    "ModelId": "41007",
                    "ModelIdNum": 41007,
                    "ObjectType": 0,
                    "XPos": -240,
                    "YPos": -15,
                    "ZPos": -39,
                    "XRotation": 0,
                    "YRotation": -507,
                    "ZRotation": 0
                },
                {
                    "ModelId": "42077",
                    "ModelIdNum": 42077,
                    "ObjectType": 0,
                    "XPos": -168,
                    "YPos": -44,
                    "ZPos": -147,
                    "XRotation": 0,
                    "YRotation": -1536,
                    "ZRotation": 0
                },
                {
                    "ModelId": "3430",
                    "ModelIdNum": 3430,
                    "ObjectType": 13,
                    "XPos": -240,
                    "YPos": -68,
                    "ZPos": 210,
                    "XRotation": 0,
                    "YRotation": -1024,
                    "ZRotation": 0
                },
                {
                    "ModelId": "45111",
                    "ModelIdNum": 45111,
                    "ObjectType": 0,
                    "XPos": -248,
                    "YPos": -6,
                    "ZPos": 36,
                    "XScale": 0.5046798,
                    "YScale": 1.469342,
                    "ZScale": 1.651219,
                    "XRotation": 0,
                    "YRotation": -511,
                    "ZRotation": 0
                },
                {
                    "ModelId": "3418",
                    "ModelIdNum": 3418,
                    "ObjectType": 13,
                    "XPos": -72,
                    "YPos": -68,
                    "ZPos": -314,
                    "ZScale": 0.9699998,
                    "XRotation": 0,
                    "YRotation": -511,
                    "ZRotation": 0
                },
                {
                    "ModelId": "41105",
                    "ModelIdNum": 41105,
                    "ObjectType": 0,
                    "XPos": -72,
                    "YPos": -18,
                    "ZPos": -296,
                    "XRotation": 0,
                    "YRotation": 0,
                    "ZRotation": 0
                },
                {
                    "ModelId": "214",
                    "ModelIdNum": 214,
                    "ObjectType": 0,
                    "XPos": 0,
                    "YPos": 0,
                    "ZPos": -2,
                    "XRotation": 0,
                    "YRotation": 0,
                    "ZRotation": 0
                },
                {
                    "ModelId": "19413",
                    "ModelIdNum": 19413,
                    "ObjectType": 0,
                    "XPos": 192,
                    "YPos": 1,
                    "ZPos": -24,
                    "XRotation": 0,
                    "YRotation": -512,
                    "ZRotation": 0
                },
                {
                    "ModelId": "45111",
                    "ModelIdNum": 45111,
                    "ObjectType": 0,
                    "XPos": 242,
                    "YPos": -6,
                    "ZPos": 130,
                    "XScale": 0.5046798,
                    "YScale": 1.469342,
                    "ZScale": 2.284806,
                    "XRotation": 0,
                    "YRotation": -511,
                    "ZRotation": 0
                },
                {
                    "ModelId": "45110",
                    "ModelIdNum": 45110,
                    "ObjectType": 0,
                    "XPos": 30,
                    "YPos": -256,
                    "ZPos": -122,
                    "YScale": 0.9447299,
                    "XRotation": 0,
                    "YRotation": -1024,
                    "ZRotation": -170
                },
                {
                    "ModelId": "45110",
                    "ModelIdNum": 45110,
                    "ObjectType": 0,
                    "XPos": 38,
                    "YPos": -250,
                    "ZPos": -122,
                    "YScale": 1.66657,
                    "ZScale": 1.2,
                    "XRotation": 0,
                    "YRotation": 0,
                    "ZRotation": -83
                },
                {
                    "ModelId": "45110",
                    "ModelIdNum": 45110,
                    "ObjectType": 0,
                    "XPos": 136,
                    "YPos": -252,
                    "ZPos": -122,
                    "YScale": 3.21076,
                    "ZScale": 1.3,
                    "XRotation": 0,
                    "YRotation": 0,
                    "ZRotation": -511
                },
                {
                    "ModelId": "45110",
                    "ModelIdNum": 45110,
                    "ObjectType": 0,
                    "XPos": -26,
                    "YPos": -250,
                    "ZPos": -122,
                    "YScale": 1.11605,
                    "ZScale": 1.2,
                    "XRotation": 0,
                    "YRotation": 0,
                    "ZRotation": -169
                },
                {
                    "ModelId": "45110",
                    "ModelIdNum": 45110,
                    "ObjectType": 0,
                    "XPos": -37,
                    "YPos": -251,
                    "ZPos": -122,
                    "YScale": 1.53494,
                    "XRotation": 0,
                    "YRotation": -1024,
                    "ZRotation": -83
                },
                {
                    "ModelId": "45110",
                    "ModelIdNum": 45110,
                    "ObjectType": 0,
                    "XPos": 30,
                    "YPos": -252,
                    "ZPos": 2,
                    "YScale": 0.9447299,
                    "XRotation": 0,
                    "YRotation": -1024,
                    "ZRotation": -170
                },
                {
                    "ModelId": "45110",
                    "ModelIdNum": 45110,
                    "ObjectType": 0,
                    "XPos": 38,
                    "YPos": -250,
                    "ZPos": 2,
                    "YScale": 1.66657,
                    "ZScale": 1.2,
                    "XRotation": 0,
                    "YRotation": 0,
                    "ZRotation": -83
                },
                {
                    "ModelId": "45110",
                    "ModelIdNum": 45110,
                    "ObjectType": 0,
                    "XPos": 136,
                    "YPos": -252,
                    "ZPos": 2,
                    "YScale": 3.21076,
                    "ZScale": 1.3,
                    "XRotation": 0,
                    "YRotation": 0,
                    "ZRotation": -511
                },
                {
                    "ModelId": "45110",
                    "ModelIdNum": 45110,
                    "ObjectType": 0,
                    "XPos": -26,
                    "YPos": -250,
                    "ZPos": 2,
                    "YScale": 1.11605,
                    "ZScale": 1.2,
                    "XRotation": 0,
                    "YRotation": 0,
                    "ZRotation": -169
                },
                {
                    "ModelId": "45110",
                    "ModelIdNum": 45110,
                    "ObjectType": 0,
                    "XPos": -37,
                    "YPos": -251,
                    "ZPos": 2,
                    "YScale": 1.53494,
                    "XRotation": 0,
                    "YRotation": -1024,
                    "ZRotation": -83
                },
                {
                    "ModelId": "45110",
                    "ModelIdNum": 45110,
                    "ObjectType": 0,
                    "XPos": 30,
                    "YPos": -256,
                    "ZPos": 124,
                    "YScale": 0.9447299,
                    "XRotation": 0,
                    "YRotation": -1024,
                    "ZRotation": -170
                },
                {
                    "ModelId": "45110",
                    "ModelIdNum": 45110,
                    "ObjectType": 0,
                    "XPos": 38,
                    "YPos": -250,
                    "ZPos": 124,
                    "YScale": 1.66657,
                    "ZScale": 1.2,
                    "XRotation": 0,
                    "YRotation": 0,
                    "ZRotation": -83
                },
                {
                    "ModelId": "45110",
                    "ModelIdNum": 45110,
                    "ObjectType": 0,
                    "XPos": 136,
                    "YPos": -252,
                    "ZPos": 124,
                    "YScale": 3.21076,
                    "ZScale": 1.3,
                    "XRotation": 0,
                    "YRotation": 0,
                    "ZRotation": -511
                },
                {
                    "ModelId": "45110",
                    "ModelIdNum": 45110,
                    "ObjectType": 0,
                    "XPos": -26,
                    "YPos": -250,
                    "ZPos": 124,
                    "YScale": 1.11605,
                    "ZScale": 1.2,
                    "XRotation": 0,
                    "YRotation": 0,
                    "ZRotation": -169
                },
                {
                    "ModelId": "45110",
                    "ModelIdNum": 45110,
                    "ObjectType": 0,
                    "XPos": -37,
                    "YPos": -251,
                    "ZPos": 124,
                    "YScale": 1.53494,
                    "XRotation": 0,
                    "YRotation": -1024,
                    "ZRotation": -83
                },
                {
                    "ModelId": "3404",
                    "ModelIdNum": 3404,
                    "ObjectType": 13,
                    "XPos": 56,
                    "YPos": -66,
                    "ZPos": -72,
                    "ZScale": 1.012,
                    "XRotation": 0,
                    "YRotation": -511,
                    "ZRotation": 0
                },
                {
                    "ModelId": "4402",
                    "ModelIdNum": 4402,
                    "ObjectType": 13,
                    "XPos": -78,
                    "YPos": -1,
                    "ZPos": -6,
                    "XRotation": 0,
                    "YRotation": -1024,
                    "ZRotation": 0
                },
                {
                    "ModelId": "4404",
                    "ModelIdNum": 4404,
                    "ObjectType": 13,
                    "XPos": -72,
                    "YPos": -1,
                    "ZPos": -144,
                    "XRotation": 0,
                    "YRotation": -512,
                    "ZRotation": 0
                }
            ],
            "BlockFlatObjectRecords": [
                {
                    "Position": 0,
                    "XPos": 146,
                    "YPos": -3,
                    "ZPos": 174,
                    "TextureArchive": 199,
                    "TextureRecord": 20,
                    "FactionID": -1,
                    "Flags": 17
                },
                {
                    "Position": 0,
                    "XPos": -164,
                    "YPos": -3,
                    "ZPos": 196,
                    "TextureArchive": 199,
                    "TextureRecord": 20,
                    "FactionID": -1,
                    "Flags": 17
                },
                {
                    "Position": 0,
                    "XPos": 0,
                    "YPos": -80,
                    "ZPos": 170,
                    "TextureArchive": 210,
                    "TextureRecord": 13,
                    "FactionID": -32752,
                    "Flags": 17
                },
                {
                    "Position": 0,
                    "XPos": 165,
                    "YPos": -132,
                    "ZPos": 222,
                    "TextureArchive": 199,
                    "TextureRecord": 20,
                    "FactionID": 0,
                    "Flags": 17
                },
                {
                    "Position": 0,
                    "XPos": 184,
                    "YPos": -132,
                    "ZPos": 32,
                    "TextureArchive": 199,
                    "TextureRecord": 20,
                    "FactionID": 0,
                    "Flags": 17
                },
                {
                    "Position": 0,
                    "XPos": 6,
                    "YPos": -296,
                    "ZPos": 60,
                    "TextureArchive": 210,
                    "TextureRecord": 22,
                    "FactionID": -30700,
                    "Flags": 17
                },
                {
                    "Position": 0,
                    "XPos": -70,
                    "YPos": -80,
                    "ZPos": -84,
                    "TextureArchive": 210,
                    "TextureRecord": 13,
                    "FactionID": 20496,
                    "Flags": 17
                },
                {
                    "Position": 0,
                    "XPos": -192,
                    "YPos": -88,
                    "ZPos": -76,
                    "TextureArchive": 210,
                    "TextureRecord": 13,
                    "FactionID": 20496,
                    "Flags": 17
                },
                {
                    "Position": 0,
                    "XPos": -120,
                    "YPos": -132,
                    "ZPos": -128,
                    "TextureArchive": 199,
                    "TextureRecord": 22,
                    "FactionID": 0,
                    "Flags": 17
                },
                {
                    "Position": 0,
                    "XPos": -192,
                    "YPos": 0,
                    "ZPos": -264,
                    "TextureArchive": 199,
                    "TextureRecord": 21,
                    "FactionID": 0,
                    "Flags": 17
                },
                {
                    "Position": 0,
                    "XPos": -54,
                    "YPos": -3,
                    "ZPos": -168,
                    "TextureArchive": 199,
                    "TextureRecord": 8,
                    "FactionID": 0,
                    "Flags": 0
                },
                {
                    "Position": 0,
                    "XPos": 0,
                    "YPos": -132,
                    "ZPos": 36,
                    "TextureArchive": 199,
                    "TextureRecord": 11,
                    "FactionID": 0,
                    "Flags": 0
                },
                {
                    "Position": 0,
                    "XPos": -64,
                    "YPos": -132,
                    "ZPos": 256,
                    "TextureArchive": 199,
                    "TextureRecord": 8,
                    "FactionID": 0,
                    "Flags": 0
                },
                {
                    "Position": 0,
                    "XPos": 64,
                    "YPos": -132,
                    "ZPos": 256,
                    "TextureArchive": 199,
                    "TextureRecord": 8,
                    "FactionID": 0,
                    "Flags": 0
                },
                {
                    "Position": 0,
                    "XPos": 64,
                    "YPos": -132,
                    "ZPos": -256,
                    "TextureArchive": 199,
                    "TextureRecord": 8,
                    "FactionID": 0,
                    "Flags": 0
                },
                {
                    "Position": 0,
                    "XPos": 126,
                    "YPos": -74,
                    "ZPos": 210,
                    "TextureArchive": 213,
                    "TextureRecord": 13,
                    "FactionID": 0,
                    "Flags": 0
                },
                {
                    "Position": 0,
                    "XPos": -236,
                    "YPos": -2,
                    "ZPos": -299,
                    "TextureArchive": 214,
                    "TextureRecord": 10,
                    "FactionID": 0,
                    "Flags": 0
                },
                {
                    "Position": 0,
                    "XPos": -204,
                    "YPos": -1,
                    "ZPos": -296,
                    "TextureArchive": 205,
                    "TextureRecord": 29,
                    "FactionID": 0,
                    "Flags": 0
                },
                {
                    "Position": 0,
                    "XPos": -122,
                    "YPos": -130,
                    "ZPos": 252,
                    "TextureArchive": 205,
                    "TextureRecord": 0,
                    "FactionID": 0,
                    "Flags": 0
                },
                {
                    "Position": 0,
                    "XPos": -4,
                    "YPos": -130,
                    "ZPos": 275,
                    "TextureArchive": 205,
                    "TextureRecord": 17,
                    "FactionID": 0,
                    "Flags": 0
                },
                {
                    "Position": 0,
                    "XPos": 111,
                    "YPos": -130,
                    "ZPos": 286,
                    "TextureArchive": 204,
                    "TextureRecord": 6,
                    "FactionID": 0,
                    "Flags": 0
                },
                {
                    "Position": 0,
                    "XPos": -38,
                    "YPos": -36,
                    "ZPos": 238,
                    "TextureArchive": 200,
                    "TextureRecord": 0,
                    "FactionID": 0,
                    "Flags": 0
                },
                {
                    "Position": 0,
                    "XPos": -25,
                    "YPos": -36,
                    "ZPos": 244,
                    "TextureArchive": 205,
                    "TextureRecord": 14,
                    "FactionID": 0,
                    "Flags": 0
                },
                {
                    "Position": 0,
                    "XPos": -180,
                    "YPos": -32,
                    "ZPos": 58,
                    "TextureArchive": 213,
                    "TextureRecord": 4,
                    "FactionID": 0,
                    "Flags": 0
                },
                {
                    "Position": 0,
                    "XPos": 26,
                    "YPos": -36,
                    "ZPos": 238,
                    "TextureArchive": 56790,
                    "TextureRecord": 19,
                    "FactionID": 0,
                    "Flags": 0
                },
                {
                    "Position": 0,
                    "XPos": -240,
                    "YPos": -27,
                    "ZPos": -39,
                    "TextureArchive": 56790,
                    "TextureRecord": 22,
                    "FactionID": 0,
                    "Flags": 0
                },
                {
                    "Position": 0,
                    "XPos": -168,
                    "YPos": -4,
                    "ZPos": 140,
                    "TextureArchive": 199,
                    "TextureRecord": 18,
                    "FactionID": 0,
                    "Flags": 0
                },
                {
                    "Position": 0,
                    "XPos": 170,
                    "YPos": -3,
                    "ZPos": -16,
                    "TextureArchive": 199,
                    "TextureRecord": 4,
                    "FactionID": 0,
                    "Flags": 0
                },
                {
                    "Position": 0,
                    "XPos": -50,
                    "YPos": -5,
                    "ZPos": 76,
                    "TextureArchive": 1301,
                    "TextureRecord": 2,
                    "FactionID": 0,
                    "Flags": 0
                }
            ],
            "BlockSection3Records": [
                {
                    "XPos": -64,
                    "YPos": 0,
                    "ZPos": -256
                },
                {
                    "XPos": -192,
                    "YPos": 0,
                    "ZPos": 256
                },
                {
                    "XPos": -192,
                    "YPos": 0,
                    "ZPos": 128
                },
                {
                    "XPos": -192,
                    "YPos": 0,
                    "ZPos": 0
                },
                {
                    "XPos": -64,
                    "YPos": 0,
                    "ZPos": 0
                },
                {
                    "XPos": 64,
                    "YPos": 0,
                    "ZPos": 0
                },
                {
                    "XPos": 192,
                    "YPos": 0,
                    "ZPos": 0
                },
                {
                    "XPos": 192,
                    "YPos": 0,
                    "ZPos": 128
                },
                {
                    "XPos": -64,
                    "YPos": 0,
                    "ZPos": 256
                },
                {
                    "XPos": 64,
                    "YPos": 0,
                    "ZPos": 256
                },
                {
                    "XPos": 192,
                    "YPos": 0,
                    "ZPos": 256
                },
                {
                    "XPos": -64,
                    "YPos": 0,
                    "ZPos": 128
                },
                {
                    "XPos": -192,
                    "YPos": 0,
                    "ZPos": -128
                },
                {
                    "XPos": -192,
                    "YPos": -129,
                    "ZPos": -256
                },
                {
                    "XPos": -192,
                    "YPos": -129,
                    "ZPos": 256
                },
                {
                    "XPos": 192,
                    "YPos": -129,
                    "ZPos": 256
                },
                {
                    "XPos": 192,
                    "YPos": -129,
                    "ZPos": 128
                },
                {
                    "XPos": 64,
                    "YPos": -129,
                    "ZPos": 128
                },
                {
                    "XPos": -64,
                    "YPos": -129,
                    "ZPos": 128
                },
                {
                    "XPos": -192,
                    "YPos": -129,
                    "ZPos": 128
                },
                {
                    "XPos": -192,
                    "YPos": -129,
                    "ZPos": 0
                },
                {
                    "XPos": -64,
                    "YPos": -129,
                    "ZPos": 0
                },
                {
                    "XPos": 64,
                    "YPos": -129,
                    "ZPos": 0
                },
                {
                    "XPos": 192,
                    "YPos": -129,
                    "ZPos": 0
                },
                {
                    "XPos": -192,
                    "YPos": -129,
                    "ZPos": -128
                },
                {
                    "XPos": -64,
                    "YPos": -129,
                    "ZPos": -128
                },
                {
                    "XPos": -64,
                    "YPos": -129,
                    "ZPos": -256
                }
            ],
            "BlockPeopleRecords": [],
            "BlockDoorRecords": [
                {
                    "Position": 0,
                    "XPos": -128,
                    "YPos": -47,
                    "ZPos": -2,
                    "YRotation": -512,
                    "OpenRotation": 90,
                    "DoorModelIndex": 0
                },
                {
                    "Position": 1,
                    "XPos": 122,
                    "YPos": -47,
                    "ZPos": -5,
                    "YRotation": -512,
                    "OpenRotation": 90,
                    "DoorModelIndex": 0
                }
            ]
        }
    },
    "AutoMapData": null
}