{
    "FactionId": 0,
    "BuildingType": 18,
    "Quality": 8,
    "NameSeed": 0,
    "RmbSubRecord": {
        "XPos": 3584,
        "ZPos": 2560,
        "YRotation": 512,
        "Exterior": {
            "Header": {
                "Num3dObjectRecords": 1,
                "NumFlatObjectRecords": 0,
                "NumSection3Records": 0,
                "NumPeopleRecords": 0,
                "NumDoorRecords": 0
            },
            "Block3dObjectRecords": [
                {
                    "ModelId": "162",
                    "ModelIdNum": 162,
                    "ObjectType": 4,
                    "XPos": 0,
                    "YPos": 0,
                    "ZPos": 0,
                    "XRotation": 0,
                    "YRotation": 0,
                    "ZRotation": 0
                },
                {
                    "ModelId": "45117",
                    "ModelIdNum": 45117,
                    "ObjectType": 4,
                    "XPos": -128,
                    "YPos": -24,
                    "ZPos": -95,
                    "ZScale": 1.2,
                    "XRotation": 0,
                    "YRotation": 0,
                    "ZRotation": 0
                },
                {
                    "ModelId": "45117",
                    "ModelIdNum": 45117,
                    "ObjectType": 4,
                    "XPos": -128,
                    "YPos": -24,
                    "ZPos": -29,
                    "ZScale": 1.2,
                    "XRotation": 0,
                    "YRotation": 0,
                    "ZRotation": 0
                },
                {
                    "ModelId": "45117",
                    "ModelIdNum": 45117,
                    "ObjectType": 4,
                    "XPos": 34,
                    "YPos": -24,
                    "ZPos": 124,
                    "ZScale": 1.2,
                    "XRotation": 0,
                    "YRotation": -512,
                    "ZRotation": 0
                },
                {
                    "ModelId": "45117",
                    "ModelIdNum": 45117,
                    "ObjectType": 4,
                    "XPos": 98,
                    "YPos": -24,
                    "ZPos": 124,
                    "ZScale": 1.2,
                    "XRotation": 0,
                    "YRotation": -512,
                    "ZRotation": 0
                }
            ],
            "BlockFlatObjectRecords": [],
            "BlockSection3Records": [],
            "BlockPeopleRecords": [],
            "BlockDoorRecords": []
        },
        "Interior": {
            "Header": {
                "Num3dObjectRecords": 9,
                "NumFlatObjectRecords": 9,
                "NumSection3Records": 6,
                "NumPeopleRecords": 1,
                "NumDoorRecords": 1
            },
            "Block3dObjectRecords": [
                {
                    "ModelId": "41108",
                    "ModelIdNum": 41108,
                    "ObjectType": 3,
                    "XPos": -200,
                    "YPos": 0,
                    "ZPos": -210,
                    "XRotation": 0,
                    "YRotation": 0,
                    "ZRotation": 0
                },
                {
                    "ModelId": "41000",
                    "ModelIdNum": 41000,
                    "ObjectType": 3,
                    "XPos": 205,
                    "YPos": 2,
                    "ZPos": 166,
                    "ZScale": 0.93611,
                    "XRotation": 0,
                    "YRotation": 0,
                    "ZRotation": 0
                },
                {
                    "ModelId": "41032",
                    "ModelIdNum": 41032,
                    "ObjectType": 3,
                    "XPos": 8,
                    "YPos": 1,
                    "ZPos": 228,
                    "XRotation": 0,
                    "YRotation": -1024,
                    "ZRotation": 0
                },
                {
                    "ModelId": "41103",
                    "ModelIdNum": 41103,
                    "ObjectType": 3,
                    "XPos": -169,
                    "YPos": 0,
                    "ZPos": -152,
                    "XRotation": 0,
                    "YRotation": -1854,
                    "ZRotation": 0
                },
                {
                    "ModelId": "45081",
                    "ModelIdNum": 45081,
                    "ObjectType": 0,
                    "XPos": -236,
                    "YPos": -57,
                    "ZPos": -116,
                    "XScale": 0.5,
                    "YScale": 0.8,
                    "ZScale": 0.96763,
                    "XRotation": 0,
                    "YRotation": -512,
                    "ZRotation": -511
                },
                {
                    "ModelId": "41117",
                    "ModelIdNum": 41117,
                    "ObjectType": 3,
                    "XPos": -242,
                    "YPos": 9,
                    "ZPos": -81,
                    "ZScale": 0.3931402,
                    "XRotation": 0,
                    "YRotation": -511,
                    "ZRotation": 0
                },
                {
                    "ModelId": "45076",
                    "ModelIdNum": 45076,
                    "ObjectType": 0,
                    "XPos": -248,
                    "YPos": -55,
                    "ZPos": -80,
                    "ZScale": 0.4072425,
                    "XRotation": 0,
                    "YRotation": -511,
                    "ZRotation": 0
                },
                {
                    "ModelId": "45129",
                    "ModelIdNum": 45129,
                    "ObjectType": 0,
                    "XPos": -244,
                    "YPos": -4,
                    "ZPos": -159,
                    "YScale": 1.9,
                    "ZScale": 4.0,
                    "XRotation": 0,
                    "YRotation": -512,
                    "ZRotation": -512
                },
                {
                    "ModelId": "45081",
                    "ModelIdNum": 45081,
                    "ObjectType": 0,
                    "XPos": -235,
                    "YPos": -63,
                    "ZPos": -124,
                    "YScale": 1.02,
                    "XRotation": 0,
                    "YRotation": -512,
                    "ZRotation": -512
                },
                {
                    "ModelId": "3118",
                    "ModelIdNum": 3118,
                    "ObjectType": 13,
                    "XPos": -248,
                    "YPos": -62,
                    "ZPos": 66,
                    "ZScale": 1.014,
                    "XRotation": 0,
                    "YRotation": -1024,
                    "ZRotation": 0
                },
                {
                    "ModelId": "3119",
                    "ModelIdNum": 3119,
                    "ObjectType": 13,
                    "XPos": -138,
                    "YPos": -62,
                    "ZPos": -123,
                    "XRotation": 0,
                    "YRotation": 0,
                    "ZRotation": 0
                },
                {
                    "ModelId": "3106",
                    "ModelIdNum": 3106,
                    "ObjectType": 13,
                    "XPos": 65,
                    "YPos": -63,
                    "ZPos": 130,
                    "XRotation": 0,
                    "YRotation": -512,
                    "ZRotation": 0
                },
                {
                    "ModelId": "3102",
                    "ModelIdNum": 3102,
                    "ObjectType": 13,
                    "XPos": -136,
                    "YPos": -62,
                    "ZPos": 66,
                    "XRotation": 0,
                    "YRotation": 0,
                    "ZRotation": 0
                },
                {
                    "ModelId": "3100",
                    "ModelIdNum": 3100,
                    "ObjectType": 13,
                    "XPos": -192,
                    "YPos": -62,
                    "ZPos": 5,
                    "XRotation": 0,
                    "YRotation": -512,
                    "ZRotation": 0
                },
                {
                    "ModelId": "3100",
                    "ModelIdNum": 3100,
                    "ObjectType": 13,
                    "XPos": -192,
                    "YPos": -62,
                    "ZPos": 119,
                    "XRotation": 0,
                    "YRotation": -1536,
                    "ZRotation": 0
                },
                {
                    "ModelId": "1102",
                    "ModelIdNum": 1102,
                    "ObjectType": 13,
                    "XPos": -192,
                    "YPos": 0,
                    "ZPos": -64,
                    "XRotation": 0,
                    "YRotation": 0,
                    "ZRotation": 0
                },
                {
                    "ModelId": "2002",
                    "ModelIdNum": 2002,
                    "ObjectType": 13,
                    "XPos": -195,
                    "YPos": -123,
                    "ZPos": -64,
                    "XRotation": 0,
                    "YRotation": 0,
                    "ZRotation": 0
                },
                {
                    "ModelId": "3105",
                    "ModelIdNum": 3105,
                    "ObjectType": 13,
                    "XPos": -247,
                    "YPos": -62,
                    "ZPos": -123,
                    "XRotation": 0,
                    "YRotation": -1024,
                    "ZRotation": 0
                },
                {
                    "ModelId": "3100",
                    "ModelIdNum": 3100,
                    "ObjectType": 13,
                    "XPos": -192,
                    "YPos": -62,
                    "ZPos": 2,
                    "XRotation": 0,
                    "YRotation": -1536,
                    "ZRotation": 0
                },
                {
                    "ModelId": "3104",
                    "ModelIdNum": 3104,
                    "ObjectType": 13,
                    "XPos": -191,
                    "YPos": -62,
                    "ZPos": -245,
                    "XRotation": 0,
                    "YRotation": -512,
                    "ZRotation": 0
                },
                {
                    "ModelId": "3104",
                    "ModelIdNum": 3104,
                    "ObjectType": 13,
                    "XPos": -247,
                    "YPos": -62,
                    "ZPos": 182,
                    "ZScale": 0.9593741,
                    "XRotation": 0,
                    "YRotation": -1024,
                    "ZRotation": 0
                },
                {
                    "ModelId": "3133",
                    "ModelIdNum": 3133,
                    "ObjectType": 13,
                    "XPos": -192,
                    "YPos": 2,
                    "ZPos": 180,
                    "XRotation": 0,
                    "YRotation": -1536,
                    "ZRotation": 0
                },
                {
                    "ModelId": "3100",
                    "ModelIdNum": 3100,
                    "ObjectType": 13,
                    "XPos": -192,
                    "YPos": -63,
                    "ZPos": 124,
                    "XRotation": 0,
                    "YRotation": -512,
                    "ZRotation": 0
                },
                {
                    "ModelId": "3104",
                    "ModelIdNum": 3104,
                    "ObjectType": 13,
                    "XPos": 249,
                    "YPos": -62,
                    "ZPos": 182,
                    "XRotation": 0,
                    "YRotation": 0,
                    "ZRotation": 0
                },
                {
                    "ModelId": "1103",
                    "ModelIdNum": 1103,
                    "ObjectType": 13,
                    "XPos": -1,
                    "YPos": 0,
                    "ZPos": 192,
                    "XRotation": 0,
                    "YRotation": -512,
                    "ZRotation": 0
                },
                {
                    "ModelId": "2003",
                    "ModelIdNum": 2003,
                    "ObjectType": 13,
                    "XPos": -193,
                    "YPos": 4,
                    "ZPos": 179,
                    "XRotation": 0,
                    "YRotation": -512,
                    "ZRotation": 0
                },
                {
                    "ModelId": "4100",
                    "ModelIdNum": 4100,
                    "ObjectType": 13,
                    "XPos": -125,
                    "YPos": -63,
                    "ZPos": 131,
                    "XScale": 0.79953,
                    "XRotation": 0,
                    "YRotation": -1024,
                    "ZRotation": 0
                },
                {
                    "ModelId": "4102",
                    "ModelIdNum": 4102,
                    "ObjectType": 13,
                    "XPos": -184,
                    "YPos": 1,
                    "ZPos": 191,
                    "XScale": 0.79953,
                    "XRotation": 0,
                    "YRotation": -1024,
                    "ZRotation": 0
                },
                {
                    "ModelId": "41106",
                    "ModelIdNum": 41106,
                    "ObjectType": 0,
                    "XPos": -234,
                    "YPos": -16,
                    "ZPos": 176,
                    "XRotation": 0,
                    "YRotation": -512,
                    "ZRotation": 0
                },
                {
                    "ModelId": "41811",
                    "ModelIdNum": 41811,
                    "ObjectType": 3,
                    "XPos": 220,
                    "YPos": 0,
                    "ZPos": 216,
                    "XRotation": 0,
                    "YRotation": -1536,
                    "ZRotation": 0
                },
                {
                    "ModelId": "42520",
                    "ModelIdNum": 42520,
                    "ObjectType": 0,
                    "XPos": -60,
                    "YPos": -90,
                    "ZPos": 132,
                    "XScale": 0.73369,
                    "YScale": 0.8436424,
                    "ZScale": 0.9430055,
                    "XRotation": 0,
                    "YRotation": 0,
                    "ZRotation": 0
                },
                {
                    "ModelId": "69465",
                    "ModelIdNum": 69465,
                    "ObjectType": 0,
                    "XPos": -246,
                    "YPos": -2,
                    "ZPos": -80,
                    "XScale": 0.3,
                    "YScale": 0.6,
                    "ZScale": 0.9,
                    "XRotation": 0,
                    "YRotation": 0,
                    "ZRotation": 0
                },
                {
                    "ModelId": "6100",
                    "ModelIdNum": 6100,
                    "ObjectType": 13,
                    "XPos": 2,
                    "YPos": 1,
                    "ZPos": 222,
                    "XRotation": 0,
                    "YRotation": 0,
                    "ZRotation": 0
                },
                {
                    "ModelId": "41024",
                    "ModelIdNum": 41024,
                    "ObjectType": 0,
                    "XPos": -26,
                    "YPos": -30,
                    "ZPos": 228,
                    "XRotation": 0,
                    "YRotation": -1024,
                    "ZRotation": 0
                },
                {
                    "ModelId": "162",
                    "ModelIdNum": 162,
                    "ObjectType": 0,
                    "XPos": 0,
                    "YPos": 4,
                    "ZPos": -2,
                    "XRotation": 0,
                    "YRotation": 0,
                    "ZRotation": 0
                },
                {
                    "ModelId": "69464",
                    "ModelIdNum": 69464,
                    "ObjectType": 0,
                    "XPos": -156,
                    "YPos": -72,
                    "ZPos": 236,
                    "XRotation": 0,
                    "YRotation": -1024,
                    "ZRotation": 0
                }
            ],
            "BlockFlatObjectRecords": [
                {
                    "Position": 0,
                    "XPos": -196,
                    "YPos": -80,
                    "ZPos": -128,
                    "TextureArchive": 210,
                    "TextureRecord": 22,
                    "FactionID": -24560,
                    "Flags": 17
                },
                {
                    "Position": 0,
                    "XPos": 0,
                    "YPos": -80,
                    "ZPos": 178,
                    "TextureArchive": 210,
                    "TextureRecord": 22,
                    "FactionID": -24560,
                    "Flags": 17
                },
                {
                    "Position": 0,
                    "XPos": -160,
                    "YPos": 0,
                    "ZPos": -22,
                    "TextureArchive": 199,
                    "TextureRecord": 20,
                    "FactionID": 0,
                    "Flags": 17
                },
                {
                    "Position": 0,
                    "XPos": 30,
                    "YPos": 0,
                    "ZPos": 188,
                    "TextureArchive": 199,
                    "TextureRecord": 20,
                    "FactionID": 0,
                    "Flags": 17
                },
                {
                    "Position": 0,
                    "XPos": -222,
                    "YPos": 0,
                    "ZPos": 228,
                    "TextureArchive": 199,
                    "TextureRecord": 20,
                    "FactionID": 0,
                    "Flags": 17
                },
                {
                    "Position": 0,
                    "XPos": -192,
                    "YPos": 0,
                    "ZPos": 64,
                    "TextureArchive": 199,
                    "TextureRecord": 8,
                    "FactionID": 0,
                    "Flags": 0
                },
                {
                    "Position": 0,
                    "XPos": -192,
                    "YPos": -80,
                    "ZPos": 64,
                    "TextureArchive": 210,
                    "TextureRecord": 22,
                    "FactionID": 10256,
                    "Flags": 17
                },
                {
                    "Position": 0,
                    "XPos": -186,
                    "YPos": -31,
                    "ZPos": -214,
                    "TextureArchive": 10021,
                    "TextureRecord": 12,
                    "FactionID": 0,
                    "Flags": 0
                },
                {
                    "Position": 0,
                    "XPos": -212,
                    "YPos": -31,
                    "ZPos": -202,
                    "TextureArchive": 10021,
                    "TextureRecord": 4,
                    "FactionID": 0,
                    "Flags": 0
                },
                {
                    "Position": 0,
                    "XPos": -190,
                    "YPos": -1,
                    "ZPos": -104,
                    "TextureArchive": 199,
                    "TextureRecord": 11,
                    "FactionID": 0,
                    "Flags": 0
                },
                {
                    "Position": 0,
                    "XPos": 96,
                    "YPos": -1,
                    "ZPos": 210,
                    "TextureArchive": 199,
                    "TextureRecord": 18,
                    "FactionID": 0,
                    "Flags": 0
                },
                {
                    "Position": 0,
                    "XPos": 192,
                    "YPos": -18,
                    "ZPos": 168,
                    "TextureArchive": 199,
                    "TextureRecord": 4,
                    "FactionID": 0,
                    "Flags": 0
                }
            ],
            "BlockSection3Records": [
                {
                    "XPos": -192,
                    "YPos": 0,
                    "ZPos": 192
                },
                {
                    "XPos": -64,
                    "YPos": 0,
                    "ZPos": 192
                },
                {
                    "XPos": 64,
                    "YPos": 0,
                    "ZPos": 192
                },
                {
                    "XPos": 192,
                    "YPos": 0,
                    "ZPos": 192
                },
                {
                    "XPos": -192,
                    "YPos": 0,
                    "ZPos": -64
                },
                {
                    "XPos": -192,
                    "YPos": 0,
                    "ZPos": -192
                }
            ],
            "BlockPeopleRecords": [
                {
                    "Position": 6664,
                    "XPos": 124,
                    "YPos": 0,
                    "ZPos": 170,
                    "TextureArchive": 182,
                    "TextureRecord": 19,
                    "FactionID": 0,
                    "Flags": 1
                }
            ],
            "BlockDoorRecords": [
                {
                    "Position": 0,
                    "XPos": -169,
                    "YPos": -43,
                    "ZPos": -1,
                    "YRotation": -1024,
                    "OpenRotation": 91,
                    "DoorModelIndex": 0
                }
            ]
        }
    },
    "AutoMapData": null
}