{
    "FactionId": 0,
    "BuildingType": 18,
    "Quality": 12,
    "NameSeed": 0,
    "RmbSubRecord": {
        "XPos": 384,
        "ZPos": 576,
        "YRotation": 0,
        "Exterior": {
            "Header": {
                "Num3dObjectRecords": 1,
                "NumFlatObjectRecords": 0,
                "NumSection3Records": 0,
                "NumPeopleRecords": 0,
                "NumDoorRecords": 0
            },
            "Block3dObjectRecords": [
                {
                    "ModelId": "202",
                    "ModelIdNum": 202,
                    "ObjectType": 4,
                    "XPos": 32,
                    "YPos": 0,
                    "ZPos": -32,
                    "XRotation": 0,
                    "YRotation": 0,
                    "ZRotation": 0
                },
                {
                    "ModelId": "45117",
                    "ModelIdNum": 45117,
                    "ObjectType": 4,
                    "XPos": 128,
                    "YPos": -22,
                    "ZPos": -224,
                    "ZScale": 1.2,
                    "XRotation": 0,
                    "YRotation": 0,
                    "ZRotation": 0
                }
            ],
            "BlockFlatObjectRecords": [],
            "BlockSection3Records": [],
            "BlockPeopleRecords": [],
            "BlockDoorRecords": []
        },
        "Interior": {
            "Header": {
                "Num3dObjectRecords": 23,
                "NumFlatObjectRecords": 14,
                "NumSection3Records": 34,
                "NumPeopleRecords": 1,
                "NumDoorRecords": 5
            },
            "Block3dObjectRecords": [
                {
                    "ModelId": "29100",
                    "ModelIdNum": 29100,
                    "ObjectType": 13,
                    "XPos": 0,
                    "YPos": -159,
                    "ZPos": 0,
                    "XRotation": 0,
                    "YRotation": -1024,
                    "ZRotation": 0
                },
                {
                    "ModelId": "31106",
                    "ModelIdNum": 31106,
                    "ObjectType": 13,
                    "XPos": -189,
                    "YPos": -63,
                    "ZPos": -125,
                    "XRotation": 0,
                    "YRotation": -512,
                    "ZRotation": 0
                },
                {
                    "ModelId": "31130",
                    "ModelIdNum": 31130,
                    "ObjectType": 13,
                    "XPos": 61,
                    "YPos": -63,
                    "ZPos": -128,
                    "XRotation": 0,
                    "YRotation": -512,
                    "ZRotation": 0
                },
                {
                    "ModelId": "31107",
                    "ModelIdNum": 31107,
                    "ObjectType": 13,
                    "XPos": -64,
                    "YPos": -63,
                    "ZPos": -125,
                    "XRotation": 0,
                    "YRotation": -1536,
                    "ZRotation": 0
                },
                {
                    "ModelId": "31106",
                    "ModelIdNum": 31106,
                    "ObjectType": 13,
                    "XPos": 67,
                    "YPos": -63,
                    "ZPos": -3,
                    "XRotation": 0,
                    "YRotation": -1024,
                    "ZRotation": 0
                },
                {
                    "ModelId": "36100",
                    "ModelIdNum": 36100,
                    "ObjectType": 13,
                    "XPos": -67,
                    "YPos": -64,
                    "ZPos": -3,
                    "XRotation": 0,
                    "YRotation": -1536,
                    "ZRotation": 0
                },
                {
                    "ModelId": "8100",
                    "ModelIdNum": 8100,
                    "ObjectType": 13,
                    "XPos": 192,
                    "YPos": -63,
                    "ZPos": 253,
                    "XRotation": 0,
                    "YRotation": -1024,
                    "ZRotation": 0
                },
                {
                    "ModelId": "31106",
                    "ModelIdNum": 31106,
                    "ObjectType": 13,
                    "XPos": 189,
                    "YPos": -63,
                    "ZPos": 3,
                    "XRotation": 0,
                    "YRotation": 0,
                    "ZRotation": 0
                },
                {
                    "ModelId": "31109",
                    "ModelIdNum": 31109,
                    "ObjectType": 13,
                    "XPos": 189,
                    "YPos": -63,
                    "ZPos": 128,
                    "XRotation": 0,
                    "YRotation": 0,
                    "ZRotation": 0
                },
                {
                    "ModelId": "31103",
                    "ModelIdNum": 31103,
                    "ObjectType": 13,
                    "XPos": -189,
                    "YPos": -63,
                    "ZPos": -3,
                    "XRotation": 0,
                    "YRotation": -1024,
                    "ZRotation": 0
                },
                {
                    "ModelId": "41105",
                    "ModelIdNum": 41105,
                    "ObjectType": 3,
                    "XPos": -174,
                    "YPos": 1,
                    "ZPos": 97,
                    "XScale": 1.1028,
                    "XRotation": 0,
                    "YRotation": -45,
                    "ZRotation": 0
                },
                {
                    "ModelId": "41108",
                    "ModelIdNum": 41108,
                    "ObjectType": 3,
                    "XPos": -171,
                    "YPos": 0,
                    "ZPos": 148,
                    "XScale": 1.1822,
                    "ZScale": 1.125,
                    "XRotation": 0,
                    "YRotation": 0,
                    "ZRotation": 0
                },
                {
                    "ModelId": "41802",
                    "ModelIdNum": 41802,
                    "ObjectType": 3,
                    "XPos": -222,
                    "YPos": 51,
                    "ZPos": 143,
                    "XScale": 1.1041,
                    "YScale": 1.1041,
                    "ZScale": 1.1041,
                    "XRotation": 0,
                    "YRotation": -511,
                    "ZRotation": 0
                },
                {
                    "ModelId": "41101",
                    "ModelIdNum": 41101,
                    "ObjectType": 3,
                    "XPos": -142,
                    "YPos": 2,
                    "ZPos": 261,
                    "XRotation": 0,
                    "YRotation": -1331,
                    "ZRotation": 0
                },
                {
                    "ModelId": "41101",
                    "ModelIdNum": 41101,
                    "ObjectType": 3,
                    "XPos": -180,
                    "YPos": 2,
                    "ZPos": 202,
                    "XRotation": 0,
                    "YRotation": -62,
                    "ZRotation": 0
                },
                {
                    "ModelId": "41409",
                    "ModelIdNum": 41409,
                    "ObjectType": 3,
                    "XPos": -184,
                    "YPos": 2,
                    "ZPos": -208,
                    "XRotation": 0,
                    "YRotation": -1024,
                    "ZRotation": 0
                },
                {
                    "ModelId": "41001",
                    "ModelIdNum": 41001,
                    "ObjectType": 3,
                    "XPos": 224,
                    "YPos": 2,
                    "ZPos": 264,
                    "XRotation": 0,
                    "YRotation": -1536,
                    "ZRotation": 0
                },
                {
                    "ModelId": "3119",
                    "ModelIdNum": 3119,
                    "ObjectType": 13,
                    "XPos": -2,
                    "YPos": -63,
                    "ZPos": -312,
                    "ZScale": 0.9938993,
                    "XRotation": 0,
                    "YRotation": -511,
                    "ZRotation": 0
                },
                {
                    "ModelId": "3116",
                    "ModelIdNum": 3116,
                    "ObjectType": 13,
                    "XPos": 62,
                    "YPos": 1,
                    "ZPos": -251,
                    "ZScale": 1.05066,
                    "XRotation": 0,
                    "YRotation": -11,
                    "ZRotation": 0
                },
                {
                    "ModelId": "3107",
                    "ModelIdNum": 3107,
                    "ObjectType": 13,
                    "XPos": -298,
                    "YPos": 0,
                    "ZPos": 257,
                    "XRotation": 0,
                    "YRotation": -1536,
                    "ZRotation": 0
                },
                {
                    "ModelId": "45081",
                    "ModelIdNum": 45081,
                    "ObjectType": 0,
                    "XPos": 106,
                    "YPos": -56,
                    "ZPos": 247,
                    "XScale": 0.4999999,
                    "YScale": 0.7999998,
                    "XRotation": 0,
                    "YRotation": -256,
                    "ZRotation": -512
                },
                {
                    "ModelId": "41117",
                    "ModelIdNum": 41117,
                    "ObjectType": 3,
                    "XPos": 91,
                    "YPos": 8,
                    "ZPos": 279,
                    "XRotation": 0,
                    "YRotation": -1279,
                    "ZRotation": 0
                },
                {
                    "ModelId": "45076",
                    "ModelIdNum": 45076,
                    "ObjectType": 0,
                    "XPos": 98,
                    "YPos": -10,
                    "ZPos": 285,
                    "ZScale": 0.8405597,
                    "XRotation": 0,
                    "YRotation": -256,
                    "ZRotation": 0
                },
                {
                    "ModelId": "45081",
                    "ModelIdNum": 45081,
                    "ObjectType": 0,
                    "XPos": 114,
                    "YPos": -61,
                    "ZPos": 238,
                    "YScale": 1.03,
                    "ZScale": 1.4089,
                    "XRotation": 0,
                    "YRotation": -256,
                    "ZRotation": -512
                },
                {
                    "ModelId": "45129",
                    "ModelIdNum": 45129,
                    "ObjectType": 0,
                    "XPos": 133,
                    "YPos": -3,
                    "ZPos": 215,
                    "XScale": 1.2,
                    "YScale": 1.99,
                    "ZScale": 2.1026,
                    "XRotation": 0,
                    "YRotation": -256,
                    "ZRotation": -512
                },
                {
                    "ModelId": "41045",
                    "ModelIdNum": 41045,
                    "ObjectType": 0,
                    "XPos": -52,
                    "YPos": -38,
                    "ZPos": 6,
                    "XRotation": 0,
                    "YRotation": -1536,
                    "ZRotation": 0
                },
                {
                    "ModelId": "41036",
                    "ModelIdNum": 41036,
                    "ObjectType": 0,
                    "XPos": 144,
                    "YPos": -36,
                    "ZPos": 234,
                    "XRotation": 0,
                    "YRotation": -512,
                    "ZRotation": 0
                },
                {
                    "ModelId": "41108",
                    "ModelIdNum": 41108,
                    "ObjectType": 0,
                    "XPos": 170,
                    "YPos": -13,
                    "ZPos": 286,
                    "XScale": 0.54498,
                    "YScale": 0.72126,
                    "ZScale": 0.78771,
                    "XRotation": 0,
                    "YRotation": 0,
                    "ZRotation": 0
                },
                {
                    "ModelId": "1108",
                    "ModelIdNum": 1108,
                    "ObjectType": 13,
                    "XPos": -62,
                    "YPos": 0,
                    "ZPos": 195,
                    "XRotation": 0,
                    "YRotation": -1536,
                    "ZRotation": 0
                },
                {
                    "ModelId": "2101",
                    "ModelIdNum": 2101,
                    "ObjectType": 13,
                    "XPos": -6,
                    "YPos": -126,
                    "ZPos": -256,
                    "XRotation": 0,
                    "YRotation": -512,
                    "ZRotation": 0
                },
                {
                    "ModelId": "4102",
                    "ModelIdNum": 4102,
                    "ObjectType": 13,
                    "XPos": 51,
                    "YPos": 1,
                    "ZPos": -244,
                    "XScale": 0.77638,
                    "ZScale": 0.78385,
                    "XRotation": 0,
                    "YRotation": 0,
                    "ZRotation": 0
                },
                {
                    "ModelId": "3100",
                    "ModelIdNum": 3100,
                    "ObjectType": 13,
                    "XPos": -126,
                    "YPos": -64,
                    "ZPos": -256,
                    "XRotation": 0,
                    "YRotation": -1024,
                    "ZRotation": 0
                },
                {
                    "ModelId": "3104",
                    "ModelIdNum": 3104,
                    "ObjectType": 13,
                    "XPos": -63,
                    "YPos": -63,
                    "ZPos": -198,
                    "ZScale": 1.04066,
                    "XRotation": 0,
                    "YRotation": -1536,
                    "ZRotation": 0
                },
                {
                    "ModelId": "3100",
                    "ModelIdNum": 3100,
                    "ObjectType": 13,
                    "XPos": 128,
                    "YPos": -64,
                    "ZPos": 128,
                    "XRotation": 0,
                    "YRotation": 0,
                    "ZRotation": 0
                },
                {
                    "ModelId": "3104",
                    "ModelIdNum": 3104,
                    "ObjectType": 13,
                    "XPos": 125,
                    "YPos": -64,
                    "ZPos": 244,
                    "XRotation": 0,
                    "YRotation": 0,
                    "ZRotation": 0
                },
                {
                    "ModelId": "3105",
                    "ModelIdNum": 3105,
                    "ObjectType": 13,
                    "XPos": 4,
                    "YPos": -64,
                    "ZPos": 70,
                    "XRotation": 0,
                    "YRotation": -512,
                    "ZRotation": 0
                },
                {
                    "ModelId": "3104",
                    "ModelIdNum": 3104,
                    "ObjectType": 13,
                    "XPos": -176,
                    "YPos": -64,
                    "ZPos": 70,
                    "XRotation": 0,
                    "YRotation": -512,
                    "ZRotation": 0
                },
                {
                    "ModelId": "3105",
                    "ModelIdNum": 3105,
                    "ObjectType": 13,
                    "XPos": -232,
                    "YPos": -64,
                    "ZPos": 193,
                    "ZScale": 1.0126,
                    "XRotation": 0,
                    "YRotation": -1024,
                    "ZRotation": 0
                },
                {
                    "ModelId": "1101",
                    "ModelIdNum": 1101,
                    "ObjectType": 13,
                    "XPos": 0,
                    "YPos": 0,
                    "ZPos": -256,
                    "XRotation": 0,
                    "YRotation": -1536,
                    "ZRotation": 0
                },
                {
                    "ModelId": "2108",
                    "ModelIdNum": 2108,
                    "ObjectType": 13,
                    "XPos": -62,
                    "YPos": -123,
                    "ZPos": 189,
                    "XRotation": 0,
                    "YRotation": -512,
                    "ZRotation": 0
                },
                {
                    "ModelId": "45135",
                    "ModelIdNum": 45135,
                    "ObjectType": 0,
                    "XPos": -28,
                    "YPos": -78,
                    "ZPos": 72,
                    "XScale": 1.130414,
                    "XRotation": 0,
                    "YRotation": 0,
                    "ZRotation": 0
                },
                {
                    "ModelId": "41019",
                    "ModelIdNum": 41019,
                    "ObjectType": 0,
                    "XPos": 238,
                    "YPos": -37,
                    "ZPos": -8,
                    "XRotation": 0,
                    "YRotation": -1536,
                    "ZRotation": 0
                },
                {
                    "ModelId": "41051",
                    "ModelIdNum": 41051,
                    "ObjectType": 0,
                    "XPos": 34,
                    "YPos": -36,
                    "ZPos": 42,
                    "XRotation": 0,
                    "YRotation": -1024,
                    "ZRotation": 0
                },
                {
                    "ModelId": "41102",
                    "ModelIdNum": 41102,
                    "ObjectType": 0,
                    "XPos": 78,
                    "YPos": -16,
                    "ZPos": 38,
                    "XRotation": 0,
                    "YRotation": -1082,
                    "ZRotation": 0
                },
                {
                    "ModelId": "41106",
                    "ModelIdNum": 41106,
                    "ObjectType": 0,
                    "XPos": -58,
                    "YPos": -15,
                    "ZPos": -170,
                    "XRotation": 0,
                    "YRotation": 0,
                    "ZRotation": 0
                },
                {
                    "ModelId": "51116",
                    "ModelIdNum": 51116,
                    "ObjectType": 0,
                    "XPos": -232,
                    "YPos": -46,
                    "ZPos": -18,
                    "XRotation": 0,
                    "YRotation": -1536,
                    "ZRotation": 0
                },
                {
                    "ModelId": "41040",
                    "ModelIdNum": 41040,
                    "ObjectType": 0,
                    "XPos": -242,
                    "YPos": -37,
                    "ZPos": -120,
                    "XRotation": 0,
                    "YRotation": -512,
                    "ZRotation": 0
                },
                {
                    "ModelId": "41811",
                    "ModelIdNum": 41811,
                    "ObjectType": 3,
                    "XPos": -180,
                    "YPos": 129,
                    "ZPos": 234,
                    "XRotation": 0,
                    "YRotation": 0,
                    "ZRotation": 0
                },
                {
                    "ModelId": "41124",
                    "ModelIdNum": 41124,
                    "ObjectType": 0,
                    "XPos": -212,
                    "YPos": -33,
                    "ZPos": 242,
                    "XRotation": 0,
                    "YRotation": -512,
                    "ZRotation": 0
                },
                {
                    "ModelId": "41125",
                    "ModelIdNum": 41125,
                    "ObjectType": 0,
                    "XPos": 100,
                    "YPos": -142,
                    "ZPos": 210,
                    "XRotation": 0,
                    "YRotation": -1844,
                    "ZRotation": 0
                },
                {
                    "ModelId": "69443",
                    "ModelIdNum": 69443,
                    "ObjectType": 0,
                    "XPos": -8,
                    "YPos": -42,
                    "ZPos": 4,
                    "XRotation": -1536,
                    "YRotation": 0,
                    "ZRotation": 0
                },
                {
                    "ModelId": "69465",
                    "ModelIdNum": 69465,
                    "ObjectType": 0,
                    "XPos": 88,
                    "YPos": -2,
                    "ZPos": 276,
                    "XScale": 0.3,
                    "YScale": 0.6,
                    "ZScale": 0.9,
                    "XRotation": 0,
                    "YRotation": -1796,
                    "ZRotation": 0
                },
                {
                    "ModelId": "202",
                    "ModelIdNum": 202,
                    "ObjectType": 0,
                    "XPos": 32,
                    "YPos": 0,
                    "ZPos": -30,
                    "XRotation": 0,
                    "YRotation": 0,
                    "ZRotation": 0
                },
                {
                    "ModelId": "45110",
                    "ModelIdNum": 45110,
                    "ObjectType": 0,
                    "XPos": -36,
                    "YPos": -226,
                    "ZPos": -74,
                    "YScale": 0.94473,
                    "XRotation": 0,
                    "YRotation": -1024,
                    "ZRotation": -170
                },
                {
                    "ModelId": "45110",
                    "ModelIdNum": 45110,
                    "ObjectType": 0,
                    "XPos": -36,
                    "YPos": -220,
                    "ZPos": -74,
                    "YScale": 1.51672,
                    "ZScale": 1.2,
                    "XRotation": 0,
                    "YRotation": 0,
                    "ZRotation": -84
                },
                {
                    "ModelId": "45110",
                    "ModelIdNum": 45110,
                    "ObjectType": 0,
                    "XPos": 28,
                    "YPos": -222,
                    "ZPos": 14,
                    "YScale": 2.683,
                    "ZScale": 1.3,
                    "XRotation": 0,
                    "YRotation": -512,
                    "ZRotation": -512
                },
                {
                    "ModelId": "45110",
                    "ModelIdNum": 45110,
                    "ObjectType": 0,
                    "XPos": 28,
                    "YPos": -222,
                    "ZPos": 104,
                    "YScale": 1.06119,
                    "XRotation": 0,
                    "YRotation": -1536,
                    "ZRotation": -170
                },
                {
                    "ModelId": "45110",
                    "ModelIdNum": 45110,
                    "ObjectType": 0,
                    "XPos": 28,
                    "YPos": -226,
                    "ZPos": 150,
                    "YScale": 0.94473,
                    "XRotation": 0,
                    "YRotation": -511,
                    "ZRotation": -170
                },
                {
                    "ModelId": "45110",
                    "ModelIdNum": 45110,
                    "ObjectType": 0,
                    "XPos": 28,
                    "YPos": -226,
                    "ZPos": 104,
                    "YScale": 1.14999,
                    "ZScale": 1.1,
                    "XRotation": 0,
                    "YRotation": -512,
                    "ZRotation": -84
                },
                {
                    "ModelId": "45110",
                    "ModelIdNum": 45110,
                    "ObjectType": 0,
                    "XPos": 28,
                    "YPos": -220,
                    "ZPos": 152,
                    "YScale": 1.20399,
                    "ZScale": 1.2,
                    "XRotation": -2041,
                    "YRotation": -1536,
                    "ZRotation": -82
                },
                {
                    "ModelId": "45110",
                    "ModelIdNum": 45110,
                    "ObjectType": 0,
                    "XPos": 50,
                    "YPos": -222,
                    "ZPos": -74,
                    "YScale": 2.683,
                    "ZScale": 1.3,
                    "XRotation": 0,
                    "YRotation": 0,
                    "ZRotation": -511
                },
                {
                    "ModelId": "45110",
                    "ModelIdNum": 45110,
                    "ObjectType": 0,
                    "XPos": 50,
                    "YPos": -222,
                    "ZPos": -192,
                    "YScale": 2.683,
                    "ZScale": 1.3,
                    "XRotation": 0,
                    "YRotation": 0,
                    "ZRotation": -511
                },
                {
                    "ModelId": "45110",
                    "ModelIdNum": 45110,
                    "ObjectType": 0,
                    "XPos": -92,
                    "YPos": -220,
                    "ZPos": -74,
                    "YScale": 1.11605,
                    "ZScale": 1.2,
                    "XRotation": 0,
                    "YRotation": 0,
                    "ZRotation": -169
                },
                {
                    "ModelId": "45110",
                    "ModelIdNum": 45110,
                    "ObjectType": 0,
                    "XPos": -94,
                    "YPos": -226,
                    "ZPos": -74,
                    "YScale": 1.39692,
                    "XRotation": 0,
                    "YRotation": -1024,
                    "ZRotation": -85
                },
                {
                    "ModelId": "45110",
                    "ModelIdNum": 45110,
                    "ObjectType": 0,
                    "XPos": -34,
                    "YPos": -226,
                    "ZPos": -192,
                    "YScale": 0.94473,
                    "XRotation": 0,
                    "YRotation": -1024,
                    "ZRotation": -170
                },
                {
                    "ModelId": "45110",
                    "ModelIdNum": 45110,
                    "ObjectType": 0,
                    "XPos": -34,
                    "YPos": -220,
                    "ZPos": -192,
                    "YScale": 1.51672,
                    "ZScale": 1.2,
                    "XRotation": 0,
                    "YRotation": 0,
                    "ZRotation": -84
                },
                {
                    "ModelId": "45110",
                    "ModelIdNum": 45110,
                    "ObjectType": 0,
                    "XPos": -90,
                    "YPos": -220,
                    "ZPos": -192,
                    "YScale": 1.11605,
                    "ZScale": 1.2,
                    "XRotation": 0,
                    "YRotation": 0,
                    "ZRotation": -169
                },
                {
                    "ModelId": "45110",
                    "ModelIdNum": 45110,
                    "ObjectType": 0,
                    "XPos": -92,
                    "YPos": -226,
                    "ZPos": -192,
                    "YScale": 1.39692,
                    "XRotation": 0,
                    "YRotation": -1024,
                    "ZRotation": -85
                },
                {
                    "ModelId": "45110",
                    "ModelIdNum": 45110,
                    "ObjectType": 0,
                    "XPos": 50,
                    "YPos": -222,
                    "ZPos": 28,
                    "YScale": 2.46914,
                    "ZScale": 1.3,
                    "XRotation": 0,
                    "YRotation": 0,
                    "ZRotation": -511
                },
                {
                    "ModelId": "45110",
                    "ModelIdNum": 45110,
                    "ObjectType": 0,
                    "XPos": 34,
                    "YPos": -222,
                    "ZPos": 126,
                    "XScale": 0.9058899,
                    "YScale": 2.46914,
                    "ZScale": 1.3,
                    "XRotation": 0,
                    "YRotation": 0,
                    "ZRotation": -511
                },
                {
                    "ModelId": "45110",
                    "ModelIdNum": 45110,
                    "ObjectType": 0,
                    "XPos": -66,
                    "YPos": -222,
                    "ZPos": 23,
                    "XScale": 0.86968,
                    "YScale": 2.47914,
                    "ZScale": 1.3,
                    "XRotation": 0,
                    "YRotation": -512,
                    "ZRotation": -512
                },
                {
                    "ModelId": "45110",
                    "ModelIdNum": 45110,
                    "ObjectType": 0,
                    "XPos": -36,
                    "YPos": -226,
                    "ZPos": 28,
                    "YScale": 0.94473,
                    "XRotation": 0,
                    "YRotation": -1024,
                    "ZRotation": -170
                },
                {
                    "ModelId": "45110",
                    "ModelIdNum": 45110,
                    "ObjectType": 0,
                    "XPos": -36,
                    "YPos": -220,
                    "ZPos": 28,
                    "YScale": 1.51672,
                    "ZScale": 1.2,
                    "XRotation": 0,
                    "YRotation": 0,
                    "ZRotation": -84
                },
                {
                    "ModelId": "45110",
                    "ModelIdNum": 45110,
                    "ObjectType": 0,
                    "XPos": -92,
                    "YPos": -220,
                    "ZPos": 28,
                    "YScale": 1.11605,
                    "ZScale": 1.2,
                    "XRotation": 0,
                    "YRotation": 0,
                    "ZRotation": -169
                },
                {
                    "ModelId": "45110",
                    "ModelIdNum": 45110,
                    "ObjectType": 0,
                    "XPos": -94,
                    "YPos": -226,
                    "ZPos": 28,
                    "YScale": 1.39692,
                    "XRotation": 0,
                    "YRotation": -1024,
                    "ZRotation": -85
                },
                {
                    "ModelId": "45110",
                    "ModelIdNum": 45110,
                    "ObjectType": 0,
                    "XPos": 28,
                    "YPos": -129,
                    "ZPos": 30,
                    "YScale": 1.205,
                    "XRotation": 0,
                    "YRotation": 0,
                    "ZRotation": 0
                },
                {
                    "ModelId": "45110",
                    "ModelIdNum": 45110,
                    "ObjectType": 0,
                    "XPos": 30,
                    "YPos": -129,
                    "ZPos": -192,
                    "YScale": 1.205,
                    "XRotation": 0,
                    "YRotation": 0,
                    "ZRotation": 0
                },
                {
                    "ModelId": "45110",
                    "ModelIdNum": 45110,
                    "ObjectType": 0,
                    "XPos": -156,
                    "YPos": -129,
                    "ZPos": 28,
                    "YScale": 1.205,
                    "XRotation": 0,
                    "YRotation": 0,
                    "ZRotation": 0
                },
                {
                    "ModelId": "45110",
                    "ModelIdNum": 45110,
                    "ObjectType": 0,
                    "XPos": 32,
                    "YPos": -129,
                    "ZPos": 222,
                    "YScale": 1.205,
                    "XRotation": 0,
                    "YRotation": 0,
                    "ZRotation": 0
                },
                {
                    "ModelId": "45110",
                    "ModelIdNum": 45110,
                    "ObjectType": 0,
                    "XPos": -158,
                    "YPos": -120,
                    "ZPos": -192,
                    "YScale": 1.33894,
                    "XRotation": 0,
                    "YRotation": 0,
                    "ZRotation": 0
                },
                {
                    "ModelId": "45110",
                    "ModelIdNum": 45110,
                    "ObjectType": 0,
                    "XPos": 126,
                    "YPos": -222,
                    "ZPos": 14,
                    "YScale": 2.683,
                    "ZScale": 1.3,
                    "XRotation": 0,
                    "YRotation": -512,
                    "ZRotation": -512
                },
                {
                    "ModelId": "45110",
                    "ModelIdNum": 45110,
                    "ObjectType": 0,
                    "XPos": 126,
                    "YPos": -222,
                    "ZPos": 106,
                    "YScale": 1.06119,
                    "XRotation": 0,
                    "YRotation": -1536,
                    "ZRotation": -170
                },
                {
                    "ModelId": "45110",
                    "ModelIdNum": 45110,
                    "ObjectType": 0,
                    "XPos": 126,
                    "YPos": -226,
                    "ZPos": 150,
                    "YScale": 0.94473,
                    "XRotation": 0,
                    "YRotation": -511,
                    "ZRotation": -170
                },
                {
                    "ModelId": "45110",
                    "ModelIdNum": 45110,
                    "ObjectType": 0,
                    "XPos": 126,
                    "YPos": -226,
                    "ZPos": 104,
                    "YScale": 1.14999,
                    "ZScale": 1.1,
                    "XRotation": 0,
                    "YRotation": -512,
                    "ZRotation": -84
                },
                {
                    "ModelId": "45110",
                    "ModelIdNum": 45110,
                    "ObjectType": 0,
                    "XPos": 126,
                    "YPos": -220,
                    "ZPos": 152,
                    "YScale": 1.20399,
                    "ZScale": 1.2,
                    "XRotation": -2041,
                    "YRotation": -1536,
                    "ZRotation": -82
                },
                {
                    "ModelId": "45110",
                    "ModelIdNum": 45110,
                    "ObjectType": 0,
                    "XPos": -67,
                    "YPos": -129,
                    "ZPos": 126,
                    "YScale": 2.41545,
                    "XRotation": 0,
                    "YRotation": 0,
                    "ZRotation": 0
                },
                {
                    "ModelId": "45110",
                    "ModelIdNum": 45110,
                    "ObjectType": 0,
                    "XPos": -68,
                    "YPos": -227,
                    "ZPos": 129,
                    "YScale": 1.55642,
                    "XRotation": 0,
                    "YRotation": -1536,
                    "ZRotation": -256
                },
                {
                    "ModelId": "45110",
                    "ModelIdNum": 45110,
                    "ObjectType": 0,
                    "XPos": -68,
                    "YPos": -230,
                    "ZPos": 128,
                    "YScale": 0.94473,
                    "XRotation": 0,
                    "YRotation": -511,
                    "ZRotation": -256
                },
                {
                    "ModelId": "45110",
                    "ModelIdNum": 45110,
                    "ObjectType": 0,
                    "XPos": -70,
                    "YPos": -228,
                    "ZPos": 126,
                    "YScale": 1.45214,
                    "XRotation": 0,
                    "YRotation": 0,
                    "ZRotation": -256
                },
                {
                    "ModelId": "45110",
                    "ModelIdNum": 45110,
                    "ObjectType": 0,
                    "XPos": -66,
                    "YPos": -228,
                    "ZPos": 126,
                    "YScale": 1.53078,
                    "XRotation": 0,
                    "YRotation": -1024,
                    "ZRotation": -256
                },
                {
                    "ModelId": "45110",
                    "ModelIdNum": 45110,
                    "ObjectType": 0,
                    "XPos": 26,
                    "YPos": -129,
                    "ZPos": 31,
                    "YScale": 1.56168,
                    "ZScale": 0.91663,
                    "XRotation": 0,
                    "YRotation": 0,
                    "ZRotation": -256
                },
                {
                    "ModelId": "45110",
                    "ModelIdNum": 45110,
                    "ObjectType": 0,
                    "XPos": -159,
                    "YPos": -130,
                    "ZPos": 31,
                    "YScale": 1.52827,
                    "ZScale": 0.9395201,
                    "XRotation": 0,
                    "YRotation": -1024,
                    "ZRotation": -256
                },
                {
                    "ModelId": "45110",
                    "ModelIdNum": 45110,
                    "ObjectType": 0,
                    "XPos": 30,
                    "YPos": -131,
                    "ZPos": 33,
                    "YScale": 1.51311,
                    "ZScale": 0.71637,
                    "XRotation": 0,
                    "YRotation": -511,
                    "ZRotation": -256
                },
                {
                    "ModelId": "45110",
                    "ModelIdNum": 45110,
                    "ObjectType": 0,
                    "XPos": 30,
                    "YPos": -131,
                    "ZPos": 219,
                    "YScale": 1.49425,
                    "ZScale": 0.71637,
                    "XRotation": 0,
                    "YRotation": -1536,
                    "ZRotation": -256
                },
                {
                    "ModelId": "45110",
                    "ModelIdNum": 45110,
                    "ObjectType": 0,
                    "XPos": -66,
                    "YPos": -222,
                    "ZPos": 28,
                    "YScale": 1.205,
                    "XRotation": 0,
                    "YRotation": 0,
                    "ZRotation": 0
                },
                {
                    "ModelId": "45110",
                    "ModelIdNum": 45110,
                    "ObjectType": 0,
                    "XPos": 28,
                    "YPos": -222,
                    "ZPos": 128,
                    "YScale": 1.205,
                    "XRotation": 0,
                    "YRotation": 0,
                    "ZRotation": 0
                }
            ],
            "BlockFlatObjectRecords": [
                {
                    "Position": 0,
                    "XPos": 0,
                    "YPos": -76,
                    "ZPos": 190,
                    "TextureArchive": 210,
                    "TextureRecord": 13,
                    "FactionID": -32752,
                    "Flags": 17
                },
                {
                    "Position": 0,
                    "XPos": -98,
                    "YPos": 0,
                    "ZPos": 112,
                    "TextureArchive": 199,
                    "TextureRecord": 20,
                    "FactionID": -1,
                    "Flags": 17
                },
                {
                    "Position": 0,
                    "XPos": 136,
                    "YPos": -250,
                    "ZPos": 128,
                    "TextureArchive": 210,
                    "TextureRecord": 22,
                    "FactionID": -32752,
                    "Flags": 17
                },
                {
                    "Position": 0,
                    "XPos": 178,
                    "YPos": -129,
                    "ZPos": 52,
                    "TextureArchive": 199,
                    "TextureRecord": 19,
                    "FactionID": 0,
                    "Flags": 17
                },
                {
                    "Position": 0,
                    "XPos": -104,
                    "YPos": -129,
                    "ZPos": -152,
                    "TextureArchive": 199,
                    "TextureRecord": 22,
                    "FactionID": 0,
                    "Flags": 17
                },
                {
                    "Position": 0,
                    "XPos": -176,
                    "YPos": 0,
                    "ZPos": -264,
                    "TextureArchive": 199,
                    "TextureRecord": 21,
                    "FactionID": 0,
                    "Flags": 17
                },
                {
                    "Position": 0,
                    "XPos": 64,
                    "YPos": 0,
                    "ZPos": -128,
                    "TextureArchive": 199,
                    "TextureRecord": 8,
                    "FactionID": 0,
                    "Flags": 0
                },
                {
                    "Position": 0,
                    "XPos": 30,
                    "YPos": 0,
                    "ZPos": 8,
                    "TextureArchive": 204,
                    "TextureRecord": 1,
                    "FactionID": 0,
                    "Flags": 0
                },
                {
                    "Position": 0,
                    "XPos": -232,
                    "YPos": 0,
                    "ZPos": 33,
                    "TextureArchive": 205,
                    "TextureRecord": 0,
                    "FactionID": 0,
                    "Flags": 0
                },
                {
                    "Position": 0,
                    "XPos": -221,
                    "YPos": 0,
                    "ZPos": 42,
                    "TextureArchive": 205,
                    "TextureRecord": 0,
                    "FactionID": 0,
                    "Flags": 0
                },
                {
                    "Position": 0,
                    "XPos": -211,
                    "YPos": 0,
                    "ZPos": 49,
                    "TextureArchive": 205,
                    "TextureRecord": 20,
                    "FactionID": 0,
                    "Flags": 0
                },
                {
                    "Position": 0,
                    "XPos": -92,
                    "YPos": -1,
                    "ZPos": 30,
                    "TextureArchive": 205,
                    "TextureRecord": 29,
                    "FactionID": 0,
                    "Flags": 0
                },
                {
                    "Position": 0,
                    "XPos": -17,
                    "YPos": -2,
                    "ZPos": -39,
                    "TextureArchive": 205,
                    "TextureRecord": 41,
                    "FactionID": 0,
                    "Flags": 0
                },
                {
                    "Position": 0,
                    "XPos": -90,
                    "YPos": -1,
                    "ZPos": -38,
                    "TextureArchive": 214,
                    "TextureRecord": 2,
                    "FactionID": 0,
                    "Flags": 0
                },
                {
                    "Position": 0,
                    "XPos": -99,
                    "YPos": 10,
                    "ZPos": -45,
                    "TextureArchive": 10025,
                    "TextureRecord": 0,
                    "FactionID": 0,
                    "Flags": 0
                },
                {
                    "Position": 0,
                    "XPos": 75,
                    "YPos": -130,
                    "ZPos": -284,
                    "TextureArchive": 205,
                    "TextureRecord": 0,
                    "FactionID": 0,
                    "Flags": 0
                },
                {
                    "Position": 0,
                    "XPos": 49,
                    "YPos": -130,
                    "ZPos": -297,
                    "TextureArchive": 205,
                    "TextureRecord": 0,
                    "FactionID": 0,
                    "Flags": 0
                },
                {
                    "Position": 0,
                    "XPos": -64,
                    "YPos": -80,
                    "ZPos": -128,
                    "TextureArchive": 210,
                    "TextureRecord": 13,
                    "FactionID": 14356,
                    "Flags": 17
                },
                {
                    "Position": 0,
                    "XPos": 192,
                    "YPos": -80,
                    "ZPos": 264,
                    "TextureArchive": 210,
                    "TextureRecord": 13,
                    "FactionID": 14356,
                    "Flags": 17
                },
                {
                    "Position": 0,
                    "XPos": -180,
                    "YPos": -31,
                    "ZPos": 148,
                    "TextureArchive": 10021,
                    "TextureRecord": 10,
                    "FactionID": 0,
                    "Flags": 0
                },
                {
                    "Position": 0,
                    "XPos": -154,
                    "YPos": -31,
                    "ZPos": 158,
                    "TextureArchive": 10021,
                    "TextureRecord": 7,
                    "FactionID": 0,
                    "Flags": 0
                },
                {
                    "Position": 0,
                    "XPos": 170,
                    "YPos": -23,
                    "ZPos": 286,
                    "TextureArchive": 209,
                    "TextureRecord": 1,
                    "FactionID": 0,
                    "Flags": 0
                },
                {
                    "Position": 0,
                    "XPos": 60,
                    "YPos": -76,
                    "ZPos": -256,
                    "TextureArchive": 213,
                    "TextureRecord": 14,
                    "FactionID": 0,
                    "Flags": 0
                },
                {
                    "Position": 0,
                    "XPos": 222,
                    "YPos": -23,
                    "ZPos": 250,
                    "TextureArchive": 199,
                    "TextureRecord": 4,
                    "FactionID": 0,
                    "Flags": 0
                },
                {
                    "Position": 0,
                    "XPos": -92,
                    "YPos": -1,
                    "ZPos": 168,
                    "TextureArchive": 1302,
                    "TextureRecord": 1,
                    "FactionID": 0,
                    "Flags": 0
                },
                {
                    "Position": 0,
                    "XPos": -68,
                    "YPos": -130,
                    "ZPos": 184,
                    "TextureArchive": 199,
                    "TextureRecord": 11,
                    "FactionID": 0,
                    "Flags": 0
                },
                {
                    "Position": 0,
                    "XPos": -184,
                    "YPos": -1,
                    "ZPos": -2,
                    "TextureArchive": 199,
                    "TextureRecord": 18,
                    "FactionID": 0,
                    "Flags": 0
                }
            ],
            "BlockSection3Records": [
                {
                    "XPos": -192,
                    "YPos": 0,
                    "ZPos": 0
                },
                {
                    "XPos": -192,
                    "YPos": 0,
                    "ZPos": -128
                },
                {
                    "XPos": -64,
                    "YPos": 0,
                    "ZPos": -128
                },
                {
                    "XPos": -64,
                    "YPos": 0,
                    "ZPos": -256
                },
                {
                    "XPos": 64,
                    "YPos": 0,
                    "ZPos": -256
                },
                {
                    "XPos": 64,
                    "YPos": 0,
                    "ZPos": 0
                },
                {
                    "XPos": 192,
                    "YPos": 0,
                    "ZPos": 0
                },
                {
                    "XPos": 192,
                    "YPos": 0,
                    "ZPos": 128
                },
                {
                    "XPos": -64,
                    "YPos": 0,
                    "ZPos": 0
                },
                {
                    "XPos": 192,
                    "YPos": 0,
                    "ZPos": 256
                },
                {
                    "XPos": -192,
                    "YPos": 0,
                    "ZPos": 256
                },
                {
                    "XPos": -64,
                    "YPos": 0,
                    "ZPos": 256
                },
                {
                    "XPos": 64,
                    "YPos": 0,
                    "ZPos": 256
                },
                {
                    "XPos": 64,
                    "YPos": 0,
                    "ZPos": 128
                },
                {
                    "XPos": -64,
                    "YPos": 0,
                    "ZPos": 128
                },
                {
                    "XPos": -192,
                    "YPos": 0,
                    "ZPos": 128
                },
                {
                    "XPos": -192,
                    "YPos": -129,
                    "ZPos": -256
                },
                {
                    "XPos": -192,
                    "YPos": -129,
                    "ZPos": 256
                },
                {
                    "XPos": -64,
                    "YPos": -129,
                    "ZPos": 256
                },
                {
                    "XPos": -64,
                    "YPos": -129,
                    "ZPos": 128
                },
                {
                    "XPos": 64,
                    "YPos": -129,
                    "ZPos": 128
                },
                {
                    "XPos": 192,
                    "YPos": -129,
                    "ZPos": 128
                },
                {
                    "XPos": 192,
                    "YPos": -129,
                    "ZPos": 256
                },
                {
                    "XPos": 64,
                    "YPos": -129,
                    "ZPos": 256
                },
                {
                    "XPos": -192,
                    "YPos": -129,
                    "ZPos": 128
                },
                {
                    "XPos": 192,
                    "YPos": -129,
                    "ZPos": 0
                },
                {
                    "XPos": 64,
                    "YPos": -129,
                    "ZPos": 0
                },
                {
                    "XPos": -64,
                    "YPos": -129,
                    "ZPos": 0
                },
                {
                    "XPos": -192,
                    "YPos": -129,
                    "ZPos": 0
                },
                {
                    "XPos": -192,
                    "YPos": -129,
                    "ZPos": -128
                },
                {
                    "XPos": -64,
                    "YPos": -129,
                    "ZPos": -128
                },
                {
                    "XPos": 64,
                    "YPos": -129,
                    "ZPos": -128
                },
                {
                    "XPos": 64,
                    "YPos": -129,
                    "ZPos": -256
                },
                {
                    "XPos": -64,
                    "YPos": -129,
                    "ZPos": -256
                }
            ],
            "BlockPeopleRecords": [],
            "BlockDoorRecords": [
                {
                    "Position": 0,
                    "XPos": -121,
                    "YPos": -46,
                    "ZPos": -232,
                    "YRotation": -512,
                    "OpenRotation": 91,
                    "DoorModelIndex": 0
                },
                {
                    "Position": 1,
                    "XPos": 135,
                    "YPos": -46,
                    "ZPos": 152,
                    "YRotation": -512,
                    "OpenRotation": 91,
                    "DoorModelIndex": 0
                }
            ]
        }
    },
    "AutoMapData": null
}