{
    "FactionId": 0,
    "BuildingType": 18,
    "Quality": 4,
    "NameSeed": 0,
    "RmbSubRecord": {
        "XPos": 896,
        "ZPos": 2304,
        "YRotation": 512,
        "Exterior": {
            "Header": {
                "Num3dObjectRecords": 1,
                "NumFlatObjectRecords": 0,
                "NumSection3Records": 0,
                "NumPeopleRecords": 0,
                "NumDoorRecords": 0
            },
            "Block3dObjectRecords": [
                {
                    "ModelId": "143",
                    "ModelIdNum": 143,
                    "ObjectType": 4,
                    "XPos": 0,
                    "YPos": 0,
                    "ZPos": 0,
                    "XRotation": 0,
                    "YRotation": 0,
                    "ZRotation": 0
                }
            ],
            "BlockFlatObjectRecords": [],
            "BlockSection3Records": [],
            "BlockPeopleRecords": [],
            "BlockDoorRecords": []
        },
        "Interior": {
            "Header": {
                "Num3dObjectRecords": 17,
                "NumFlatObjectRecords": 14,
                "NumSection3Records": 28,
                "NumPeopleRecords": 1,
                "NumDoorRecords": 3
            },
            "Block3dObjectRecords": [
                {
                    "ModelId": "28107",
                    "ModelIdNum": 28107,
                    "ObjectType": 13,
                    "XPos": 0,
                    "YPos": -191,
                    "ZPos": 0,
                    "XRotation": 0,
                    "YRotation": -1024,
                    "ZRotation": 0
                },
                {
                    "ModelId": "31124",
                    "ModelIdNum": 31124,
                    "ObjectType": 13,
                    "XPos": -64,
                    "YPos": -63,
                    "ZPos": -67,
                    "XRotation": 0,
                    "YRotation": -1536,
                    "ZRotation": 0
                },
                {
                    "ModelId": "31128",
                    "ModelIdNum": 31128,
                    "ObjectType": 13,
                    "XPos": 64,
                    "YPos": -63,
                    "ZPos": -64,
                    "XRotation": 0,
                    "YRotation": -1024,
                    "ZRotation": 0
                },
                {
                    "ModelId": "31104",
                    "ModelIdNum": 31104,
                    "ObjectType": 13,
                    "XPos": 189,
                    "YPos": -63,
                    "ZPos": -67,
                    "XRotation": 0,
                    "YRotation": -1024,
                    "ZRotation": 0
                },
                {
                    "ModelId": "31118",
                    "ModelIdNum": 31118,
                    "ObjectType": 13,
                    "XPos": 192,
                    "YPos": -63,
                    "ZPos": -189,
                    "XRotation": 0,
                    "YRotation": 0,
                    "ZRotation": 0
                },
                {
                    "ModelId": "41032",
                    "ModelIdNum": 41032,
                    "ObjectType": 3,
                    "XPos": -217,
                    "YPos": 2,
                    "ZPos": 242,
                    "XRotation": 0,
                    "YRotation": -1020,
                    "ZRotation": 0
                },
                {
                    "ModelId": "41037",
                    "ModelIdNum": 41037,
                    "ObjectType": 3,
                    "XPos": 143,
                    "YPos": 2,
                    "ZPos": -195,
                    "XRotation": 0,
                    "YRotation": -507,
                    "ZRotation": 0
                },
                {
                    "ModelId": "41409",
                    "ModelIdNum": 41409,
                    "ObjectType": 3,
                    "XPos": -192,
                    "YPos": 3,
                    "ZPos": -140,
                    "XRotation": 0,
                    "YRotation": -1024,
                    "ZRotation": 0
                },
                {
                    "ModelId": "31130",
                    "ModelIdNum": 31130,
                    "ObjectType": 13,
                    "XPos": 64,
                    "YPos": -63,
                    "ZPos": -189,
                    "XRotation": 0,
                    "YRotation": -1024,
                    "ZRotation": 0
                },
                {
                    "ModelId": "31125",
                    "ModelIdNum": 31125,
                    "ObjectType": 13,
                    "XPos": -64,
                    "YPos": -63,
                    "ZPos": -192,
                    "XRotation": 0,
                    "YRotation": 0,
                    "ZRotation": 0
                },
                {
                    "ModelId": "3118",
                    "ModelIdNum": 3118,
                    "ObjectType": 13,
                    "XPos": -64,
                    "YPos": -63,
                    "ZPos": -250,
                    "XRotation": 0,
                    "YRotation": -512,
                    "ZRotation": 0
                },
                {
                    "ModelId": "3100",
                    "ModelIdNum": 3100,
                    "ObjectType": 13,
                    "XPos": -125,
                    "YPos": -64,
                    "ZPos": -192,
                    "XRotation": 0,
                    "YRotation": -1024,
                    "ZRotation": 0
                },
                {
                    "ModelId": "3104",
                    "ModelIdNum": 3104,
                    "ObjectType": 13,
                    "XPos": 122,
                    "YPos": -63,
                    "ZPos": -192,
                    "XRotation": 0,
                    "YRotation": 0,
                    "ZRotation": 0
                },
                {
                    "ModelId": "31125",
                    "ModelIdNum": 31125,
                    "ObjectType": 13,
                    "XPos": -192,
                    "YPos": -63,
                    "ZPos": -64,
                    "XRotation": 0,
                    "YRotation": 0,
                    "ZRotation": 0
                },
                {
                    "ModelId": "3104",
                    "ModelIdNum": 3104,
                    "ObjectType": 13,
                    "XPos": -192,
                    "YPos": -63,
                    "ZPos": -122,
                    "XRotation": 0,
                    "YRotation": -512,
                    "ZRotation": 0
                },
                {
                    "ModelId": "3117",
                    "ModelIdNum": 3117,
                    "ObjectType": 13,
                    "XPos": -192,
                    "YPos": 1,
                    "ZPos": -64,
                    "XRotation": 0,
                    "YRotation": -1024,
                    "ZRotation": 0
                },
                {
                    "ModelId": "3100",
                    "ModelIdNum": 3100,
                    "ObjectType": 13,
                    "XPos": -192,
                    "YPos": -63,
                    "ZPos": -3,
                    "XRotation": 0,
                    "YRotation": -1536,
                    "ZRotation": 0
                },
                {
                    "ModelId": "3100",
                    "ModelIdNum": 3100,
                    "ObjectType": 13,
                    "XPos": -192,
                    "YPos": -63,
                    "ZPos": 3,
                    "XRotation": 0,
                    "YRotation": -512,
                    "ZRotation": 0
                },
                {
                    "ModelId": "3116",
                    "ModelIdNum": 3116,
                    "ObjectType": 13,
                    "XPos": -192,
                    "YPos": 1,
                    "ZPos": 64,
                    "XRotation": 0,
                    "YRotation": -1024,
                    "ZRotation": 0
                },
                {
                    "ModelId": "3119",
                    "ModelIdNum": 3119,
                    "ObjectType": 13,
                    "XPos": -128,
                    "YPos": -63,
                    "ZPos": 250,
                    "XRotation": 0,
                    "YRotation": -1536,
                    "ZRotation": 0
                },
                {
                    "ModelId": "3104",
                    "ModelIdNum": 3104,
                    "ObjectType": 13,
                    "XPos": -250,
                    "YPos": -63,
                    "ZPos": 180,
                    "XRotation": 0,
                    "YRotation": -1024,
                    "ZRotation": 0
                },
                {
                    "ModelId": "4100",
                    "ModelIdNum": 4100,
                    "ObjectType": 13,
                    "XPos": -249,
                    "YPos": -63,
                    "ZPos": 244,
                    "XRotation": 0,
                    "YRotation": -1536,
                    "ZRotation": 0
                },
                {
                    "ModelId": "3100",
                    "ModelIdNum": 3100,
                    "ObjectType": 13,
                    "XPos": 64,
                    "YPos": -64,
                    "ZPos": 3,
                    "XRotation": 0,
                    "YRotation": -512,
                    "ZRotation": 0
                },
                {
                    "ModelId": "3119",
                    "ModelIdNum": 3119,
                    "ObjectType": 13,
                    "XPos": 125,
                    "YPos": -64,
                    "ZPos": 250,
                    "XRotation": 0,
                    "YRotation": -1536,
                    "ZRotation": 0
                },
                {
                    "ModelId": "4102",
                    "ModelIdNum": 4102,
                    "ObjectType": 13,
                    "XPos": 64,
                    "YPos": 0,
                    "ZPos": 71,
                    "XRotation": 0,
                    "YRotation": -1024,
                    "ZRotation": 0
                },
                {
                    "ModelId": "3104",
                    "ModelIdNum": 3104,
                    "ObjectType": 13,
                    "XPos": 190,
                    "YPos": -64,
                    "ZPos": 7,
                    "XRotation": 0,
                    "YRotation": -512,
                    "ZRotation": 0
                },
                {
                    "ModelId": "3118",
                    "ModelIdNum": 3118,
                    "ObjectType": 13,
                    "XPos": 247,
                    "YPos": -64,
                    "ZPos": 65,
                    "XRotation": 0,
                    "YRotation": 0,
                    "ZRotation": 0
                },
                {
                    "ModelId": "3104",
                    "ModelIdNum": 3104,
                    "ObjectType": 13,
                    "XPos": 247,
                    "YPos": -64,
                    "ZPos": 192,
                    "XRotation": 0,
                    "YRotation": 0,
                    "ZRotation": 0
                },
                {
                    "ModelId": "3105",
                    "ModelIdNum": 3105,
                    "ObjectType": 13,
                    "XPos": 6,
                    "YPos": -64,
                    "ZPos": 128,
                    "XRotation": 0,
                    "YRotation": -1024,
                    "ZRotation": 0
                },
                {
                    "ModelId": "3105",
                    "ModelIdNum": 3105,
                    "ObjectType": 13,
                    "XPos": -6,
                    "YPos": -63,
                    "ZPos": 129,
                    "XRotation": 0,
                    "YRotation": 0,
                    "ZRotation": 0
                },
                {
                    "ModelId": "3104",
                    "ModelIdNum": 3104,
                    "ObjectType": 13,
                    "XPos": -64,
                    "YPos": -63,
                    "ZPos": 7,
                    "XRotation": 0,
                    "YRotation": -512,
                    "ZRotation": 0
                },
                {
                    "ModelId": "4102",
                    "ModelIdNum": 4102,
                    "ObjectType": 13,
                    "XPos": -192,
                    "YPos": 1,
                    "ZPos": 71,
                    "XRotation": 0,
                    "YRotation": -1024,
                    "ZRotation": 0
                },
                {
                    "ModelId": "1107",
                    "ModelIdNum": 1107,
                    "ObjectType": 13,
                    "XPos": -128,
                    "YPos": 0,
                    "ZPos": 128,
                    "XRotation": 0,
                    "YRotation": 0,
                    "ZRotation": 0
                },
                {
                    "ModelId": "1107",
                    "ModelIdNum": 1107,
                    "ObjectType": 13,
                    "XPos": 128,
                    "YPos": 0,
                    "ZPos": 128,
                    "XRotation": 0,
                    "YRotation": 0,
                    "ZRotation": 0
                },
                {
                    "ModelId": "2107",
                    "ModelIdNum": 2107,
                    "ObjectType": 13,
                    "XPos": -128,
                    "YPos": -124,
                    "ZPos": 128,
                    "XRotation": 0,
                    "YRotation": 0,
                    "ZRotation": 0
                },
                {
                    "ModelId": "2107",
                    "ModelIdNum": 2107,
                    "ObjectType": 13,
                    "XPos": 128,
                    "YPos": -124,
                    "ZPos": 128,
                    "XRotation": 0,
                    "YRotation": 0,
                    "ZRotation": 0
                },
                {
                    "ModelId": "41006",
                    "ModelIdNum": 41006,
                    "ObjectType": 0,
                    "XPos": -188,
                    "YPos": -34,
                    "ZPos": -112,
                    "XRotation": 0,
                    "YRotation": -1024,
                    "ZRotation": 0
                },
                {
                    "ModelId": "41040",
                    "ModelIdNum": 41040,
                    "ObjectType": 0,
                    "XPos": 191,
                    "YPos": -37,
                    "ZPos": -14,
                    "XRotation": 0,
                    "YRotation": -1024,
                    "ZRotation": 0
                },
                {
                    "ModelId": "41103",
                    "ModelIdNum": 41103,
                    "ObjectType": 0,
                    "XPos": 52,
                    "YPos": -13,
                    "ZPos": -134,
                    "XRotation": 0,
                    "YRotation": -770,
                    "ZRotation": 0
                },
                {
                    "ModelId": "41108",
                    "ModelIdNum": 41108,
                    "ObjectType": 0,
                    "XPos": 224,
                    "YPos": -18,
                    "ZPos": -129,
                    "XRotation": 0,
                    "YRotation": -512,
                    "ZRotation": 0
                },
                {
                    "ModelId": "41103",
                    "ModelIdNum": 41103,
                    "ObjectType": 0,
                    "XPos": 231,
                    "YPos": -13,
                    "ZPos": -78,
                    "XRotation": 0,
                    "YRotation": -1298,
                    "ZRotation": 0
                },
                {
                    "ModelId": "41100",
                    "ModelIdNum": 41100,
                    "ObjectType": 0,
                    "XPos": 226,
                    "YPos": -15,
                    "ZPos": -185,
                    "XRotation": 0,
                    "YRotation": -1962,
                    "ZRotation": 0
                },
                {
                    "ModelId": "41005",
                    "ModelIdNum": 41005,
                    "ObjectType": 0,
                    "XPos": -240,
                    "YPos": -38,
                    "ZPos": -219,
                    "XRotation": 0,
                    "YRotation": -1534,
                    "ZRotation": 0
                },
                {
                    "ModelId": "41019",
                    "ModelIdNum": 41019,
                    "ObjectType": 0,
                    "XPos": -240,
                    "YPos": -38,
                    "ZPos": 139,
                    "XRotation": 0,
                    "YRotation": -507,
                    "ZRotation": 0
                },
                {
                    "ModelId": "41034",
                    "ModelIdNum": 41034,
                    "ObjectType": 3,
                    "XPos": 64,
                    "YPos": 1,
                    "ZPos": 242,
                    "XRotation": 0,
                    "YRotation": -1013,
                    "ZRotation": 0
                },
                {
                    "ModelId": "41013",
                    "ModelIdNum": 41013,
                    "ObjectType": 0,
                    "XPos": 16,
                    "YPos": -34,
                    "ZPos": 128,
                    "XRotation": 0,
                    "YRotation": -1529,
                    "ZRotation": 0
                },
                {
                    "ModelId": "41130",
                    "ModelIdNum": 41130,
                    "ObjectType": 0,
                    "XPos": 187,
                    "YPos": -22,
                    "ZPos": 29,
                    "XRotation": 0,
                    "YRotation": 0,
                    "ZRotation": 0
                },
                {
                    "ModelId": "41102",
                    "ModelIdNum": 41102,
                    "ObjectType": 0,
                    "XPos": 218,
                    "YPos": -16,
                    "ZPos": 60,
                    "XRotation": 0,
                    "YRotation": -1307,
                    "ZRotation": 0
                },
                {
                    "ModelId": "41813",
                    "ModelIdNum": 41813,
                    "ObjectType": 3,
                    "XPos": 222,
                    "YPos": 2,
                    "ZPos": 140,
                    "XRotation": 0,
                    "YRotation": -512,
                    "ZRotation": 0
                },
                {
                    "ModelId": "41832",
                    "ModelIdNum": 41832,
                    "ObjectType": 0,
                    "XPos": -54,
                    "YPos": -156,
                    "ZPos": 126,
                    "XRotation": 0,
                    "YRotation": -1941,
                    "ZRotation": 0
                },
                {
                    "ModelId": "41030",
                    "ModelIdNum": 41030,
                    "ObjectType": 0,
                    "XPos": 120,
                    "YPos": -140,
                    "ZPos": 82,
                    "XRotation": -1536,
                    "YRotation": -1831,
                    "ZRotation": 0
                },
                {
                    "ModelId": "41111",
                    "ModelIdNum": 41111,
                    "ObjectType": 0,
                    "XPos": 149,
                    "YPos": -145,
                    "ZPos": -79,
                    "XRotation": 0,
                    "YRotation": -123,
                    "ZRotation": 0
                },
                {
                    "ModelId": "41100",
                    "ModelIdNum": 41100,
                    "ObjectType": 0,
                    "XPos": 170,
                    "YPos": -150,
                    "ZPos": -147,
                    "XRotation": -1592,
                    "YRotation": -613,
                    "ZRotation": -52
                },
                {
                    "ModelId": "69429",
                    "ModelIdNum": 69429,
                    "ObjectType": 0,
                    "XPos": -64,
                    "YPos": -69,
                    "ZPos": -8,
                    "XScale": 1.405833,
                    "YScale": 1.405833,
                    "ZScale": 1.405833,
                    "XRotation": 0,
                    "YRotation": -1024,
                    "ZRotation": 0
                },
                {
                    "ModelId": "41024",
                    "ModelIdNum": 41024,
                    "ObjectType": 0,
                    "XPos": 146,
                    "YPos": -32,
                    "ZPos": -158,
                    "XRotation": 0,
                    "YRotation": -512,
                    "ZRotation": 0
                },
                {
                    "ModelId": "41120",
                    "ModelIdNum": 41120,
                    "ObjectType": 0,
                    "XPos": -16,
                    "YPos": -32,
                    "ZPos": 92,
                    "XRotation": 0,
                    "YRotation": -1536,
                    "ZRotation": 0
                },
                {
                    "ModelId": "41050",
                    "ModelIdNum": 41050,
                    "ObjectType": 3,
                    "XPos": -18,
                    "YPos": 0,
                    "ZPos": 150,
                    "XRotation": 0,
                    "YRotation": -1536,
                    "ZRotation": 0
                },
                {
                    "ModelId": "4104",
                    "ModelIdNum": 4104,
                    "ObjectType": 13,
                    "XPos": 244,
                    "YPos": -64,
                    "ZPos": 129,
                    "XRotation": 0,
                    "YRotation": -512,
                    "ZRotation": 0
                },
                {
                    "ModelId": "42078",
                    "ModelIdNum": 42078,
                    "ObjectType": 0,
                    "XPos": 204,
                    "YPos": -11,
                    "ZPos": 192,
                    "XRotation": 0,
                    "YRotation": -1024,
                    "ZRotation": 0
                },
                {
                    "ModelId": "74804",
                    "ModelIdNum": 74804,
                    "ObjectType": 0,
                    "XPos": 186,
                    "YPos": 2,
                    "ZPos": 178,
                    "XRotation": -1536,
                    "YRotation": -511,
                    "ZRotation": 0
                },
                {
                    "ModelId": "41113",
                    "ModelIdNum": 41113,
                    "ObjectType": 0,
                    "XPos": -56,
                    "YPos": -14,
                    "ZPos": 98,
                    "XScale": 1.3,
                    "YScale": 1.3,
                    "ZScale": 1.3,
                    "XRotation": 0,
                    "YRotation": -1659,
                    "ZRotation": 0
                },
                {
                    "ModelId": "41116",
                    "ModelIdNum": 41116,
                    "ObjectType": 3,
                    "XPos": 114,
                    "YPos": 13,
                    "ZPos": -164,
                    "YScale": 1.0573,
                    "ZScale": 1.03041,
                    "XRotation": 0,
                    "YRotation": -1536,
                    "ZRotation": 0
                },
                {
                    "ModelId": "45076",
                    "ModelIdNum": 45076,
                    "ObjectType": 0,
                    "XPos": 116,
                    "YPos": -12,
                    "ZPos": -164,
                    "XScale": 0.3326688,
                    "XRotation": 0,
                    "YRotation": 0,
                    "ZRotation": 0
                },
                {
                    "ModelId": "45081",
                    "ModelIdNum": 45081,
                    "ObjectType": 0,
                    "XPos": 106,
                    "YPos": -58,
                    "ZPos": -207,
                    "XRotation": 0,
                    "YRotation": -510,
                    "ZRotation": -510
                },
                {
                    "ModelId": "45081",
                    "ModelIdNum": 45081,
                    "ObjectType": 0,
                    "XPos": 108,
                    "YPos": -53,
                    "ZPos": -203,
                    "XScale": 0.5,
                    "YScale": 0.9,
                    "XRotation": 0,
                    "YRotation": -512,
                    "ZRotation": -511
                },
                {
                    "ModelId": "45129",
                    "ModelIdNum": 45129,
                    "ObjectType": 0,
                    "XPos": 109,
                    "YPos": -6,
                    "ZPos": -227,
                    "XScale": 1.285061,
                    "YScale": 1.5,
                    "ZScale": 3.0,
                    "XRotation": 0,
                    "YRotation": -511,
                    "ZRotation": -512
                },
                {
                    "ModelId": "69465",
                    "ModelIdNum": 69465,
                    "ObjectType": 0,
                    "XPos": 118,
                    "YPos": 13,
                    "ZPos": -164,
                    "XScale": 0.4086933,
                    "YScale": 0.68878,
                    "ZScale": 0.86648,
                    "XRotation": 0,
                    "YRotation": 0,
                    "ZRotation": 0
                },
                {
                    "ModelId": "45110",
                    "ModelIdNum": 45110,
                    "ObjectType": 0,
                    "XPos": 244,
                    "YPos": -228,
                    "ZPos": -188,
                    "YScale": 5.170589,
                    "ZScale": 1.3,
                    "XRotation": 0,
                    "YRotation": 0,
                    "ZRotation": -511
                },
                {
                    "ModelId": "45110",
                    "ModelIdNum": 45110,
                    "ObjectType": 0,
                    "XPos": 42,
                    "YPos": -228,
                    "ZPos": -190,
                    "YScale": 1.12359,
                    "XRotation": 0,
                    "YRotation": -1024,
                    "ZRotation": -170
                },
                {
                    "ModelId": "45110",
                    "ModelIdNum": 45110,
                    "ObjectType": 0,
                    "XPos": -46,
                    "YPos": -232,
                    "ZPos": -188,
                    "YScale": 1.10524,
                    "XRotation": 0,
                    "YRotation": 0,
                    "ZRotation": -170
                },
                {
                    "ModelId": "45110",
                    "ModelIdNum": 45110,
                    "ObjectType": 0,
                    "XPos": 42,
                    "YPos": -232,
                    "ZPos": -190,
                    "YScale": 2.00911,
                    "ZScale": 1.1,
                    "XRotation": 0,
                    "YRotation": 0,
                    "ZRotation": -84
                },
                {
                    "ModelId": "45110",
                    "ModelIdNum": 45110,
                    "ObjectType": 0,
                    "XPos": -46,
                    "YPos": -226,
                    "ZPos": -188,
                    "YScale": 2.10345,
                    "ZScale": 1.2,
                    "XRotation": -2041,
                    "YRotation": 0,
                    "ZRotation": -1962
                },
                {
                    "ModelId": "45110",
                    "ModelIdNum": 45110,
                    "ObjectType": 0,
                    "XPos": 244,
                    "YPos": -228,
                    "ZPos": -62,
                    "YScale": 5.170589,
                    "ZScale": 1.3,
                    "XRotation": 0,
                    "YRotation": 0,
                    "ZRotation": -511
                },
                {
                    "ModelId": "45110",
                    "ModelIdNum": 45110,
                    "ObjectType": 0,
                    "XPos": 42,
                    "YPos": -228,
                    "ZPos": -64,
                    "YScale": 1.12359,
                    "XRotation": 0,
                    "YRotation": -1024,
                    "ZRotation": -170
                },
                {
                    "ModelId": "45110",
                    "ModelIdNum": 45110,
                    "ObjectType": 0,
                    "XPos": -46,
                    "YPos": -232,
                    "ZPos": -62,
                    "YScale": 1.10524,
                    "XRotation": 0,
                    "YRotation": 0,
                    "ZRotation": -170
                },
                {
                    "ModelId": "45110",
                    "ModelIdNum": 45110,
                    "ObjectType": 0,
                    "XPos": 42,
                    "YPos": -232,
                    "ZPos": -64,
                    "YScale": 2.00911,
                    "ZScale": 1.1,
                    "XRotation": 0,
                    "YRotation": 0,
                    "ZRotation": -84
                },
                {
                    "ModelId": "45110",
                    "ModelIdNum": 45110,
                    "ObjectType": 0,
                    "XPos": -46,
                    "YPos": -226,
                    "ZPos": -62,
                    "YScale": 2.10345,
                    "ZScale": 1.2,
                    "XRotation": -2041,
                    "YRotation": 0,
                    "ZRotation": -1962
                },
                {
                    "ModelId": "45110",
                    "ModelIdNum": 45110,
                    "ObjectType": 0,
                    "XPos": 244,
                    "YPos": -228,
                    "ZPos": 62,
                    "YScale": 5.170589,
                    "ZScale": 1.3,
                    "XRotation": 0,
                    "YRotation": 0,
                    "ZRotation": -511
                },
                {
                    "ModelId": "45110",
                    "ModelIdNum": 45110,
                    "ObjectType": 0,
                    "XPos": 42,
                    "YPos": -228,
                    "ZPos": 60,
                    "YScale": 1.12359,
                    "XRotation": 0,
                    "YRotation": -1024,
                    "ZRotation": -170
                },
                {
                    "ModelId": "45110",
                    "ModelIdNum": 45110,
                    "ObjectType": 0,
                    "XPos": -46,
                    "YPos": -232,
                    "ZPos": 62,
                    "YScale": 1.10524,
                    "XRotation": 0,
                    "YRotation": 0,
                    "ZRotation": -170
                },
                {
                    "ModelId": "45110",
                    "ModelIdNum": 45110,
                    "ObjectType": 0,
                    "XPos": 42,
                    "YPos": -232,
                    "ZPos": 60,
                    "YScale": 2.00911,
                    "ZScale": 1.1,
                    "XRotation": 0,
                    "YRotation": 0,
                    "ZRotation": -84
                },
                {
                    "ModelId": "45110",
                    "ModelIdNum": 45110,
                    "ObjectType": 0,
                    "XPos": -46,
                    "YPos": -226,
                    "ZPos": 62,
                    "YScale": 2.10345,
                    "ZScale": 1.2,
                    "XRotation": -2041,
                    "YRotation": 0,
                    "ZRotation": -1962
                },
                {
                    "ModelId": "45110",
                    "ModelIdNum": 45110,
                    "ObjectType": 0,
                    "XPos": 244,
                    "YPos": -228,
                    "ZPos": 190,
                    "YScale": 5.170589,
                    "ZScale": 1.3,
                    "XRotation": 0,
                    "YRotation": 0,
                    "ZRotation": -511
                },
                {
                    "ModelId": "45110",
                    "ModelIdNum": 45110,
                    "ObjectType": 0,
                    "XPos": 42,
                    "YPos": -228,
                    "ZPos": 188,
                    "YScale": 1.12359,
                    "XRotation": 0,
                    "YRotation": -1024,
                    "ZRotation": -170
                },
                {
                    "ModelId": "45110",
                    "ModelIdNum": 45110,
                    "ObjectType": 0,
                    "XPos": -46,
                    "YPos": -232,
                    "ZPos": 190,
                    "YScale": 1.10524,
                    "XRotation": 0,
                    "YRotation": 0,
                    "ZRotation": -170
                },
                {
                    "ModelId": "45110",
                    "ModelIdNum": 45110,
                    "ObjectType": 0,
                    "XPos": 42,
                    "YPos": -232,
                    "ZPos": 188,
                    "YScale": 2.00911,
                    "ZScale": 1.1,
                    "XRotation": 0,
                    "YRotation": 0,
                    "ZRotation": -84
                },
                {
                    "ModelId": "45110",
                    "ModelIdNum": 45110,
                    "ObjectType": 0,
                    "XPos": -46,
                    "YPos": -226,
                    "ZPos": 190,
                    "YScale": 2.10345,
                    "ZScale": 1.2,
                    "XRotation": -2041,
                    "YRotation": 0,
                    "ZRotation": -1962
                }
            ],
            "BlockFlatObjectRecords": [
                {
                    "Position": 0,
                    "XPos": -128,
                    "YPos": -77,
                    "ZPos": 126,
                    "TextureArchive": 210,
                    "TextureRecord": 13,
                    "FactionID": -32752,
                    "Flags": 17
                },
                {
                    "Position": 0,
                    "XPos": 128,
                    "YPos": -76,
                    "ZPos": 131,
                    "TextureArchive": 210,
                    "TextureRecord": 13,
                    "FactionID": -32752,
                    "Flags": 17
                },
                {
                    "Position": 0,
                    "XPos": -64,
                    "YPos": -80,
                    "ZPos": -184,
                    "TextureArchive": 210,
                    "TextureRecord": 13,
                    "FactionID": 26632,
                    "Flags": 17
                },
                {
                    "Position": 0,
                    "XPos": 193,
                    "YPos": -80,
                    "ZPos": -152,
                    "TextureArchive": 210,
                    "TextureRecord": 13,
                    "FactionID": 28684,
                    "Flags": 17
                },
                {
                    "Position": 0,
                    "XPos": 184,
                    "YPos": 0,
                    "ZPos": -226,
                    "TextureArchive": 199,
                    "TextureRecord": 20,
                    "FactionID": 0,
                    "Flags": 17
                },
                {
                    "Position": 0,
                    "XPos": 74,
                    "YPos": -129,
                    "ZPos": 172,
                    "TextureArchive": 199,
                    "TextureRecord": 20,
                    "FactionID": 0,
                    "Flags": 17
                },
                {
                    "Position": 0,
                    "XPos": 0,
                    "YPos": -309,
                    "ZPos": 0,
                    "TextureArchive": 210,
                    "TextureRecord": 22,
                    "FactionID": -32752,
                    "Flags": 17
                },
                {
                    "Position": 0,
                    "XPos": -88,
                    "YPos": -129,
                    "ZPos": -104,
                    "TextureArchive": 199,
                    "TextureRecord": 22,
                    "FactionID": 0,
                    "Flags": 17
                },
                {
                    "Position": 0,
                    "XPos": -192,
                    "YPos": 0,
                    "ZPos": -200,
                    "TextureArchive": 199,
                    "TextureRecord": 21,
                    "FactionID": 0,
                    "Flags": 17
                },
                {
                    "Position": 0,
                    "XPos": -216,
                    "YPos": 0,
                    "ZPos": -80,
                    "TextureArchive": 199,
                    "TextureRecord": 20,
                    "FactionID": 0,
                    "Flags": 17
                },
                {
                    "Position": 0,
                    "XPos": 54,
                    "YPos": 0,
                    "ZPos": 192,
                    "TextureArchive": 199,
                    "TextureRecord": 20,
                    "FactionID": 0,
                    "Flags": 17
                },
                {
                    "Position": 0,
                    "XPos": 64,
                    "YPos": 0,
                    "ZPos": -192,
                    "TextureArchive": 199,
                    "TextureRecord": 8,
                    "FactionID": 0,
                    "Flags": 0
                },
                {
                    "Position": 0,
                    "XPos": -64,
                    "YPos": -129,
                    "ZPos": 192,
                    "TextureArchive": 199,
                    "TextureRecord": 8,
                    "FactionID": 0,
                    "Flags": 0
                },
                {
                    "Position": 0,
                    "XPos": -140,
                    "YPos": -1,
                    "ZPos": 168,
                    "TextureArchive": 199,
                    "TextureRecord": 11,
                    "FactionID": 0,
                    "Flags": 0
                },
                {
                    "Position": 0,
                    "XPos": 233,
                    "YPos": -1,
                    "ZPos": -233,
                    "TextureArchive": 205,
                    "TextureRecord": 0,
                    "FactionID": 0,
                    "Flags": 0
                },
                {
                    "Position": 0,
                    "XPos": -226,
                    "YPos": -1,
                    "ZPos": -170,
                    "TextureArchive": 205,
                    "TextureRecord": 29,
                    "FactionID": 0,
                    "Flags": 0
                },
                {
                    "Position": 0,
                    "XPos": 190,
                    "YPos": -16,
                    "ZPos": 194,
                    "TextureArchive": 204,
                    "TextureRecord": 0,
                    "FactionID": 0,
                    "Flags": 0
                },
                {
                    "Position": 0,
                    "XPos": -48,
                    "YPos": -1,
                    "ZPos": -124,
                    "TextureArchive": 10010,
                    "TextureRecord": 77,
                    "FactionID": 0,
                    "Flags": 0
                },
                {
                    "Position": 0,
                    "XPos": 200,
                    "YPos": -26,
                    "ZPos": 28,
                    "TextureArchive": 208,
                    "TextureRecord": 5,
                    "FactionID": 0,
                    "Flags": 0
                },
                {
                    "Position": 0,
                    "XPos": 222,
                    "YPos": -31,
                    "ZPos": -122,
                    "TextureArchive": 10021,
                    "TextureRecord": 4,
                    "FactionID": 0,
                    "Flags": 0
                },
                {
                    "Position": 0,
                    "XPos": 232,
                    "YPos": -31,
                    "ZPos": -140,
                    "TextureArchive": 56790,
                    "TextureRecord": 2,
                    "FactionID": 0,
                    "Flags": 0
                },
                {
                    "Position": 0,
                    "XPos": -18,
                    "YPos": -25,
                    "ZPos": 150,
                    "TextureArchive": 56790,
                    "TextureRecord": 20,
                    "FactionID": 0,
                    "Flags": 0
                },
                {
                    "Position": 0,
                    "XPos": 168,
                    "YPos": -26,
                    "ZPos": 30,
                    "TextureArchive": 204,
                    "TextureRecord": 3,
                    "FactionID": 0,
                    "Flags": 0
                },
                {
                    "Position": 0,
                    "XPos": -80,
                    "YPos": -2,
                    "ZPos": -82,
                    "TextureArchive": 1301,
                    "TextureRecord": 2,
                    "FactionID": 0,
                    "Flags": 0
                },
                {
                    "Position": 0,
                    "XPos": 80,
                    "YPos": -1,
                    "ZPos": 148,
                    "TextureArchive": 199,
                    "TextureRecord": 18,
                    "FactionID": 0,
                    "Flags": 0
                },
                {
                    "Position": 0,
                    "XPos": 20,
                    "YPos": -1,
                    "ZPos": -72,
                    "TextureArchive": 199,
                    "TextureRecord": 4,
                    "FactionID": 0,
                    "Flags": 0
                }
            ],
            "BlockSection3Records": [
                {
                    "XPos": 64,
                    "YPos": 0,
                    "ZPos": -64
                },
                {
                    "XPos": -64,
                    "YPos": 0,
                    "ZPos": -64
                },
                {
                    "XPos": -192,
                    "YPos": 0,
                    "ZPos": -64
                },
                {
                    "XPos": -64,
                    "YPos": 0,
                    "ZPos": -192
                },
                {
                    "XPos": 192,
                    "YPos": 0,
                    "ZPos": -64
                },
                {
                    "XPos": 192,
                    "YPos": 0,
                    "ZPos": -192
                },
                {
                    "XPos": 64,
                    "YPos": 0,
                    "ZPos": 192
                },
                {
                    "XPos": -192,
                    "YPos": 0,
                    "ZPos": 192
                },
                {
                    "XPos": -64,
                    "YPos": 0,
                    "ZPos": 192
                },
                {
                    "XPos": 192,
                    "YPos": 0,
                    "ZPos": 192
                },
                {
                    "XPos": 64,
                    "YPos": 0,
                    "ZPos": 64
                },
                {
                    "XPos": -64,
                    "YPos": 0,
                    "ZPos": 64
                },
                {
                    "XPos": -192,
                    "YPos": 0,
                    "ZPos": 64
                },
                {
                    "XPos": 192,
                    "YPos": 0,
                    "ZPos": 64
                },
                {
                    "XPos": -192,
                    "YPos": -129,
                    "ZPos": 192
                },
                {
                    "XPos": 192,
                    "YPos": -129,
                    "ZPos": 192
                },
                {
                    "XPos": 192,
                    "YPos": -129,
                    "ZPos": 64
                },
                {
                    "XPos": 64,
                    "YPos": -129,
                    "ZPos": 64
                },
                {
                    "XPos": -64,
                    "YPos": -129,
                    "ZPos": 64
                },
                {
                    "XPos": -192,
                    "YPos": -129,
                    "ZPos": 64
                },
                {
                    "XPos": 64,
                    "YPos": -129,
                    "ZPos": -64
                },
                {
                    "XPos": -64,
                    "YPos": -129,
                    "ZPos": -64
                },
                {
                    "XPos": -192,
                    "YPos": -129,
                    "ZPos": -64
                },
                {
                    "XPos": 192,
                    "YPos": -129,
                    "ZPos": -64
                },
                {
                    "XPos": 192,
                    "YPos": -129,
                    "ZPos": -192
                },
                {
                    "XPos": 64,
                    "YPos": -129,
                    "ZPos": -192
                },
                {
                    "XPos": -64,
                    "YPos": -129,
                    "ZPos": -192
                },
                {
                    "XPos": -192,
                    "YPos": -129,
                    "ZPos": -192
                }
            ],
            "BlockPeopleRecords": [],
            "BlockDoorRecords": [
                {
                    "Position": 0,
                    "XPos": 87,
                    "YPos": -45,
                    "ZPos": -1,
                    "YRotation": -1024,
                    "OpenRotation": 91,
                    "DoorModelIndex": 0
                },
                {
                    "Position": 1,
                    "XPos": 132,
                    "YPos": -46,
                    "ZPos": -41,
                    "YRotation": -512,
                    "OpenRotation": 90,
                    "DoorModelIndex": 0
                },
                {
                    "Position": 2,
                    "XPos": -215,
                    "YPos": -46,
                    "ZPos": 4,
                    "YRotation": 0,
                    "OpenRotation": 90,
                    "DoorModelIndex": 0
                },
                {
                    "Position": 3,
                    "XPos": -125,
                    "YPos": -46,
                    "ZPos": -168,
                    "YRotation": -512,
                    "OpenRotation": 90,
                    "DoorModelIndex": 0
                }
            ]
        }
    },
    "AutoMapData": null
}