{
    "FactionId": 0,
    "BuildingType": 20,
    "Quality": 12,
    "NameSeed": 0,
    "RmbSubRecord": {
        "XPos": 3712,
        "ZPos": 1536,
        "YRotation": 1536,
        "Exterior": {
            "Header": {
                "Num3dObjectRecords": 1,
                "NumFlatObjectRecords": 0,
                "NumSection3Records": 0,
                "NumPeopleRecords": 0,
                "NumDoorRecords": 0
            },
            "Block3dObjectRecords": [
                {
                    "ModelId": "707",
                    "ModelIdNum": 707,
                    "ObjectType": 4,
                    "XPos": 0,
                    "YPos": 0,
                    "ZPos": 0,
                    "XRotation": 0,
                    "YRotation": 0,
                    "ZRotation": 0
                }
            ],
            "BlockFlatObjectRecords": [],
            "BlockSection3Records": [],
            "BlockPeopleRecords": [],
            "BlockDoorRecords": []
        },
        "Interior": {
            "Header": {
                "Num3dObjectRecords": 37,
                "NumFlatObjectRecords": 28,
                "NumSection3Records": 33,
                "NumPeopleRecords": 3,
                "NumDoorRecords": 4
            },
            "Block3dObjectRecords": [
                {
                    "ModelId": "31029",
                    "ModelIdNum": 31029,
                    "ObjectType": 13,
                    "XPos": -192,
                    "YPos": -192,
                    "ZPos": -64,
                    "XRotation": 0,
                    "YRotation": -1024,
                    "ZRotation": 0
                },
                {
                    "ModelId": "31029",
                    "ModelIdNum": 31029,
                    "ObjectType": 13,
                    "XPos": 192,
                    "YPos": -192,
                    "ZPos": -64,
                    "XRotation": 0,
                    "YRotation": -1024,
                    "ZRotation": 0
                },
                {
                    "ModelId": "31018",
                    "ModelIdNum": 31018,
                    "ObjectType": 13,
                    "XPos": 317,
                    "YPos": -192,
                    "ZPos": -64,
                    "XRotation": 0,
                    "YRotation": -1536,
                    "ZRotation": 0
                },
                {
                    "ModelId": "31007",
                    "ModelIdNum": 31007,
                    "ObjectType": 13,
                    "XPos": 61,
                    "YPos": -192,
                    "ZPos": 64,
                    "XRotation": 0,
                    "YRotation": -1024,
                    "ZRotation": 0
                },
                {
                    "ModelId": "31003",
                    "ModelIdNum": 31003,
                    "ObjectType": 13,
                    "XPos": 67,
                    "YPos": -192,
                    "ZPos": 189,
                    "XRotation": 0,
                    "YRotation": -1024,
                    "ZRotation": 0
                },
                {
                    "ModelId": "31022",
                    "ModelIdNum": 31022,
                    "ObjectType": 13,
                    "XPos": -314,
                    "YPos": -128,
                    "ZPos": -64,
                    "XRotation": 0,
                    "YRotation": -1024,
                    "ZRotation": 0
                },
                {
                    "ModelId": "31006",
                    "ModelIdNum": 31006,
                    "ObjectType": 13,
                    "XPos": -195,
                    "YPos": -63,
                    "ZPos": -61,
                    "XRotation": 0,
                    "YRotation": 0,
                    "ZRotation": 0
                },
                {
                    "ModelId": "31007",
                    "ModelIdNum": 31007,
                    "ObjectType": 13,
                    "XPos": -195,
                    "YPos": -63,
                    "ZPos": 64,
                    "XRotation": 0,
                    "YRotation": -1024,
                    "ZRotation": 0
                },
                {
                    "ModelId": "31006",
                    "ModelIdNum": 31006,
                    "ObjectType": 13,
                    "XPos": -189,
                    "YPos": -63,
                    "ZPos": 189,
                    "XRotation": 0,
                    "YRotation": -1024,
                    "ZRotation": 0
                },
                {
                    "ModelId": "31000",
                    "ModelIdNum": 31000,
                    "ObjectType": 13,
                    "XPos": -64,
                    "YPos": -63,
                    "ZPos": 192,
                    "XRotation": 0,
                    "YRotation": -1536,
                    "ZRotation": 0
                },
                {
                    "ModelId": "31008",
                    "ModelIdNum": 31008,
                    "ObjectType": 13,
                    "XPos": 64,
                    "YPos": -63,
                    "ZPos": 189,
                    "XRotation": 0,
                    "YRotation": -512,
                    "ZRotation": 0
                },
                {
                    "ModelId": "41102",
                    "ModelIdNum": 41102,
                    "ObjectType": 3,
                    "XPos": 240,
                    "YPos": 131,
                    "ZPos": 40,
                    "XRotation": 0,
                    "YRotation": -1791,
                    "ZRotation": 0
                },
                {
                    "ModelId": "41114",
                    "ModelIdNum": 41114,
                    "ObjectType": 3,
                    "XPos": 208,
                    "YPos": 131,
                    "ZPos": 64,
                    "XRotation": 0,
                    "YRotation": -1855,
                    "ZRotation": 0
                },
                {
                    "ModelId": "41108",
                    "ModelIdNum": 41108,
                    "ObjectType": 3,
                    "XPos": 352,
                    "YPos": 131,
                    "ZPos": 136,
                    "XRotation": 0,
                    "YRotation": -1536,
                    "ZRotation": 0
                },
                {
                    "ModelId": "41106",
                    "ModelIdNum": 41106,
                    "ObjectType": 3,
                    "XPos": 308,
                    "YPos": 131,
                    "ZPos": 132,
                    "XRotation": 0,
                    "YRotation": -1599,
                    "ZRotation": 0
                },
                {
                    "ModelId": "41120",
                    "ModelIdNum": 41120,
                    "ObjectType": 3,
                    "XPos": 110,
                    "YPos": 2,
                    "ZPos": -32,
                    "XRotation": 0,
                    "YRotation": -1536,
                    "ZRotation": 0
                },
                {
                    "ModelId": "41114",
                    "ModelIdNum": 41114,
                    "ObjectType": 3,
                    "XPos": 76,
                    "YPos": 2,
                    "ZPos": -48,
                    "XRotation": 0,
                    "YRotation": -62,
                    "ZRotation": 0
                },
                {
                    "ModelId": "41108",
                    "ModelIdNum": 41108,
                    "ObjectType": 3,
                    "XPos": -64,
                    "YPos": 2,
                    "ZPos": 72,
                    "XRotation": 0,
                    "YRotation": -1022,
                    "ZRotation": 0
                },
                {
                    "ModelId": "41100",
                    "ModelIdNum": 41100,
                    "ObjectType": 3,
                    "XPos": -72,
                    "YPos": 2,
                    "ZPos": 26,
                    "XRotation": 0,
                    "YRotation": -446,
                    "ZRotation": 0
                },
                {
                    "ModelId": "41124",
                    "ModelIdNum": 41124,
                    "ObjectType": 0,
                    "XPos": 362,
                    "YPos": -162,
                    "ZPos": 212,
                    "XRotation": 0,
                    "YRotation": -1536,
                    "ZRotation": 0
                },
                {
                    "ModelId": "41810",
                    "ModelIdNum": 41810,
                    "ObjectType": 0,
                    "XPos": 226,
                    "YPos": -196,
                    "ZPos": 244,
                    "XRotation": 0,
                    "YRotation": -1024,
                    "ZRotation": 0
                },
                {
                    "ModelId": "41815",
                    "ModelIdNum": 41815,
                    "ObjectType": 0,
                    "XPos": 276,
                    "YPos": -135,
                    "ZPos": -80,
                    "XRotation": 0,
                    "YRotation": -1974,
                    "ZRotation": 0
                },
                {
                    "ModelId": "41831",
                    "ModelIdNum": 41831,
                    "ObjectType": 0,
                    "XPos": 324,
                    "YPos": -135,
                    "ZPos": -46,
                    "XRotation": 0,
                    "YRotation": -422,
                    "ZRotation": 0
                },
                {
                    "ModelId": "41125",
                    "ModelIdNum": 41125,
                    "ObjectType": 0,
                    "XPos": 264,
                    "YPos": -144,
                    "ZPos": -68,
                    "XRotation": 0,
                    "YRotation": -186,
                    "ZRotation": 0
                },
                {
                    "ModelId": "79026",
                    "ModelIdNum": 79026,
                    "ObjectType": 0,
                    "XPos": 120,
                    "YPos": -196,
                    "ZPos": 62,
                    "XRotation": 0,
                    "YRotation": -1536,
                    "ZRotation": 0
                },
                {
                    "ModelId": "41007",
                    "ModelIdNum": 41007,
                    "ObjectType": 0,
                    "XPos": -164,
                    "YPos": -194,
                    "ZPos": 16,
                    "XRotation": 0,
                    "YRotation": 0,
                    "ZRotation": 0
                },
                {
                    "ModelId": "41007",
                    "ModelIdNum": 41007,
                    "ObjectType": 0,
                    "XPos": -220,
                    "YPos": -194,
                    "ZPos": 16,
                    "XRotation": 0,
                    "YRotation": 0,
                    "ZRotation": 0
                },
                {
                    "ModelId": "41011",
                    "ModelIdNum": 41011,
                    "ObjectType": 0,
                    "XPos": -352,
                    "YPos": -164,
                    "ZPos": 188,
                    "XRotation": 0,
                    "YRotation": -512,
                    "ZRotation": 0
                },
                {
                    "ModelId": "41050",
                    "ModelIdNum": 41050,
                    "ObjectType": 0,
                    "XPos": -124,
                    "YPos": -142,
                    "ZPos": 224,
                    "XRotation": 0,
                    "YRotation": -1024,
                    "ZRotation": 0
                },
                {
                    "ModelId": "41831",
                    "ModelIdNum": 41831,
                    "ObjectType": 0,
                    "XPos": -174,
                    "YPos": -12,
                    "ZPos": -86,
                    "XRotation": 0,
                    "YRotation": -318,
                    "ZRotation": 0
                },
                {
                    "ModelId": "41828",
                    "ModelIdNum": 41828,
                    "ObjectType": 0,
                    "XPos": -210,
                    "YPos": -10,
                    "ZPos": -100,
                    "XRotation": 0,
                    "YRotation": -1635,
                    "ZRotation": 0
                },
                {
                    "ModelId": "41011",
                    "ModelIdNum": 41011,
                    "ObjectType": 0,
                    "XPos": -190,
                    "YPos": -35,
                    "ZPos": 236,
                    "XRotation": 0,
                    "YRotation": 0,
                    "ZRotation": 0
                },
                {
                    "ModelId": "41014",
                    "ModelIdNum": 41014,
                    "ObjectType": 0,
                    "XPos": -26,
                    "YPos": -167,
                    "ZPos": -40,
                    "XRotation": 0,
                    "YRotation": -512,
                    "ZRotation": 0
                },
                {
                    "ModelId": "41100",
                    "ModelIdNum": 41100,
                    "ObjectType": 0,
                    "XPos": -68,
                    "YPos": -144,
                    "ZPos": -90,
                    "XRotation": 0,
                    "YRotation": -1439,
                    "ZRotation": 0
                },
                {
                    "ModelId": "41014",
                    "ModelIdNum": 41014,
                    "ObjectType": 0,
                    "XPos": -310,
                    "YPos": -37,
                    "ZPos": 186,
                    "XRotation": 0,
                    "YRotation": 0,
                    "ZRotation": 0
                },
                {
                    "ModelId": "41100",
                    "ModelIdNum": 41100,
                    "ObjectType": 0,
                    "XPos": -352,
                    "YPos": -15,
                    "ZPos": 152,
                    "XRotation": 0,
                    "YRotation": -768,
                    "ZRotation": 0
                },
                {
                    "ModelId": "45138",
                    "ModelIdNum": 45138,
                    "ObjectType": 0,
                    "XPos": 30,
                    "YPos": -88,
                    "ZPos": 248,
                    "XRotation": 0,
                    "YRotation": 0,
                    "ZRotation": 0
                },
                {
                    "ModelId": "41007",
                    "ModelIdNum": 41007,
                    "ObjectType": 0,
                    "XPos": 108,
                    "YPos": -13,
                    "ZPos": 24,
                    "XRotation": 0,
                    "YRotation": -1536,
                    "ZRotation": 0
                },
                {
                    "ModelId": "41041",
                    "ModelIdNum": 41041,
                    "ObjectType": 0,
                    "XPos": 364,
                    "YPos": -37,
                    "ZPos": 210,
                    "XRotation": 0,
                    "YRotation": -512,
                    "ZRotation": 0
                },
                {
                    "ModelId": "41032",
                    "ModelIdNum": 41032,
                    "ObjectType": 0,
                    "XPos": 330,
                    "YPos": -38,
                    "ZPos": -104,
                    "XRotation": 0,
                    "YRotation": 0,
                    "ZRotation": 0
                },
                {
                    "ModelId": "41020",
                    "ModelIdNum": 41020,
                    "ObjectType": 0,
                    "XPos": 168,
                    "YPos": -22,
                    "ZPos": -100,
                    "XRotation": 0,
                    "YRotation": -1024,
                    "ZRotation": 0
                },
                {
                    "ModelId": "1007",
                    "ModelIdNum": 1007,
                    "ObjectType": 13,
                    "XPos": 256,
                    "YPos": -130,
                    "ZPos": 124,
                    "XRotation": 0,
                    "YRotation": 0,
                    "ZRotation": 0
                },
                {
                    "ModelId": "3000",
                    "ModelIdNum": 3000,
                    "ObjectType": 13,
                    "XPos": 131,
                    "YPos": -193,
                    "ZPos": 192,
                    "XRotation": 0,
                    "YRotation": -1024,
                    "ZRotation": 0
                },
                {
                    "ModelId": "3005",
                    "ModelIdNum": 3005,
                    "ObjectType": 13,
                    "XPos": 258,
                    "YPos": -193,
                    "ZPos": 10,
                    "XRotation": 0,
                    "YRotation": -512,
                    "ZRotation": 0
                },
                {
                    "ModelId": "3004",
                    "ModelIdNum": 3004,
                    "ObjectType": 13,
                    "XPos": 136,
                    "YPos": -193,
                    "ZPos": 66,
                    "XRotation": 0,
                    "YRotation": -1024,
                    "ZRotation": 0
                },
                {
                    "ModelId": "3018",
                    "ModelIdNum": 3018,
                    "ObjectType": 13,
                    "XPos": 378,
                    "YPos": -193,
                    "ZPos": 68,
                    "XRotation": 0,
                    "YRotation": 0,
                    "ZRotation": 0
                },
                {
                    "ModelId": "3004",
                    "ModelIdNum": 3004,
                    "ObjectType": 13,
                    "XPos": 378,
                    "YPos": -193,
                    "ZPos": 192,
                    "XRotation": 0,
                    "YRotation": 0,
                    "ZRotation": 0
                },
                {
                    "ModelId": "3005",
                    "ModelIdNum": 3005,
                    "ObjectType": 13,
                    "XPos": 256,
                    "YPos": -193,
                    "ZPos": 250,
                    "XRotation": 0,
                    "YRotation": -1536,
                    "ZRotation": 0
                },
                {
                    "ModelId": "2007",
                    "ModelIdNum": 2007,
                    "ObjectType": 13,
                    "XPos": 254,
                    "YPos": -256,
                    "ZPos": 128,
                    "XRotation": 0,
                    "YRotation": 0,
                    "ZRotation": 0
                },
                {
                    "ModelId": "62319",
                    "ModelIdNum": 62319,
                    "ObjectType": 0,
                    "XPos": 128,
                    "YPos": -128,
                    "ZPos": 200,
                    "YScale": 0.46997,
                    "ZScale": 0.5463495,
                    "XRotation": 0,
                    "YRotation": -511,
                    "ZRotation": 0
                },
                {
                    "ModelId": "4004",
                    "ModelIdNum": 4004,
                    "ObjectType": 13,
                    "XPos": 136,
                    "YPos": -193,
                    "ZPos": 128,
                    "XRotation": 0,
                    "YRotation": -1536,
                    "ZRotation": 0
                },
                {
                    "ModelId": "4004",
                    "ModelIdNum": 4004,
                    "ObjectType": 13,
                    "XPos": 376,
                    "YPos": -193,
                    "ZPos": 130,
                    "XRotation": 0,
                    "YRotation": -512,
                    "ZRotation": 0
                },
                {
                    "ModelId": "31024",
                    "ModelIdNum": 31024,
                    "ObjectType": 13,
                    "XPos": 67,
                    "YPos": -192,
                    "ZPos": -64,
                    "XRotation": 0,
                    "YRotation": -1024,
                    "ZRotation": 0
                },
                {
                    "ModelId": "3017",
                    "ModelIdNum": 3017,
                    "ObjectType": 13,
                    "XPos": 64,
                    "YPos": -128,
                    "ZPos": -68,
                    "XRotation": 0,
                    "YRotation": -512,
                    "ZRotation": 0
                },
                {
                    "ModelId": "15014",
                    "ModelIdNum": 15014,
                    "ObjectType": 13,
                    "XPos": -64,
                    "YPos": -129,
                    "ZPos": -64,
                    "XRotation": 0,
                    "YRotation": -1536,
                    "ZRotation": 0
                },
                {
                    "ModelId": "3016",
                    "ModelIdNum": 3016,
                    "ObjectType": 13,
                    "XPos": -64,
                    "YPos": -192,
                    "ZPos": -126,
                    "XRotation": 0,
                    "YRotation": -512,
                    "ZRotation": 0
                },
                {
                    "ModelId": "1013",
                    "ModelIdNum": 1013,
                    "ObjectType": 13,
                    "XPos": -320,
                    "YPos": -130,
                    "ZPos": 62,
                    "XRotation": 0,
                    "YRotation": 0,
                    "ZRotation": 0
                },
                {
                    "ModelId": "2013",
                    "ModelIdNum": 2013,
                    "ObjectType": 13,
                    "XPos": -322,
                    "YPos": -128,
                    "ZPos": 62,
                    "XRotation": 0,
                    "YRotation": 0,
                    "ZRotation": 0
                },
                {
                    "ModelId": "3032",
                    "ModelIdNum": 3032,
                    "ObjectType": 13,
                    "XPos": -190,
                    "YPos": -193,
                    "ZPos": 10,
                    "XRotation": 0,
                    "YRotation": -512,
                    "ZRotation": 0
                },
                {
                    "ModelId": "3000",
                    "ModelIdNum": 3000,
                    "ObjectType": 13,
                    "XPos": -2,
                    "YPos": -193,
                    "ZPos": 64,
                    "XRotation": 0,
                    "YRotation": 0,
                    "ZRotation": 0
                },
                {
                    "ModelId": "3004",
                    "ModelIdNum": 3004,
                    "ObjectType": 13,
                    "XPos": -4,
                    "YPos": -193,
                    "ZPos": 190,
                    "XRotation": 0,
                    "YRotation": 0,
                    "ZRotation": 0
                },
                {
                    "ModelId": "4004",
                    "ModelIdNum": 4004,
                    "ObjectType": 13,
                    "XPos": -6,
                    "YPos": -193,
                    "ZPos": 128,
                    "XRotation": 0,
                    "YRotation": -512,
                    "ZRotation": 0
                },
                {
                    "ModelId": "3032",
                    "ModelIdNum": 3032,
                    "ObjectType": 13,
                    "XPos": -190,
                    "YPos": -193,
                    "ZPos": 246,
                    "XRotation": 0,
                    "YRotation": -1536,
                    "ZRotation": 0
                },
                {
                    "ModelId": "3018",
                    "ModelIdNum": 3018,
                    "ObjectType": 13,
                    "XPos": -374,
                    "YPos": -193,
                    "ZPos": 68,
                    "XRotation": 0,
                    "YRotation": -1024,
                    "ZRotation": 0
                },
                {
                    "ModelId": "3004",
                    "ModelIdNum": 3004,
                    "ObjectType": 13,
                    "XPos": -374,
                    "YPos": -193,
                    "ZPos": 192,
                    "XRotation": 0,
                    "YRotation": -1024,
                    "ZRotation": 0
                },
                {
                    "ModelId": "4004",
                    "ModelIdNum": 4004,
                    "ObjectType": 13,
                    "XPos": -372,
                    "YPos": -193,
                    "ZPos": 130,
                    "XRotation": 0,
                    "YRotation": -1536,
                    "ZRotation": 0
                },
                {
                    "ModelId": "1007",
                    "ModelIdNum": 1007,
                    "ObjectType": 13,
                    "XPos": -2,
                    "YPos": -2,
                    "ZPos": 0,
                    "XRotation": 0,
                    "YRotation": 0,
                    "ZRotation": 0
                },
                {
                    "ModelId": "2007",
                    "ModelIdNum": 2007,
                    "ObjectType": 13,
                    "XPos": 2,
                    "YPos": -126,
                    "ZPos": 4,
                    "XRotation": 0,
                    "YRotation": 0,
                    "ZRotation": 0
                },
                {
                    "ModelId": "3004",
                    "ModelIdNum": 3004,
                    "ObjectType": 13,
                    "XPos": -62,
                    "YPos": -64,
                    "ZPos": 124,
                    "XRotation": 0,
                    "YRotation": -1536,
                    "ZRotation": 0
                },
                {
                    "ModelId": "3000",
                    "ModelIdNum": 3000,
                    "ObjectType": 13,
                    "XPos": 64,
                    "YPos": -64,
                    "ZPos": 126,
                    "XRotation": 0,
                    "YRotation": -1536,
                    "ZRotation": 0
                },
                {
                    "ModelId": "4004",
                    "ModelIdNum": 4004,
                    "ObjectType": 13,
                    "XPos": 2,
                    "YPos": -65,
                    "ZPos": 120,
                    "XRotation": 0,
                    "YRotation": 0,
                    "ZRotation": 0
                },
                {
                    "ModelId": "3005",
                    "ModelIdNum": 3005,
                    "ObjectType": 13,
                    "XPos": -120,
                    "YPos": -64,
                    "ZPos": 4,
                    "XRotation": 0,
                    "YRotation": -1024,
                    "ZRotation": 0
                },
                {
                    "ModelId": "3005",
                    "ModelIdNum": 3005,
                    "ObjectType": 13,
                    "XPos": 122,
                    "YPos": -64,
                    "ZPos": 2,
                    "XRotation": 0,
                    "YRotation": 0,
                    "ZRotation": 0
                },
                {
                    "ModelId": "3019",
                    "ModelIdNum": 3019,
                    "ObjectType": 13,
                    "XPos": 0,
                    "YPos": -64,
                    "ZPos": -118,
                    "XRotation": 0,
                    "YRotation": -512,
                    "ZRotation": 0
                },
                {
                    "ModelId": "62319",
                    "ModelIdNum": 62319,
                    "ObjectType": 0,
                    "XPos": 64,
                    "YPos": 2,
                    "ZPos": 128,
                    "YScale": 0.55865,
                    "ZScale": 0.45514,
                    "XRotation": 0,
                    "YRotation": 0,
                    "ZRotation": 0
                },
                {
                    "ModelId": "1001",
                    "ModelIdNum": 1001,
                    "ObjectType": 13,
                    "XPos": -320,
                    "YPos": -2,
                    "ZPos": 134,
                    "XRotation": 0,
                    "YRotation": 0,
                    "ZRotation": 0
                },
                {
                    "ModelId": "2001",
                    "ModelIdNum": 2001,
                    "ObjectType": 13,
                    "XPos": -320,
                    "YPos": -126,
                    "ZPos": 134,
                    "XRotation": 0,
                    "YRotation": 0,
                    "ZRotation": 0
                },
                {
                    "ModelId": "3004",
                    "ModelIdNum": 3004,
                    "ObjectType": 13,
                    "XPos": -320,
                    "YPos": -64,
                    "ZPos": 248,
                    "XRotation": 0,
                    "YRotation": -1536,
                    "ZRotation": 0
                },
                {
                    "ModelId": "3004",
                    "ModelIdNum": 3004,
                    "ObjectType": 13,
                    "XPos": -262,
                    "YPos": -64,
                    "ZPos": 190,
                    "XRotation": 0,
                    "YRotation": 0,
                    "ZRotation": 0
                },
                {
                    "ModelId": "3000",
                    "ModelIdNum": 3000,
                    "ObjectType": 13,
                    "XPos": -258,
                    "YPos": -64,
                    "ZPos": 64,
                    "XRotation": 0,
                    "YRotation": 0,
                    "ZRotation": 0
                },
                {
                    "ModelId": "4004",
                    "ModelIdNum": 4004,
                    "ObjectType": 13,
                    "XPos": -264,
                    "YPos": -64,
                    "ZPos": 126,
                    "XRotation": 0,
                    "YRotation": -512,
                    "ZRotation": 0
                },
                {
                    "ModelId": "3004",
                    "ModelIdNum": 3004,
                    "ObjectType": 13,
                    "XPos": -376,
                    "YPos": -64,
                    "ZPos": 190,
                    "XRotation": 0,
                    "YRotation": -1024,
                    "ZRotation": 0
                },
                {
                    "ModelId": "3004",
                    "ModelIdNum": 3004,
                    "ObjectType": 13,
                    "XPos": -318,
                    "YPos": -64,
                    "ZPos": 6,
                    "XRotation": 0,
                    "YRotation": -512,
                    "ZRotation": 0
                },
                {
                    "ModelId": "4004",
                    "ModelIdNum": 4004,
                    "ObjectType": 13,
                    "XPos": -374,
                    "YPos": -64,
                    "ZPos": 126,
                    "XRotation": 0,
                    "YRotation": -1536,
                    "ZRotation": 0
                },
                {
                    "ModelId": "3018",
                    "ModelIdNum": 3018,
                    "ObjectType": 13,
                    "XPos": -376,
                    "YPos": -64,
                    "ZPos": 62,
                    "XRotation": 0,
                    "YRotation": -1024,
                    "ZRotation": 0
                },
                {
                    "ModelId": "62319",
                    "ModelIdNum": 62319,
                    "ObjectType": 0,
                    "XPos": -256,
                    "YPos": 2,
                    "ZPos": 72,
                    "YScale": 0.55865,
                    "ZScale": 0.45514,
                    "XRotation": 0,
                    "YRotation": -511,
                    "ZRotation": 0
                },
                {
                    "ModelId": "62319",
                    "ModelIdNum": 62319,
                    "ObjectType": 0,
                    "XPos": 128,
                    "YPos": 2,
                    "ZPos": 182,
                    "YScale": 0.55865,
                    "ZScale": 0.45514,
                    "XRotation": 0,
                    "YRotation": -511,
                    "ZRotation": 0
                },
                {
                    "ModelId": "1008",
                    "ModelIdNum": 1008,
                    "ObjectType": 13,
                    "XPos": 258,
                    "YPos": -2,
                    "ZPos": 56,
                    "XRotation": 0,
                    "YRotation": 0,
                    "ZRotation": 0
                },
                {
                    "ModelId": "2008",
                    "ModelIdNum": 2008,
                    "ObjectType": 13,
                    "XPos": 254,
                    "YPos": -126,
                    "ZPos": 66,
                    "XRotation": 0,
                    "YRotation": 0,
                    "ZRotation": 0
                },
                {
                    "ModelId": "3005",
                    "ModelIdNum": 3005,
                    "ObjectType": 13,
                    "XPos": 132,
                    "YPos": -64,
                    "ZPos": 4,
                    "XRotation": 0,
                    "YRotation": -1024,
                    "ZRotation": 0
                },
                {
                    "ModelId": "3000",
                    "ModelIdNum": 3000,
                    "ObjectType": 13,
                    "XPos": 130,
                    "YPos": -64,
                    "ZPos": 192,
                    "XRotation": 0,
                    "YRotation": -1024,
                    "ZRotation": 0
                },
                {
                    "ModelId": "4004",
                    "ModelIdNum": 4004,
                    "ObjectType": 13,
                    "XPos": 134,
                    "YPos": -64,
                    "ZPos": 128,
                    "XRotation": 0,
                    "YRotation": -1536,
                    "ZRotation": 0
                },
                {
                    "ModelId": "3005",
                    "ModelIdNum": 3005,
                    "ObjectType": 13,
                    "XPos": 254,
                    "YPos": -64,
                    "ZPos": -118,
                    "XRotation": 0,
                    "YRotation": -512,
                    "ZRotation": 0
                },
                {
                    "ModelId": "3006",
                    "ModelIdNum": 3006,
                    "ObjectType": 13,
                    "XPos": 376,
                    "YPos": -64,
                    "ZPos": 66,
                    "XRotation": 0,
                    "YRotation": 0,
                    "ZRotation": 0
                },
                {
                    "ModelId": "3005",
                    "ModelIdNum": 3005,
                    "ObjectType": 13,
                    "XPos": 254,
                    "YPos": -64,
                    "ZPos": 248,
                    "XRotation": 0,
                    "YRotation": -1536,
                    "ZRotation": 0
                },
                {
                    "ModelId": "41000",
                    "ModelIdNum": 41000,
                    "ObjectType": 3,
                    "XPos": 246,
                    "YPos": 1,
                    "ZPos": -76,
                    "XRotation": 0,
                    "YRotation": -512,
                    "ZRotation": 0
                },
                {
                    "ModelId": "41811",
                    "ModelIdNum": 41811,
                    "ObjectType": 3,
                    "XPos": 362,
                    "YPos": 2,
                    "ZPos": 164,
                    "XRotation": 0,
                    "YRotation": -512,
                    "ZRotation": 0
                },
                {
                    "ModelId": "41810",
                    "ModelIdNum": 41810,
                    "ObjectType": 0,
                    "XPos": 138,
                    "YPos": -70,
                    "ZPos": 46,
                    "XRotation": 0,
                    "YRotation": -512,
                    "ZRotation": 0
                },
                {
                    "ModelId": "41034",
                    "ModelIdNum": 41034,
                    "ObjectType": 0,
                    "XPos": -124,
                    "YPos": -18,
                    "ZPos": 242,
                    "XRotation": 0,
                    "YRotation": -1024,
                    "ZRotation": 0
                },
                {
                    "ModelId": "45081",
                    "ModelIdNum": 45081,
                    "ObjectType": 0,
                    "XPos": 198,
                    "YPos": -182,
                    "ZPos": 25,
                    "XScale": 0.4999999,
                    "YScale": 0.7999998,
                    "XRotation": 0,
                    "YRotation": -256,
                    "ZRotation": -512
                },
                {
                    "ModelId": "41117",
                    "ModelIdNum": 41117,
                    "ObjectType": 3,
                    "XPos": 167,
                    "YPos": 136,
                    "ZPos": 41,
                    "XScale": 0.9500599,
                    "ZScale": 0.8628399,
                    "XRotation": 0,
                    "YRotation": -256,
                    "ZRotation": 0
                },
                {
                    "ModelId": "45076",
                    "ModelIdNum": 45076,
                    "ObjectType": 0,
                    "XPos": 166,
                    "YPos": -142,
                    "ZPos": 42,
                    "XScale": 0.95977,
                    "ZScale": 0.40775,
                    "XRotation": 0,
                    "YRotation": -256,
                    "ZRotation": 0
                },
                {
                    "ModelId": "45129",
                    "ModelIdNum": 45129,
                    "ObjectType": 0,
                    "XPos": 235,
                    "YPos": -133,
                    "ZPos": -1,
                    "XScale": 0.6999998,
                    "YScale": 1.79274,
                    "ZScale": 3.0,
                    "XRotation": 0,
                    "YRotation": -256,
                    "ZRotation": -512
                },
                {
                    "ModelId": "45081",
                    "ModelIdNum": 45081,
                    "ObjectType": 0,
                    "XPos": 206,
                    "YPos": -188,
                    "ZPos": 20,
                    "YScale": 1.02,
                    "XRotation": 0,
                    "YRotation": -256,
                    "ZRotation": -512
                },
                {
                    "ModelId": "69465",
                    "ModelIdNum": 69465,
                    "ObjectType": 0,
                    "XPos": 170,
                    "YPos": -129,
                    "ZPos": 46,
                    "XScale": 0.20702,
                    "YScale": 0.6,
                    "ZScale": 0.8414301,
                    "XRotation": 0,
                    "YRotation": -768,
                    "ZRotation": 0
                },
                {
                    "ModelId": "41116",
                    "ModelIdNum": 41116,
                    "ObjectType": 3,
                    "XPos": -112,
                    "YPos": 8,
                    "ZPos": -54,
                    "YScale": 1.0573,
                    "ZScale": 1.07168,
                    "XRotation": 0,
                    "YRotation": -511,
                    "ZRotation": 0
                },
                {
                    "ModelId": "45076",
                    "ModelIdNum": 45076,
                    "ObjectType": 0,
                    "XPos": -116,
                    "YPos": -14,
                    "ZPos": -54,
                    "XScale": 0.49915,
                    "XRotation": 0,
                    "YRotation": 0,
                    "ZRotation": 0
                },
                {
                    "ModelId": "45081",
                    "ModelIdNum": 45081,
                    "ObjectType": 0,
                    "XPos": -102,
                    "YPos": -56,
                    "ZPos": -97,
                    "XRotation": 0,
                    "YRotation": -510,
                    "ZRotation": -510
                },
                {
                    "ModelId": "45081",
                    "ModelIdNum": 45081,
                    "ObjectType": 0,
                    "XPos": -104,
                    "YPos": -49,
                    "ZPos": -93,
                    "XScale": 0.5,
                    "YScale": 0.9,
                    "XRotation": 0,
                    "YRotation": -512,
                    "ZRotation": -511
                },
                {
                    "ModelId": "45129",
                    "ModelIdNum": 45129,
                    "ObjectType": 0,
                    "XPos": -106,
                    "YPos": -4,
                    "ZPos": -118,
                    "YScale": 1.5,
                    "ZScale": 3.0,
                    "XRotation": 0,
                    "YRotation": -511,
                    "ZRotation": -512
                },
                {
                    "ModelId": "69465",
                    "ModelIdNum": 69465,
                    "ObjectType": 0,
                    "XPos": -112,
                    "YPos": 13,
                    "ZPos": -54,
                    "XScale": 0.32337,
                    "YScale": 0.68878,
                    "ZScale": 0.86648,
                    "XRotation": 0,
                    "YRotation": 0,
                    "ZRotation": 0
                },
                {
                    "ModelId": "41024",
                    "ModelIdNum": 41024,
                    "ObjectType": 0,
                    "XPos": -84,
                    "YPos": -162,
                    "ZPos": 228,
                    "XRotation": 0,
                    "YRotation": -1024,
                    "ZRotation": 0
                },
                {
                    "ModelId": "42069",
                    "ModelIdNum": 42069,
                    "ObjectType": 0,
                    "XPos": -188,
                    "YPos": -141,
                    "ZPos": 202,
                    "XRotation": 0,
                    "YRotation": -512,
                    "ZRotation": 0
                }
            ],
            "BlockFlatObjectRecords": [
                {
                    "Position": 0,
                    "XPos": 236,
                    "YPos": -129,
                    "ZPos": 98,
                    "TextureArchive": 199,
                    "TextureRecord": 11,
                    "FactionID": -1,
                    "Flags": 1
                },
                {
                    "Position": 0,
                    "XPos": -304,
                    "YPos": 0,
                    "ZPos": 118,
                    "TextureArchive": 199,
                    "TextureRecord": 18,
                    "FactionID": -1,
                    "Flags": 17
                },
                {
                    "Position": 0,
                    "XPos": 328,
                    "YPos": -129,
                    "ZPos": 42,
                    "TextureArchive": 199,
                    "TextureRecord": 20,
                    "FactionID": 0,
                    "Flags": 17
                },
                {
                    "Position": 0,
                    "XPos": -268,
                    "YPos": -129,
                    "ZPos": 182,
                    "TextureArchive": 199,
                    "TextureRecord": 20,
                    "FactionID": 0,
                    "Flags": 17
                },
                {
                    "Position": 0,
                    "XPos": -52,
                    "YPos": -129,
                    "ZPos": 194,
                    "TextureArchive": 199,
                    "TextureRecord": 20,
                    "FactionID": 0,
                    "Flags": 17
                },
                {
                    "Position": 0,
                    "XPos": 72,
                    "YPos": -129,
                    "ZPos": 136,
                    "TextureArchive": 199,
                    "TextureRecord": 20,
                    "FactionID": 0,
                    "Flags": 17
                },
                {
                    "Position": 0,
                    "XPos": 218,
                    "YPos": -129,
                    "ZPos": -34,
                    "TextureArchive": 199,
                    "TextureRecord": 20,
                    "FactionID": 0,
                    "Flags": 17
                },
                {
                    "Position": 0,
                    "XPos": -354,
                    "YPos": -1,
                    "ZPos": 30,
                    "TextureArchive": 199,
                    "TextureRecord": 20,
                    "FactionID": 0,
                    "Flags": 17
                },
                {
                    "Position": 0,
                    "XPos": -84,
                    "YPos": -32,
                    "ZPos": 60,
                    "TextureArchive": 200,
                    "TextureRecord": 3,
                    "FactionID": 0,
                    "Flags": 17
                },
                {
                    "Position": 0,
                    "XPos": -40,
                    "YPos": 0,
                    "ZPos": -40,
                    "TextureArchive": 199,
                    "TextureRecord": 20,
                    "FactionID": 0,
                    "Flags": 17
                },
                {
                    "Position": 0,
                    "XPos": -74,
                    "YPos": -130,
                    "ZPos": -42,
                    "TextureArchive": 199,
                    "TextureRecord": 20,
                    "FactionID": 0,
                    "Flags": 17
                },
                {
                    "Position": 0,
                    "XPos": 330,
                    "YPos": -3,
                    "ZPos": 26,
                    "TextureArchive": 199,
                    "TextureRecord": 20,
                    "FactionID": 0,
                    "Flags": 17
                },
                {
                    "Position": 0,
                    "XPos": 312,
                    "YPos": -3,
                    "ZPos": -58,
                    "TextureArchive": 199,
                    "TextureRecord": 20,
                    "FactionID": 0,
                    "Flags": 17
                },
                {
                    "Position": 0,
                    "XPos": -274,
                    "YPos": 0,
                    "ZPos": -88,
                    "TextureArchive": 199,
                    "TextureRecord": 20,
                    "FactionID": 0,
                    "Flags": 17
                },
                {
                    "Position": 0,
                    "XPos": 0,
                    "YPos": -80,
                    "ZPos": 0,
                    "TextureArchive": 210,
                    "TextureRecord": 13,
                    "FactionID": -32752,
                    "Flags": 17
                },
                {
                    "Position": 0,
                    "XPos": -194,
                    "YPos": -80,
                    "ZPos": -62,
                    "TextureArchive": 210,
                    "TextureRecord": 13,
                    "FactionID": 30732,
                    "Flags": 17
                },
                {
                    "Position": 0,
                    "XPos": 248,
                    "YPos": -80,
                    "ZPos": 96,
                    "TextureArchive": 210,
                    "TextureRecord": 13,
                    "FactionID": -32752,
                    "Flags": 17
                },
                {
                    "Position": 0,
                    "XPos": -328,
                    "YPos": -80,
                    "ZPos": 80,
                    "TextureArchive": 210,
                    "TextureRecord": 13,
                    "FactionID": 30732,
                    "Flags": 17
                },
                {
                    "Position": 0,
                    "XPos": 40,
                    "YPos": -80,
                    "ZPos": 192,
                    "TextureArchive": 210,
                    "TextureRecord": 13,
                    "FactionID": 28680,
                    "Flags": 17
                },
                {
                    "Position": 0,
                    "XPos": -192,
                    "YPos": -216,
                    "ZPos": 128,
                    "TextureArchive": 210,
                    "TextureRecord": 13,
                    "FactionID": -32752,
                    "Flags": 17
                },
                {
                    "Position": 0,
                    "XPos": 256,
                    "YPos": -216,
                    "ZPos": 128,
                    "TextureArchive": 210,
                    "TextureRecord": 13,
                    "FactionID": -32752,
                    "Flags": 17
                },
                {
                    "Position": 0,
                    "XPos": -128,
                    "YPos": -216,
                    "ZPos": -62,
                    "TextureArchive": 210,
                    "TextureRecord": 13,
                    "FactionID": 30732,
                    "Flags": 17
                },
                {
                    "Position": 0,
                    "XPos": 64,
                    "YPos": -209,
                    "ZPos": 64,
                    "TextureArchive": 210,
                    "TextureRecord": 13,
                    "FactionID": 30732,
                    "Flags": 17
                },
                {
                    "Position": 0,
                    "XPos": 172,
                    "YPos": -129,
                    "ZPos": -72,
                    "TextureArchive": 199,
                    "TextureRecord": 8,
                    "FactionID": 0,
                    "Flags": 0
                },
                {
                    "Position": 0,
                    "XPos": -192,
                    "YPos": -129,
                    "ZPos": -64,
                    "TextureArchive": 199,
                    "TextureRecord": 8,
                    "FactionID": 0,
                    "Flags": 0
                },
                {
                    "Position": 0,
                    "XPos": 340,
                    "YPos": -162,
                    "ZPos": 126,
                    "TextureArchive": 10021,
                    "TextureRecord": 17,
                    "FactionID": 0,
                    "Flags": 0
                },
                {
                    "Position": 0,
                    "XPos": 356,
                    "YPos": -162,
                    "ZPos": 132,
                    "TextureArchive": 10021,
                    "TextureRecord": 7,
                    "FactionID": 0,
                    "Flags": 0
                },
                {
                    "Position": 0,
                    "XPos": 332,
                    "YPos": -227,
                    "ZPos": 200,
                    "TextureArchive": 56790,
                    "TextureRecord": 8,
                    "FactionID": 0,
                    "Flags": 0
                },
                {
                    "Position": 0,
                    "XPos": 340,
                    "YPos": -223,
                    "ZPos": 222,
                    "TextureArchive": 56790,
                    "TextureRecord": 14,
                    "FactionID": 0,
                    "Flags": 0
                },
                {
                    "Position": 0,
                    "XPos": 346,
                    "YPos": -162,
                    "ZPos": 154,
                    "TextureArchive": 205,
                    "TextureRecord": 12,
                    "FactionID": 0,
                    "Flags": 0
                },
                {
                    "Position": 0,
                    "XPos": -56,
                    "YPos": -28,
                    "ZPos": 72,
                    "TextureArchive": 10021,
                    "TextureRecord": 14,
                    "FactionID": 0,
                    "Flags": 0
                },
                {
                    "Position": 0,
                    "XPos": 16,
                    "YPos": -3,
                    "ZPos": 4,
                    "TextureArchive": 199,
                    "TextureRecord": 4,
                    "FactionID": 0,
                    "Flags": 0
                }
            ],
            "BlockSection3Records": [
                {
                    "XPos": -64,
                    "YPos": -129,
                    "ZPos": -64
                },
                {
                    "XPos": 64,
                    "YPos": -129,
                    "ZPos": -64
                },
                {
                    "XPos": 320,
                    "YPos": -129,
                    "ZPos": -64
                },
                {
                    "XPos": 64,
                    "YPos": -129,
                    "ZPos": 64
                },
                {
                    "XPos": 64,
                    "YPos": -129,
                    "ZPos": 192
                },
                {
                    "XPos": 192,
                    "YPos": -129,
                    "ZPos": 192
                },
                {
                    "XPos": 320,
                    "YPos": -129,
                    "ZPos": 192
                },
                {
                    "XPos": 320,
                    "YPos": -129,
                    "ZPos": 64
                },
                {
                    "XPos": 192,
                    "YPos": -129,
                    "ZPos": 64
                },
                {
                    "XPos": -64,
                    "YPos": -129,
                    "ZPos": 192
                },
                {
                    "XPos": -192,
                    "YPos": -129,
                    "ZPos": 192
                },
                {
                    "XPos": -320,
                    "YPos": -129,
                    "ZPos": 192
                },
                {
                    "XPos": -320,
                    "YPos": -129,
                    "ZPos": 64
                },
                {
                    "XPos": -192,
                    "YPos": -129,
                    "ZPos": 64
                },
                {
                    "XPos": -64,
                    "YPos": -129,
                    "ZPos": 64
                },
                {
                    "XPos": 64,
                    "YPos": 0,
                    "ZPos": 192
                },
                {
                    "XPos": -64,
                    "YPos": 0,
                    "ZPos": 192
                },
                {
                    "XPos": -192,
                    "YPos": 0,
                    "ZPos": 192
                },
                {
                    "XPos": -192,
                    "YPos": 0,
                    "ZPos": 64
                },
                {
                    "XPos": -192,
                    "YPos": 0,
                    "ZPos": -64
                },
                {
                    "XPos": -320,
                    "YPos": 0,
                    "ZPos": -64
                },
                {
                    "XPos": -64,
                    "YPos": 0,
                    "ZPos": 64
                },
                {
                    "XPos": 64,
                    "YPos": 0,
                    "ZPos": 64
                },
                {
                    "XPos": 64,
                    "YPos": 0,
                    "ZPos": -64
                },
                {
                    "XPos": -64,
                    "YPos": 0,
                    "ZPos": -64
                },
                {
                    "XPos": 192,
                    "YPos": 0,
                    "ZPos": -64
                },
                {
                    "XPos": 320,
                    "YPos": 0,
                    "ZPos": -64
                },
                {
                    "XPos": 320,
                    "YPos": 0,
                    "ZPos": 64
                },
                {
                    "XPos": 320,
                    "YPos": 0,
                    "ZPos": 192
                },
                {
                    "XPos": 192,
                    "YPos": 0,
                    "ZPos": 192
                },
                {
                    "XPos": 192,
                    "YPos": 0,
                    "ZPos": 64
                },
                {
                    "XPos": -320,
                    "YPos": 0,
                    "ZPos": 64
                },
                {
                    "XPos": -320,
                    "YPos": 0,
                    "ZPos": 192
                }
            ],
            "BlockPeopleRecords": [
                {
                    "Position": 6796,
                    "XPos": 212,
                    "YPos": -4,
                    "ZPos": 6,
                    "TextureArchive": 184,
                    "TextureRecord": 29,
                    "FactionID": 0,
                    "Flags": 33
                },
                {
                    "Position": 6797,
                    "XPos": -298,
                    "YPos": -132,
                    "ZPos": 116,
                    "TextureArchive": 182,
                    "TextureRecord": 15,
                    "FactionID": 0,
                    "Flags": 0
                }
            ],
            "BlockDoorRecords": [
                {
                    "Position": 0,
                    "XPos": -263,
                    "YPos": -45,
                    "ZPos": 41,
                    "YRotation": -1536,
                    "OpenRotation": 90,
                    "DoorModelIndex": 0
                },
                {
                    "Position": 1,
                    "XPos": 41,
                    "YPos": -45,
                    "ZPos": 132,
                    "YRotation": 0,
                    "OpenRotation": 90,
                    "DoorModelIndex": 0
                },
                {
                    "Position": 2,
                    "XPos": 135,
                    "YPos": -45,
                    "ZPos": 215,
                    "YRotation": -512,
                    "OpenRotation": 90,
                    "DoorModelIndex": 0
                },
                {
                    "Position": 3,
                    "XPos": -4,
                    "YPos": -174,
                    "ZPos": 41,
                    "YRotation": -1536,
                    "OpenRotation": 90,
                    "DoorModelIndex": 0
                },
                {
                    "Position": 4,
                    "XPos": -4,
                    "YPos": -174,
                    "ZPos": 41,
                    "YRotation": -1536,
                    "OpenRotation": 90,
                    "DoorModelIndex": 0
                }
            ]
        }
    },
    "AutoMapData": null
}