{
    "FactionId": 0,
    "BuildingType": 18,
    "Quality": 4,
    "NameSeed": 0,
    "RmbSubRecord": {
        "XPos": 320,
        "ZPos": 3584,
        "YRotation": 512,
        "Exterior": {
            "Header": {
                "Num3dObjectRecords": 1,
                "NumFlatObjectRecords": 0,
                "NumSection3Records": 0,
                "NumPeopleRecords": 0,
                "NumDoorRecords": 0
            },
            "Block3dObjectRecords": [
                {
                    "ModelId": "160",
                    "ModelIdNum": 160,
                    "ObjectType": 4,
                    "XPos": 0,
                    "YPos": 0,
                    "ZPos": 0,
                    "XRotation": 0,
                    "YRotation": 0,
                    "ZRotation": 0
                },
                {
                    "ModelId": "45122",
                    "ModelIdNum": 45122,
                    "ObjectType": 4,
                    "XPos": -64,
                    "YPos": -42,
                    "ZPos": -32,
                    "XScale": 1.196852,
                    "XRotation": 0,
                    "YRotation": -1536,
                    "ZRotation": 0
                },
                {
                    "ModelId": "45122",
                    "ModelIdNum": 45122,
                    "ObjectType": 4,
                    "XPos": -64,
                    "YPos": -42,
                    "ZPos": -96,
                    "XScale": 1.196852,
                    "XRotation": 0,
                    "YRotation": -1536,
                    "ZRotation": 0
                },
                {
                    "ModelId": "45084",
                    "ModelIdNum": 45084,
                    "ObjectType": 4,
                    "XPos": -62,
                    "YPos": -20,
                    "ZPos": -96,
                    "XRotation": 0,
                    "YRotation": 0,
                    "ZRotation": 0
                },
                {
                    "ModelId": "45084",
                    "ModelIdNum": 45084,
                    "ObjectType": 4,
                    "XPos": -62,
                    "YPos": -20,
                    "ZPos": -32,
                    "XRotation": 0,
                    "YRotation": 0,
                    "ZRotation": 0
                },
                {
                    "ModelId": "45087",
                    "ModelIdNum": 45087,
                    "ObjectType": 4,
                    "XPos": -128,
                    "YPos": -204,
                    "ZPos": 192,
                    "XRotation": 0,
                    "YRotation": 0,
                    "ZRotation": 0
                }
            ],
            "BlockFlatObjectRecords": [],
            "BlockSection3Records": [],
            "BlockPeopleRecords": [],
            "BlockDoorRecords": []
        },
        "Interior": {
            "Header": {
                "Num3dObjectRecords": 13,
                "NumFlatObjectRecords": 8,
                "NumSection3Records": 5,
                "NumPeopleRecords": 1,
                "NumDoorRecords": 2
            },
            "Block3dObjectRecords": [
                {
                    "ModelId": "8712",
                    "ModelIdNum": 8712,
                    "ObjectType": 13,
                    "XPos": 0,
                    "YPos": -63,
                    "ZPos": 189,
                    "XRotation": 0,
                    "YRotation": -1024,
                    "ZRotation": 0
                },
                {
                    "ModelId": "45076",
                    "ModelIdNum": 45076,
                    "ObjectType": 0,
                    "XPos": -162,
                    "YPos": -53,
                    "ZPos": -198,
                    "XScale": 0.5744902,
                    "ZScale": 0.9277102,
                    "XRotation": 0,
                    "YRotation": -813,
                    "ZRotation": 0
                },
                {
                    "ModelId": "45129",
                    "ModelIdNum": 45129,
                    "ObjectType": 0,
                    "XPos": -197,
                    "YPos": -4,
                    "ZPos": -127,
                    "XScale": 1.5,
                    "YScale": 2.035949,
                    "ZScale": 2.999993,
                    "XRotation": 0,
                    "YRotation": -1323,
                    "ZRotation": -512
                },
                {
                    "ModelId": "41117",
                    "ModelIdNum": 41117,
                    "ObjectType": 3,
                    "XPos": -158,
                    "YPos": 11,
                    "ZPos": -197,
                    "ZScale": 0.96,
                    "XRotation": 0,
                    "YRotation": -301,
                    "ZRotation": 0
                },
                {
                    "ModelId": "45081",
                    "ModelIdNum": 45081,
                    "ObjectType": 0,
                    "XPos": -176,
                    "YPos": -62,
                    "ZPos": -154,
                    "YScale": 1.03,
                    "XRotation": 0,
                    "YRotation": -1319,
                    "ZRotation": -512
                },
                {
                    "ModelId": "45081",
                    "ModelIdNum": 45081,
                    "ObjectType": 0,
                    "XPos": -171,
                    "YPos": -56,
                    "ZPos": -162,
                    "XScale": 0.4999999,
                    "YScale": 0.7999997,
                    "XRotation": 0,
                    "YRotation": -1325,
                    "ZRotation": -512
                },
                {
                    "ModelId": "31714",
                    "ModelIdNum": 31714,
                    "ObjectType": 13,
                    "XPos": -128,
                    "YPos": -63,
                    "ZPos": 64,
                    "XRotation": 0,
                    "YRotation": -512,
                    "ZRotation": 0
                },
                {
                    "ModelId": "41001",
                    "ModelIdNum": 41001,
                    "ObjectType": 3,
                    "XPos": -128,
                    "YPos": 2,
                    "ZPos": 224,
                    "XRotation": 0,
                    "YRotation": -1024,
                    "ZRotation": 0
                },
                {
                    "ModelId": "41023",
                    "ModelIdNum": 41023,
                    "ObjectType": 3,
                    "XPos": 62,
                    "YPos": 2,
                    "ZPos": 146,
                    "XRotation": 0,
                    "YRotation": 0,
                    "ZRotation": 0
                },
                {
                    "ModelId": "41034",
                    "ModelIdNum": 41034,
                    "ObjectType": 3,
                    "XPos": -47,
                    "YPos": 2,
                    "ZPos": 144,
                    "XRotation": 0,
                    "YRotation": 0,
                    "ZRotation": 0
                },
                {
                    "ModelId": "41113",
                    "ModelIdNum": 41113,
                    "ObjectType": 3,
                    "XPos": 62,
                    "YPos": 2,
                    "ZPos": 178,
                    "XRotation": 0,
                    "YRotation": 0,
                    "ZRotation": 0
                },
                {
                    "ModelId": "41108",
                    "ModelIdNum": 41108,
                    "ObjectType": 3,
                    "XPos": -96,
                    "YPos": 2,
                    "ZPos": -120,
                    "XRotation": 0,
                    "YRotation": -512,
                    "ZRotation": 0
                },
                {
                    "ModelId": "41119",
                    "ModelIdNum": 41119,
                    "ObjectType": 3,
                    "XPos": -100,
                    "YPos": 2,
                    "ZPos": -179,
                    "XRotation": 0,
                    "YRotation": -1757,
                    "ZRotation": 0
                },
                {
                    "ModelId": "41102",
                    "ModelIdNum": 41102,
                    "ObjectType": 3,
                    "XPos": -96,
                    "YPos": 2,
                    "ZPos": -56,
                    "XRotation": 0,
                    "YRotation": -1024,
                    "ZRotation": 0
                },
                {
                    "ModelId": "3719",
                    "ModelIdNum": 3719,
                    "ObjectType": 13,
                    "XPos": -69,
                    "YPos": -63,
                    "ZPos": -64,
                    "XRotation": 0,
                    "YRotation": 0,
                    "ZRotation": 0
                },
                {
                    "ModelId": "45162",
                    "ModelIdNum": 45162,
                    "ObjectType": 0,
                    "XPos": 5,
                    "YPos": -86,
                    "ZPos": 135,
                    "XRotation": 0,
                    "YRotation": 0,
                    "ZRotation": 0
                },
                {
                    "ModelId": "41105",
                    "ModelIdNum": 41105,
                    "ObjectType": 0,
                    "XPos": -168,
                    "YPos": -16,
                    "ZPos": 64,
                    "XRotation": 0,
                    "YRotation": -512,
                    "ZRotation": 0
                },
                {
                    "ModelId": "1706",
                    "ModelIdNum": 1706,
                    "ObjectType": 13,
                    "XPos": -123,
                    "YPos": 0,
                    "ZPos": -128,
                    "XRotation": 0,
                    "YRotation": -1536,
                    "ZRotation": 0
                },
                {
                    "ModelId": "3700",
                    "ModelIdNum": 3700,
                    "ObjectType": 13,
                    "XPos": -128,
                    "YPos": -63,
                    "ZPos": 2,
                    "ZScale": 1.0126,
                    "XRotation": 0,
                    "YRotation": -1536,
                    "ZRotation": 0
                },
                {
                    "ModelId": "3704",
                    "ModelIdNum": 3704,
                    "ObjectType": 13,
                    "XPos": -124,
                    "YPos": -63,
                    "ZPos": -238,
                    "XRotation": 0,
                    "YRotation": -512,
                    "ZRotation": 0
                },
                {
                    "ModelId": "3705",
                    "ModelIdNum": 3705,
                    "ObjectType": 13,
                    "XPos": -183,
                    "YPos": -63,
                    "ZPos": -122,
                    "XRotation": 0,
                    "YRotation": -1024,
                    "ZRotation": 0
                },
                {
                    "ModelId": "3730",
                    "ModelIdNum": 3730,
                    "ObjectType": 13,
                    "XPos": -68,
                    "YPos": -63,
                    "ZPos": -181,
                    "XRotation": 0,
                    "YRotation": 0,
                    "ZRotation": 0
                },
                {
                    "ModelId": "2701",
                    "ModelIdNum": 2701,
                    "ObjectType": 13,
                    "XPos": -125,
                    "YPos": -126,
                    "ZPos": -120,
                    "XRotation": 0,
                    "YRotation": 0,
                    "ZRotation": 0
                },
                {
                    "ModelId": "160",
                    "ModelIdNum": 160,
                    "ObjectType": 0,
                    "XPos": 0,
                    "YPos": 6,
                    "ZPos": 4,
                    "XRotation": 0,
                    "YRotation": 0,
                    "ZRotation": 0
                },
                {
                    "ModelId": "45076",
                    "ModelIdNum": 45076,
                    "ObjectType": 0,
                    "XPos": 150,
                    "YPos": -14,
                    "ZPos": 213,
                    "XScale": 0.33981,
                    "ZScale": 1.00403,
                    "XRotation": 0,
                    "YRotation": -1792,
                    "ZRotation": 0
                },
                {
                    "ModelId": "45129",
                    "ModelIdNum": 45129,
                    "ObjectType": 0,
                    "XPos": 197,
                    "YPos": 2,
                    "ZPos": 147,
                    "XScale": 1.563,
                    "YScale": 1.950032,
                    "ZScale": 3.0,
                    "XRotation": 0,
                    "YRotation": -256,
                    "ZRotation": -512
                },
                {
                    "ModelId": "41117",
                    "ModelIdNum": 41117,
                    "ObjectType": 3,
                    "XPos": 150,
                    "YPos": 5,
                    "ZPos": 215,
                    "ZScale": 0.8991301,
                    "XRotation": 0,
                    "YRotation": -1279,
                    "ZRotation": 0
                },
                {
                    "ModelId": "45081",
                    "ModelIdNum": 45081,
                    "ObjectType": 0,
                    "XPos": 172,
                    "YPos": -59,
                    "ZPos": 175,
                    "YScale": 1.03,
                    "XRotation": 0,
                    "YRotation": -256,
                    "ZRotation": -512
                },
                {
                    "ModelId": "45081",
                    "ModelIdNum": 45081,
                    "ObjectType": 0,
                    "XPos": 165,
                    "YPos": -54,
                    "ZPos": 184,
                    "XScale": 0.4999999,
                    "YScale": 0.7999998,
                    "XRotation": 0,
                    "YRotation": -256,
                    "ZRotation": -512
                },
                {
                    "ModelId": "69465",
                    "ModelIdNum": 69465,
                    "ObjectType": 0,
                    "XPos": 150,
                    "YPos": 4,
                    "ZPos": 213,
                    "XScale": 0.35315,
                    "YScale": 0.62978,
                    "ZScale": 0.9,
                    "XRotation": 0,
                    "YRotation": -1792,
                    "ZRotation": 0
                },
                {
                    "ModelId": "41810",
                    "ModelIdNum": 41810,
                    "ObjectType": 0,
                    "XPos": -178,
                    "YPos": -58,
                    "ZPos": -56,
                    "XRotation": 0,
                    "YRotation": -512,
                    "ZRotation": 0
                },
                {
                    "ModelId": "42085",
                    "ModelIdNum": 42085,
                    "ObjectType": 0,
                    "XPos": -21,
                    "YPos": -10,
                    "ZPos": 224,
                    "XRotation": 0,
                    "YRotation": 0,
                    "ZRotation": 0
                },
                {
                    "ModelId": "69465",
                    "ModelIdNum": 69465,
                    "ObjectType": 0,
                    "XPos": -154,
                    "YPos": -3,
                    "ZPos": -192,
                    "XScale": 0.20702,
                    "YScale": 0.6,
                    "ZScale": 0.8414302,
                    "XRotation": 0,
                    "YRotation": -813,
                    "ZRotation": 0
                }
            ],
            "BlockFlatObjectRecords": [
                {
                    "Position": 0,
                    "XPos": 62,
                    "YPos": -82,
                    "ZPos": 192,
                    "TextureArchive": 210,
                    "TextureRecord": 22,
                    "FactionID": 28688,
                    "Flags": 17
                },
                {
                    "Position": 0,
                    "XPos": -156,
                    "YPos": 0,
                    "ZPos": 168,
                    "TextureArchive": 199,
                    "TextureRecord": 20,
                    "FactionID": 0,
                    "Flags": 17
                },
                {
                    "Position": 0,
                    "XPos": 114,
                    "YPos": 0,
                    "ZPos": 166,
                    "TextureArchive": 199,
                    "TextureRecord": 20,
                    "FactionID": 0,
                    "Flags": 17
                },
                {
                    "Position": 0,
                    "XPos": -160,
                    "YPos": 0,
                    "ZPos": -32,
                    "TextureArchive": 199,
                    "TextureRecord": 20,
                    "FactionID": 0,
                    "Flags": 17
                },
                {
                    "Position": 0,
                    "XPos": -128,
                    "YPos": 0,
                    "ZPos": 64,
                    "TextureArchive": 199,
                    "TextureRecord": 8,
                    "FactionID": 0,
                    "Flags": 0
                },
                {
                    "Position": 0,
                    "XPos": -102,
                    "YPos": -33,
                    "ZPos": -106,
                    "TextureArchive": 56790,
                    "TextureRecord": 21,
                    "FactionID": 0,
                    "Flags": 0
                },
                {
                    "Position": 0,
                    "XPos": -126,
                    "YPos": -88,
                    "ZPos": -54,
                    "TextureArchive": 210,
                    "TextureRecord": 13,
                    "FactionID": 0,
                    "Flags": 0
                },
                {
                    "Position": 0,
                    "XPos": 10,
                    "YPos": -1,
                    "ZPos": 176,
                    "TextureArchive": 199,
                    "TextureRecord": 11,
                    "FactionID": 0,
                    "Flags": 0
                },
                {
                    "Position": 0,
                    "XPos": -146,
                    "YPos": -1,
                    "ZPos": -66,
                    "TextureArchive": 199,
                    "TextureRecord": 18,
                    "FactionID": 0,
                    "Flags": 0
                },
                {
                    "Position": 0,
                    "XPos": -66,
                    "YPos": -1,
                    "ZPos": 172,
                    "TextureArchive": 199,
                    "TextureRecord": 4,
                    "FactionID": 0,
                    "Flags": 0
                }
            ],
            "BlockSection3Records": [
                {
                    "XPos": -128,
                    "YPos": 0,
                    "ZPos": 192
                },
                {
                    "XPos": 0,
                    "YPos": 0,
                    "ZPos": 192
                },
                {
                    "XPos": 128,
                    "YPos": 0,
                    "ZPos": 192
                },
                {
                    "XPos": -128,
                    "YPos": 0,
                    "ZPos": -64
                },
                {
                    "XPos": -128,
                    "YPos": 0,
                    "ZPos": -192
                }
            ],
            "BlockPeopleRecords": [
                {
                    "Position": 4420,
                    "XPos": -150,
                    "YPos": -1,
                    "ZPos": -118,
                    "TextureArchive": 184,
                    "TextureRecord": 2,
                    "FactionID": 0,
                    "Flags": 0
                }
            ],
            "BlockDoorRecords": [
                {
                    "Position": 0,
                    "XPos": -104,
                    "YPos": -45,
                    "ZPos": -1,
                    "YRotation": -1024,
                    "OpenRotation": 97,
                    "DoorModelIndex": 0
                },
                {
                    "Position": 1,
                    "XPos": -105,
                    "YPos": -45,
                    "ZPos": 127,
                    "YRotation": -1024,
                    "OpenRotation": 97,
                    "DoorModelIndex": 0
                }
            ]
        }
    },
    "AutoMapData": null
}