{
    "FactionId": 0,
    "BuildingType": 18,
    "Quality": 6,
    "NameSeed": 0,
    "RmbSubRecord": {
        "XPos": 2560,
        "ZPos": 256,
        "YRotation": 1024,
        "Exterior": {
            "Header": {
                "Num3dObjectRecords": 1,
                "NumFlatObjectRecords": 0,
                "NumSection3Records": 0,
                "NumPeopleRecords": 0,
                "NumDoorRecords": 0
            },
            "Block3dObjectRecords": [
                {
                    "ModelId": "124",
                    "ModelIdNum": 124,
                    "ObjectType": 4,
                    "XPos": 0,
                    "YPos": 0,
                    "ZPos": 0,
                    "XRotation": 0,
                    "YRotation": 0,
                    "ZRotation": 0
                }
            ],
            "BlockFlatObjectRecords": [],
            "BlockSection3Records": [],
            "BlockPeopleRecords": [],
            "BlockDoorRecords": []
        },
        "Interior": {
            "Header": {
                "Num3dObjectRecords": 17,
                "NumFlatObjectRecords": 8,
                "NumSection3Records": 20,
                "NumPeopleRecords": 1,
                "NumDoorRecords": 0
            },
            "Block3dObjectRecords": [
                {
                    "ModelId": "12402",
                    "ModelIdNum": 12402,
                    "ObjectType": 13,
                    "XPos": -67,
                    "YPos": -63,
                    "ZPos": 64,
                    "XRotation": 0,
                    "YRotation": -512,
                    "ZRotation": 0
                },
                {
                    "ModelId": "3402",
                    "ModelIdNum": 3402,
                    "ObjectType": 13,
                    "XPos": 378,
                    "YPos": -64,
                    "ZPos": -192,
                    "XRotation": 0,
                    "YRotation": 0,
                    "ZRotation": 0
                },
                {
                    "ModelId": "3404",
                    "ModelIdNum": 3404,
                    "ObjectType": 13,
                    "XPos": 320,
                    "YPos": -64,
                    "ZPos": -134,
                    "XRotation": 0,
                    "YRotation": -1536,
                    "ZRotation": 0
                },
                {
                    "ModelId": "3404",
                    "ModelIdNum": 3404,
                    "ObjectType": 13,
                    "XPos": 320,
                    "YPos": -64,
                    "ZPos": -250,
                    "XRotation": 0,
                    "YRotation": -512,
                    "ZRotation": 0
                },
                {
                    "ModelId": "1000",
                    "ModelIdNum": 1000,
                    "ObjectType": 5,
                    "XPos": 320,
                    "YPos": 0,
                    "ZPos": -192,
                    "XRotation": 0,
                    "YRotation": 0,
                    "ZRotation": 0
                },
                {
                    "ModelId": "2000",
                    "ModelIdNum": 2000,
                    "ObjectType": 13,
                    "XPos": 319,
                    "YPos": -128,
                    "ZPos": -192,
                    "XRotation": 0,
                    "YRotation": 0,
                    "ZRotation": 0
                },
                {
                    "ModelId": "3400",
                    "ModelIdNum": 3400,
                    "ObjectType": 13,
                    "XPos": 259,
                    "YPos": -64,
                    "ZPos": -192,
                    "XRotation": 0,
                    "YRotation": -1024,
                    "ZRotation": 0
                },
                {
                    "ModelId": "41000",
                    "ModelIdNum": 41000,
                    "ObjectType": 3,
                    "XPos": -350,
                    "YPos": 1,
                    "ZPos": 156,
                    "XRotation": 0,
                    "YRotation": -1018,
                    "ZRotation": 0
                },
                {
                    "ModelId": "41032",
                    "ModelIdNum": 41032,
                    "ObjectType": 0,
                    "XPos": -374,
                    "YPos": -36,
                    "ZPos": 80,
                    "XRotation": 0,
                    "YRotation": -504,
                    "ZRotation": 0
                },
                {
                    "ModelId": "41108",
                    "ModelIdNum": 41108,
                    "ObjectType": 3,
                    "XPos": 112,
                    "YPos": 0,
                    "ZPos": 128,
                    "XRotation": 0,
                    "YRotation": -500,
                    "ZRotation": 0
                },
                {
                    "ModelId": "41106",
                    "ModelIdNum": 41106,
                    "ObjectType": 3,
                    "XPos": 72,
                    "YPos": 1,
                    "ZPos": 128,
                    "XRotation": 0,
                    "YRotation": -500,
                    "ZRotation": 0
                },
                {
                    "ModelId": "41106",
                    "ModelIdNum": 41106,
                    "ObjectType": 3,
                    "XPos": 152,
                    "YPos": 1,
                    "ZPos": 128,
                    "XRotation": 0,
                    "YRotation": -500,
                    "ZRotation": 0
                },
                {
                    "ModelId": "41124",
                    "ModelIdNum": 41124,
                    "ObjectType": 3,
                    "XPos": 236,
                    "YPos": 1,
                    "ZPos": 224,
                    "XRotation": 0,
                    "YRotation": -1536,
                    "ZRotation": 0
                },
                {
                    "ModelId": "45158",
                    "ModelIdNum": 45158,
                    "ObjectType": 0,
                    "XPos": 14,
                    "YPos": -85,
                    "ZPos": -130,
                    "XRotation": 0,
                    "YRotation": -1392,
                    "ZRotation": 0
                },
                {
                    "ModelId": "41116",
                    "ModelIdNum": 41116,
                    "ObjectType": 3,
                    "XPos": 244,
                    "YPos": 10,
                    "ZPos": 88,
                    "XRotation": 0,
                    "YRotation": -1536,
                    "ZRotation": 0
                },
                {
                    "ModelId": "45076",
                    "ModelIdNum": 45076,
                    "ObjectType": 0,
                    "XPos": 262,
                    "YPos": -34,
                    "ZPos": 88,
                    "ZScale": 0.95432,
                    "XRotation": 0,
                    "YRotation": 0,
                    "ZRotation": 0
                },
                {
                    "ModelId": "45081",
                    "ModelIdNum": 45081,
                    "ObjectType": 0,
                    "XPos": 234,
                    "YPos": -57,
                    "ZPos": 46,
                    "YScale": 0.9581301,
                    "ZScale": 0.9236801,
                    "XRotation": 0,
                    "YRotation": -510,
                    "ZRotation": -510
                },
                {
                    "ModelId": "45081",
                    "ModelIdNum": 45081,
                    "ObjectType": 0,
                    "XPos": 236,
                    "YPos": -50,
                    "ZPos": 49,
                    "XScale": 0.4999999,
                    "YScale": 0.8862748,
                    "XRotation": 0,
                    "YRotation": -512,
                    "ZRotation": -511
                },
                {
                    "ModelId": "45129",
                    "ModelIdNum": 45129,
                    "ObjectType": 0,
                    "XPos": 237,
                    "YPos": -6,
                    "ZPos": 25,
                    "YScale": 1.5,
                    "ZScale": 3.0,
                    "XRotation": 0,
                    "YRotation": -511,
                    "ZRotation": -512
                },
                {
                    "ModelId": "42081",
                    "ModelIdNum": 42081,
                    "ObjectType": 0,
                    "XPos": -352,
                    "YPos": -11,
                    "ZPos": 4,
                    "XRotation": 0,
                    "YRotation": 0,
                    "ZRotation": 0
                },
                {
                    "ModelId": "69450",
                    "ModelIdNum": 69450,
                    "ObjectType": 0,
                    "XPos": -158,
                    "YPos": -63,
                    "ZPos": 76,
                    "XRotation": 0,
                    "YRotation": -1536,
                    "ZRotation": 0
                },
                {
                    "ModelId": "41811",
                    "ModelIdNum": 41811,
                    "ObjectType": 3,
                    "XPos": -176,
                    "YPos": 0,
                    "ZPos": 24,
                    "XRotation": 0,
                    "YRotation": -512,
                    "ZRotation": 0
                },
                {
                    "ModelId": "41113",
                    "ModelIdNum": 41113,
                    "ObjectType": 0,
                    "XPos": -178,
                    "YPos": -14,
                    "ZPos": 118,
                    "XScale": 1.3,
                    "YScale": 1.3,
                    "ZScale": 1.3,
                    "XRotation": 0,
                    "YRotation": -1685,
                    "ZRotation": 0
                },
                {
                    "ModelId": "41019",
                    "ModelIdNum": 41019,
                    "ObjectType": 0,
                    "XPos": -164,
                    "YPos": -38,
                    "ZPos": -240,
                    "XRotation": 0,
                    "YRotation": 0,
                    "ZRotation": 0
                },
                {
                    "ModelId": "41013",
                    "ModelIdNum": 41013,
                    "ObjectType": 0,
                    "XPos": -160,
                    "YPos": -35,
                    "ZPos": 368,
                    "XRotation": 0,
                    "YRotation": 0,
                    "ZRotation": 0
                },
                {
                    "ModelId": "41003",
                    "ModelIdNum": 41003,
                    "ObjectType": 3,
                    "XPos": 232,
                    "YPos": 2,
                    "ZPos": -54,
                    "XRotation": 0,
                    "YRotation": -1536,
                    "ZRotation": 0
                },
                {
                    "ModelId": "69462",
                    "ModelIdNum": 69462,
                    "ObjectType": 0,
                    "XPos": 160,
                    "YPos": -66,
                    "ZPos": 376,
                    "XScale": 1.5,
                    "YScale": 1.5,
                    "ZScale": 1.5,
                    "XRotation": -1536,
                    "YRotation": -1024,
                    "ZRotation": 0
                },
                {
                    "ModelId": "69465",
                    "ModelIdNum": 69465,
                    "ObjectType": 0,
                    "XPos": 242,
                    "YPos": 0,
                    "ZPos": 88,
                    "XScale": 0.23838,
                    "YScale": 0.6,
                    "ZScale": 0.8445,
                    "XRotation": 0,
                    "YRotation": 0,
                    "ZRotation": 0
                },
                {
                    "ModelId": "41815",
                    "ModelIdNum": 41815,
                    "ObjectType": 0,
                    "XPos": -368,
                    "YPos": -6,
                    "ZPos": -54,
                    "XRotation": 0,
                    "YRotation": 0,
                    "ZRotation": 0
                },
                {
                    "ModelId": "41105",
                    "ModelIdNum": 41105,
                    "ObjectType": 0,
                    "XPos": -134,
                    "YPos": -16,
                    "ZPos": 66,
                    "XRotation": 0,
                    "YRotation": -512,
                    "ZRotation": 0
                },
                {
                    "ModelId": "41810",
                    "ModelIdNum": 41810,
                    "ObjectType": 0,
                    "XPos": -6,
                    "YPos": -68,
                    "ZPos": -126,
                    "XRotation": 0,
                    "YRotation": -1388,
                    "ZRotation": 0
                },
                {
                    "ModelId": "41810",
                    "ModelIdNum": 41810,
                    "ObjectType": 3,
                    "XPos": 14,
                    "YPos": 51,
                    "ZPos": -170,
                    "XRotation": 0,
                    "YRotation": -1388,
                    "ZRotation": 0
                }
            ],
            "BlockFlatObjectRecords": [
                {
                    "Position": 0,
                    "XPos": -318,
                    "YPos": 0,
                    "ZPos": 84,
                    "TextureArchive": 199,
                    "TextureRecord": 20,
                    "FactionID": 0,
                    "Flags": 17
                },
                {
                    "Position": 0,
                    "XPos": 112,
                    "YPos": 0,
                    "ZPos": 32,
                    "TextureArchive": 199,
                    "TextureRecord": 20,
                    "FactionID": 0,
                    "Flags": 17
                },
                {
                    "Position": 0,
                    "XPos": -56,
                    "YPos": 0,
                    "ZPos": -176,
                    "TextureArchive": 199,
                    "TextureRecord": 20,
                    "FactionID": 0,
                    "Flags": 17
                },
                {
                    "Position": 0,
                    "XPos": 120,
                    "YPos": 0,
                    "ZPos": 216,
                    "TextureArchive": 199,
                    "TextureRecord": 20,
                    "FactionID": 0,
                    "Flags": 17
                },
                {
                    "Position": 0,
                    "XPos": -262,
                    "YPos": -80,
                    "ZPos": 64,
                    "TextureArchive": 210,
                    "TextureRecord": 13,
                    "FactionID": -32752,
                    "Flags": 17
                },
                {
                    "Position": 0,
                    "XPos": 122,
                    "YPos": -80,
                    "ZPos": 222,
                    "TextureArchive": 210,
                    "TextureRecord": 13,
                    "FactionID": -32752,
                    "Flags": 17
                },
                {
                    "Position": 0,
                    "XPos": 122,
                    "YPos": -80,
                    "ZPos": -92,
                    "TextureArchive": 210,
                    "TextureRecord": 13,
                    "FactionID": -32752,
                    "Flags": 17
                },
                {
                    "Position": 0,
                    "XPos": 320,
                    "YPos": 0,
                    "ZPos": -192,
                    "TextureArchive": 199,
                    "TextureRecord": 8,
                    "FactionID": 0,
                    "Flags": 0
                },
                {
                    "Position": 0,
                    "XPos": 105,
                    "YPos": -31,
                    "ZPos": 114,
                    "TextureArchive": 10021,
                    "TextureRecord": 10,
                    "FactionID": 0,
                    "Flags": 0
                },
                {
                    "Position": 0,
                    "XPos": 112,
                    "YPos": -26,
                    "ZPos": 140,
                    "TextureArchive": 10021,
                    "TextureRecord": 14,
                    "FactionID": 0,
                    "Flags": 0
                },
                {
                    "Position": 0,
                    "XPos": -349,
                    "YPos": -1,
                    "ZPos": -221,
                    "TextureArchive": 10025,
                    "TextureRecord": 1,
                    "FactionID": 0,
                    "Flags": 0
                },
                {
                    "Position": 0,
                    "XPos": -308,
                    "YPos": -1,
                    "ZPos": -185,
                    "TextureArchive": 204,
                    "TextureRecord": 0,
                    "FactionID": 0,
                    "Flags": 0
                },
                {
                    "Position": 0,
                    "XPos": -355,
                    "YPos": 1,
                    "ZPos": 348,
                    "TextureArchive": 10025,
                    "TextureRecord": 3,
                    "FactionID": 0,
                    "Flags": 0
                },
                {
                    "Position": 0,
                    "XPos": -254,
                    "YPos": -1,
                    "ZPos": -94,
                    "TextureArchive": 199,
                    "TextureRecord": 11,
                    "FactionID": 0,
                    "Flags": 0
                },
                {
                    "Position": 0,
                    "XPos": 166,
                    "YPos": -1,
                    "ZPos": 314,
                    "TextureArchive": 199,
                    "TextureRecord": 18,
                    "FactionID": 0,
                    "Flags": 0
                },
                {
                    "Position": 0,
                    "XPos": -254,
                    "YPos": -1,
                    "ZPos": 202,
                    "TextureArchive": 199,
                    "TextureRecord": 4,
                    "FactionID": 0,
                    "Flags": 0
                }
            ],
            "BlockSection3Records": [
                {
                    "XPos": -64,
                    "YPos": 0,
                    "ZPos": 192
                },
                {
                    "XPos": 64,
                    "YPos": 0,
                    "ZPos": 192
                },
                {
                    "XPos": 192,
                    "YPos": 0,
                    "ZPos": 192
                },
                {
                    "XPos": 192,
                    "YPos": 0,
                    "ZPos": 64
                },
                {
                    "XPos": 64,
                    "YPos": 0,
                    "ZPos": 64
                },
                {
                    "XPos": -64,
                    "YPos": 0,
                    "ZPos": 64
                },
                {
                    "XPos": -64,
                    "YPos": 0,
                    "ZPos": -64
                },
                {
                    "XPos": 64,
                    "YPos": 0,
                    "ZPos": -64
                },
                {
                    "XPos": 192,
                    "YPos": 0,
                    "ZPos": -64
                },
                {
                    "XPos": 192,
                    "YPos": 0,
                    "ZPos": -192
                },
                {
                    "XPos": 64,
                    "YPos": 0,
                    "ZPos": -192
                },
                {
                    "XPos": -64,
                    "YPos": 0,
                    "ZPos": -192
                },
                {
                    "XPos": -320,
                    "YPos": 0,
                    "ZPos": 192
                },
                {
                    "XPos": -192,
                    "YPos": 0,
                    "ZPos": 192
                },
                {
                    "XPos": -320,
                    "YPos": 0,
                    "ZPos": 64
                },
                {
                    "XPos": -192,
                    "YPos": 0,
                    "ZPos": 64
                },
                {
                    "XPos": -320,
                    "YPos": 0,
                    "ZPos": -64
                },
                {
                    "XPos": -192,
                    "YPos": 0,
                    "ZPos": -64
                },
                {
                    "XPos": -320,
                    "YPos": 0,
                    "ZPos": -192
                },
                {
                    "XPos": -192,
                    "YPos": 0,
                    "ZPos": -192
                }
            ],
            "BlockPeopleRecords": [
                {
                    "Position": 3846,
                    "XPos": 44,
                    "YPos": -2,
                    "ZPos": 6,
                    "TextureArchive": 184,
                    "TextureRecord": 7,
                    "FactionID": 0,
                    "Flags": 33
                },
                {
                    "Position": 3847,
                    "XPos": -294,
                    "YPos": -3,
                    "ZPos": 260,
                    "TextureArchive": 184,
                    "TextureRecord": 23,
                    "FactionID": 0,
                    "Flags": 0
                }
            ],
            "BlockDoorRecords": []
        }
    },
    "AutoMapData": null
}