{
    "FactionId": 0,
    "BuildingType": 18,
    "Quality": 10,
    "NameSeed": 0,
    "RmbSubRecord": {
        "XPos": 3584,
        "ZPos": 448,
        "YRotation": 1536,
        "Exterior": {
            "Header": {
                "Num3dObjectRecords": 1,
                "NumFlatObjectRecords": 0,
                "NumSection3Records": 0,
                "NumPeopleRecords": 0,
                "NumDoorRecords": 0
            },
            "Block3dObjectRecords": [
                {
                    "ModelId": "204",
                    "ModelIdNum": 204,
                    "ObjectType": 4,
                    "XPos": 32,
                    "YPos": 0,
                    "ZPos": -32,
                    "XRotation": 0,
                    "YRotation": 0,
                    "ZRotation": 0
                }
            ],
            "BlockFlatObjectRecords": [],
            "BlockSection3Records": [],
            "BlockPeopleRecords": [],
            "BlockDoorRecords": []
        },
        "Interior": {
            "Header": {
                "Num3dObjectRecords": 23,
                "NumFlatObjectRecords": 15,
                "NumSection3Records": 27,
                "NumPeopleRecords": 1,
                "NumDoorRecords": 5
            },
            "Block3dObjectRecords": [
                {
                    "ModelId": "31429",
                    "ModelIdNum": 31429,
                    "ObjectType": 13,
                    "XPos": -64,
                    "YPos": -63,
                    "ZPos": -128,
                    "XRotation": 0,
                    "YRotation": -512,
                    "ZRotation": 0
                },
                {
                    "ModelId": "31424",
                    "ModelIdNum": 31424,
                    "ObjectType": 13,
                    "XPos": -64,
                    "YPos": -63,
                    "ZPos": -3,
                    "XRotation": 0,
                    "YRotation": -1536,
                    "ZRotation": 0
                },
                {
                    "ModelId": "31400",
                    "ModelIdNum": 31400,
                    "ObjectType": 13,
                    "XPos": 64,
                    "YPos": -63,
                    "ZPos": 0,
                    "XRotation": 0,
                    "YRotation": -512,
                    "ZRotation": 0
                },
                {
                    "ModelId": "41050",
                    "ModelIdNum": 41050,
                    "ObjectType": 3,
                    "XPos": -230,
                    "YPos": 0,
                    "ZPos": -104,
                    "ZScale": 1.5,
                    "XRotation": 0,
                    "YRotation": -511,
                    "ZRotation": 0
                },
                {
                    "ModelId": "41108",
                    "ModelIdNum": 41108,
                    "ObjectType": 3,
                    "XPos": 2,
                    "YPos": 2,
                    "ZPos": 256,
                    "XRotation": 0,
                    "YRotation": -1536,
                    "ZRotation": 0
                },
                {
                    "ModelId": "41113",
                    "ModelIdNum": 41113,
                    "ObjectType": 3,
                    "XPos": -180,
                    "YPos": 2,
                    "ZPos": 120,
                    "XRotation": 0,
                    "YRotation": -1598,
                    "ZRotation": 0
                },
                {
                    "ModelId": "41409",
                    "ModelIdNum": 41409,
                    "ObjectType": 3,
                    "XPos": -184,
                    "YPos": 2,
                    "ZPos": -216,
                    "XRotation": 0,
                    "YRotation": -1018,
                    "ZRotation": 0
                },
                {
                    "ModelId": "3418",
                    "ModelIdNum": 3418,
                    "ObjectType": 13,
                    "XPos": -255,
                    "YPos": -63,
                    "ZPos": 146,
                    "XRotation": 0,
                    "YRotation": -1024,
                    "ZRotation": 0
                },
                {
                    "ModelId": "41817",
                    "ModelIdNum": 41817,
                    "ObjectType": 0,
                    "XPos": 114,
                    "YPos": -139,
                    "ZPos": 47,
                    "XRotation": 0,
                    "YRotation": 0,
                    "ZRotation": 0
                },
                {
                    "ModelId": "41822",
                    "ModelIdNum": 41822,
                    "ObjectType": 3,
                    "XPos": 140,
                    "YPos": 130,
                    "ZPos": 99,
                    "XRotation": 0,
                    "YRotation": 0,
                    "ZRotation": 0
                },
                {
                    "ModelId": "41832",
                    "ModelIdNum": 41832,
                    "ObjectType": 0,
                    "XPos": 161,
                    "YPos": -156,
                    "ZPos": 47,
                    "XRotation": 0,
                    "YRotation": 0,
                    "ZRotation": 0
                },
                {
                    "ModelId": "3418",
                    "ModelIdNum": 3418,
                    "ObjectType": 13,
                    "XPos": -66,
                    "YPos": -63,
                    "ZPos": -308,
                    "ZScale": 1.040065,
                    "XRotation": 0,
                    "YRotation": -511,
                    "ZRotation": 0
                },
                {
                    "ModelId": "3416",
                    "ModelIdNum": 3416,
                    "ObjectType": 13,
                    "XPos": -66,
                    "YPos": 1,
                    "ZPos": -248,
                    "ZScale": 1.010152,
                    "XRotation": 0,
                    "YRotation": -11,
                    "ZRotation": 0
                },
                {
                    "ModelId": "3406",
                    "ModelIdNum": 3406,
                    "ObjectType": 13,
                    "XPos": 189,
                    "YPos": 1,
                    "ZPos": 242,
                    "ZScale": 0.9214204,
                    "XRotation": 0,
                    "YRotation": 0,
                    "ZRotation": 0
                },
                {
                    "ModelId": "3418",
                    "ModelIdNum": 3418,
                    "ObjectType": 13,
                    "XPos": -30,
                    "YPos": -63,
                    "ZPos": 312,
                    "XRotation": 0,
                    "YRotation": -1536,
                    "ZRotation": 0
                },
                {
                    "ModelId": "3430",
                    "ModelIdNum": 3430,
                    "ObjectType": 13,
                    "XPos": -194,
                    "YPos": -63,
                    "ZPos": 299,
                    "ZScale": 1.066795,
                    "XRotation": 0,
                    "YRotation": -1536,
                    "ZRotation": 0
                },
                {
                    "ModelId": "3400",
                    "ModelIdNum": 3400,
                    "ObjectType": 13,
                    "XPos": -193,
                    "YPos": -63,
                    "ZPos": -66,
                    "XRotation": 0,
                    "YRotation": -512,
                    "ZRotation": 0
                },
                {
                    "ModelId": "1403",
                    "ModelIdNum": 1403,
                    "ObjectType": 13,
                    "XPos": -192,
                    "YPos": 0,
                    "ZPos": 240,
                    "ZScale": 0.9503804,
                    "XRotation": 0,
                    "YRotation": -1024,
                    "ZRotation": 0
                },
                {
                    "ModelId": "4406",
                    "ModelIdNum": 4406,
                    "ObjectType": 13,
                    "XPos": -131,
                    "YPos": -63,
                    "ZPos": -63,
                    "XScale": 0.658467,
                    "XRotation": 0,
                    "YRotation": -1029,
                    "ZRotation": 0
                },
                {
                    "ModelId": "3430",
                    "ModelIdNum": 3430,
                    "ObjectType": 13,
                    "XPos": -133,
                    "YPos": -63,
                    "ZPos": 131,
                    "ZScale": 1.126652,
                    "XRotation": 0,
                    "YRotation": 0,
                    "ZRotation": 0
                },
                {
                    "ModelId": "4400",
                    "ModelIdNum": 4400,
                    "ObjectType": 13,
                    "XPos": -134,
                    "YPos": -63,
                    "ZPos": 195,
                    "XScale": 0.6584631,
                    "XRotation": 0,
                    "YRotation": -511,
                    "ZRotation": 0
                },
                {
                    "ModelId": "4402",
                    "ModelIdNum": 4402,
                    "ObjectType": 13,
                    "XPos": -199,
                    "YPos": 1,
                    "ZPos": 13,
                    "XScale": 0.7881472,
                    "XRotation": 0,
                    "YRotation": -511,
                    "ZRotation": 0
                },
                {
                    "ModelId": "4400",
                    "ModelIdNum": 4400,
                    "ObjectType": 13,
                    "XPos": -128,
                    "YPos": -63,
                    "ZPos": 57,
                    "XScale": 0.7312563,
                    "XRotation": 0,
                    "YRotation": 0,
                    "ZRotation": 0
                },
                {
                    "ModelId": "2403",
                    "ModelIdNum": 2403,
                    "ObjectType": 13,
                    "XPos": -192,
                    "YPos": 2,
                    "ZPos": -130,
                    "XRotation": 0,
                    "YRotation": 0,
                    "ZRotation": 0
                },
                {
                    "ModelId": "1402",
                    "ModelIdNum": 1402,
                    "ObjectType": 13,
                    "XPos": 188,
                    "YPos": 0,
                    "ZPos": 249,
                    "XScale": 0.9470165,
                    "ZScale": 0.9075845,
                    "XRotation": 0,
                    "YRotation": -1024,
                    "ZRotation": 0
                },
                {
                    "ModelId": "3400",
                    "ModelIdNum": 3400,
                    "ObjectType": 13,
                    "XPos": 191,
                    "YPos": -64,
                    "ZPos": 190,
                    "XRotation": 0,
                    "YRotation": -1536,
                    "ZRotation": 0
                },
                {
                    "ModelId": "3430",
                    "ModelIdNum": 3430,
                    "ObjectType": 13,
                    "XPos": 191,
                    "YPos": -63,
                    "ZPos": -34,
                    "ZScale": 1.0145,
                    "XRotation": 0,
                    "YRotation": -511,
                    "ZRotation": 0
                },
                {
                    "ModelId": "2402",
                    "ModelIdNum": 2402,
                    "ObjectType": 13,
                    "XPos": 189,
                    "YPos": 2,
                    "ZPos": 1,
                    "XRotation": 0,
                    "YRotation": 0,
                    "ZRotation": 0
                },
                {
                    "ModelId": "3400",
                    "ModelIdNum": 3400,
                    "ObjectType": 13,
                    "XPos": 126,
                    "YPos": -63,
                    "ZPos": 121,
                    "XRotation": 0,
                    "YRotation": -1024,
                    "ZRotation": 0
                },
                {
                    "ModelId": "4404",
                    "ModelIdNum": 4404,
                    "ObjectType": 13,
                    "XPos": 186,
                    "YPos": 1,
                    "ZPos": 113,
                    "XScale": 0.7812743,
                    "XRotation": 0,
                    "YRotation": -1536,
                    "ZRotation": 0
                },
                {
                    "ModelId": "4404",
                    "ModelIdNum": 4404,
                    "ObjectType": 13,
                    "XPos": 186,
                    "YPos": 1,
                    "ZPos": 233,
                    "XScale": 0.7812743,
                    "XRotation": 0,
                    "YRotation": -1536,
                    "ZRotation": 0
                },
                {
                    "ModelId": "1407",
                    "ModelIdNum": 1407,
                    "ObjectType": 13,
                    "XPos": 62,
                    "YPos": 1,
                    "ZPos": 255,
                    "XScale": 1.076735,
                    "ZScale": 0.9503804,
                    "XRotation": 0,
                    "YRotation": -1024,
                    "ZRotation": 0
                },
                {
                    "ModelId": "3400",
                    "ModelIdNum": 3400,
                    "ObjectType": 13,
                    "XPos": -132,
                    "YPos": -63,
                    "ZPos": 256,
                    "XRotation": 0,
                    "YRotation": -1024,
                    "ZRotation": 0
                },
                {
                    "ModelId": "3400",
                    "ModelIdNum": 3400,
                    "ObjectType": 13,
                    "XPos": 124,
                    "YPos": -63,
                    "ZPos": 121,
                    "XRotation": 0,
                    "YRotation": 0,
                    "ZRotation": 0
                },
                {
                    "ModelId": "3400",
                    "ModelIdNum": 3400,
                    "ObjectType": 13,
                    "XPos": -129,
                    "YPos": -63,
                    "ZPos": 256,
                    "XRotation": 0,
                    "YRotation": 0,
                    "ZRotation": 0
                },
                {
                    "ModelId": "3405",
                    "ModelIdNum": 3405,
                    "ObjectType": 13,
                    "XPos": 0,
                    "YPos": -63,
                    "ZPos": 74,
                    "XRotation": 0,
                    "YRotation": -512,
                    "ZRotation": 0
                },
                {
                    "ModelId": "3404",
                    "ModelIdNum": 3404,
                    "ObjectType": 13,
                    "XPos": -129,
                    "YPos": -63,
                    "ZPos": 139,
                    "ZScale": 1.0126,
                    "XRotation": 0,
                    "YRotation": -1024,
                    "ZRotation": 0
                },
                {
                    "ModelId": "4406",
                    "ModelIdNum": 4406,
                    "ObjectType": 13,
                    "XPos": -123,
                    "YPos": -63,
                    "ZPos": 78,
                    "XScale": 0.7497218,
                    "XRotation": 0,
                    "YRotation": -1536,
                    "ZRotation": 0
                },
                {
                    "ModelId": "2407",
                    "ModelIdNum": 2407,
                    "ObjectType": 13,
                    "XPos": -68,
                    "YPos": 6,
                    "ZPos": 133,
                    "XRotation": 0,
                    "YRotation": 0,
                    "ZRotation": 0
                },
                {
                    "ModelId": "3400",
                    "ModelIdNum": 3400,
                    "ObjectType": 13,
                    "XPos": -127,
                    "YPos": -63,
                    "ZPos": -256,
                    "XRotation": 0,
                    "YRotation": -1024,
                    "ZRotation": 0
                },
                {
                    "ModelId": "1400",
                    "ModelIdNum": 1400,
                    "ObjectType": 13,
                    "XPos": -66,
                    "YPos": 0,
                    "ZPos": -251,
                    "XScale": 0.9174094,
                    "ZScale": 0.9697266,
                    "XRotation": 0,
                    "YRotation": -1536,
                    "ZRotation": 0
                },
                {
                    "ModelId": "3400",
                    "ModelIdNum": 3400,
                    "ObjectType": 13,
                    "XPos": -193,
                    "YPos": -63,
                    "ZPos": -72,
                    "XRotation": 0,
                    "YRotation": -1536,
                    "ZRotation": 0
                },
                {
                    "ModelId": "3430",
                    "ModelIdNum": 3430,
                    "ObjectType": 13,
                    "XPos": -134,
                    "YPos": -63,
                    "ZPos": -134,
                    "ZScale": 1.126652,
                    "XRotation": 0,
                    "YRotation": 0,
                    "ZRotation": 0
                },
                {
                    "ModelId": "3430",
                    "ModelIdNum": 3430,
                    "ObjectType": 13,
                    "XPos": -198,
                    "YPos": -63,
                    "ZPos": -185,
                    "ZScale": 1.126652,
                    "XRotation": 0,
                    "YRotation": -511,
                    "ZRotation": 0
                },
                {
                    "ModelId": "3430",
                    "ModelIdNum": 3430,
                    "ObjectType": 13,
                    "XPos": -190,
                    "YPos": -63,
                    "ZPos": -205,
                    "ZScale": 1.126652,
                    "XRotation": 0,
                    "YRotation": -1536,
                    "ZRotation": 0
                },
                {
                    "ModelId": "4404",
                    "ModelIdNum": 4404,
                    "ObjectType": 13,
                    "XPos": -66,
                    "YPos": 1,
                    "ZPos": -154,
                    "XScale": 0.6584638,
                    "XRotation": 0,
                    "YRotation": -1541,
                    "ZRotation": 0
                },
                {
                    "ModelId": "3417",
                    "ModelIdNum": 3417,
                    "ObjectType": 13,
                    "XPos": -197,
                    "YPos": 1,
                    "ZPos": 30,
                    "XRotation": 0,
                    "YRotation": -1024,
                    "ZRotation": 0
                },
                {
                    "ModelId": "3417",
                    "ModelIdNum": 3417,
                    "ObjectType": 13,
                    "XPos": -197,
                    "YPos": 1,
                    "ZPos": -137,
                    "XRotation": 0,
                    "YRotation": -1024,
                    "ZRotation": 0
                },
                {
                    "ModelId": "3430",
                    "ModelIdNum": 3430,
                    "ObjectType": 13,
                    "XPos": -255,
                    "YPos": -63,
                    "ZPos": 262,
                    "XRotation": 0,
                    "YRotation": -1024,
                    "ZRotation": 0
                },
                {
                    "ModelId": "3430",
                    "ModelIdNum": 3430,
                    "ObjectType": 13,
                    "XPos": -256,
                    "YPos": -63,
                    "ZPos": -24,
                    "ZScale": 0.93456,
                    "XRotation": 0,
                    "YRotation": -1024,
                    "ZRotation": 0
                },
                {
                    "ModelId": "4406",
                    "ModelIdNum": 4406,
                    "ObjectType": 13,
                    "XPos": -250,
                    "YPos": -63,
                    "ZPos": -64,
                    "XScale": 0.6584598,
                    "XRotation": 0,
                    "YRotation": -1536,
                    "ZRotation": 0
                },
                {
                    "ModelId": "2400",
                    "ModelIdNum": 2400,
                    "ObjectType": 13,
                    "XPos": -65,
                    "YPos": 2,
                    "ZPos": -255,
                    "XRotation": 0,
                    "YRotation": 0,
                    "ZRotation": 0
                },
                {
                    "ModelId": "4402",
                    "ModelIdNum": 4402,
                    "ObjectType": 13,
                    "XPos": -204,
                    "YPos": 1,
                    "ZPos": -137,
                    "XScale": 0.73126,
                    "XRotation": 0,
                    "YRotation": 0,
                    "ZRotation": 0
                },
                {
                    "ModelId": "3416",
                    "ModelIdNum": 3416,
                    "ObjectType": 13,
                    "XPos": 86,
                    "YPos": 1,
                    "ZPos": 254,
                    "XRotation": 0,
                    "YRotation": -1536,
                    "ZRotation": 0
                },
                {
                    "ModelId": "4402",
                    "ModelIdNum": 4402,
                    "ObjectType": 13,
                    "XPos": 63,
                    "YPos": 1,
                    "ZPos": 29,
                    "XScale": 1.039122,
                    "XRotation": 0,
                    "YRotation": -1029,
                    "ZRotation": 0
                },
                {
                    "ModelId": "4402",
                    "ModelIdNum": 4402,
                    "ObjectType": 13,
                    "XPos": 57,
                    "YPos": 1,
                    "ZPos": -111,
                    "XScale": 1.039122,
                    "XRotation": 0,
                    "YRotation": -511,
                    "ZRotation": 0
                },
                {
                    "ModelId": "4400",
                    "ModelIdNum": 4400,
                    "ObjectType": 13,
                    "XPos": 119,
                    "YPos": -63,
                    "ZPos": -52,
                    "XScale": 1.039122,
                    "XRotation": 0,
                    "YRotation": -511,
                    "ZRotation": 0
                },
                {
                    "ModelId": "3400",
                    "ModelIdNum": 3400,
                    "ObjectType": 13,
                    "XPos": 191,
                    "YPos": -64,
                    "ZPos": 190,
                    "XRotation": 0,
                    "YRotation": -512,
                    "ZRotation": 0
                },
                {
                    "ModelId": "4402",
                    "ModelIdNum": 4402,
                    "ObjectType": 13,
                    "XPos": -64,
                    "YPos": 1,
                    "ZPos": -6,
                    "XScale": 1.039122,
                    "XRotation": 0,
                    "YRotation": 0,
                    "ZRotation": 0
                },
                {
                    "ModelId": "3430",
                    "ModelIdNum": 3430,
                    "ObjectType": 13,
                    "XPos": 190,
                    "YPos": -63,
                    "ZPos": 294,
                    "XRotation": 0,
                    "YRotation": -1536,
                    "ZRotation": 0
                },
                {
                    "ModelId": "3430",
                    "ModelIdNum": 3430,
                    "ObjectType": 13,
                    "XPos": 134,
                    "YPos": -63,
                    "ZPos": 244,
                    "ZScale": 0.8890159,
                    "XRotation": 0,
                    "YRotation": -1024,
                    "ZRotation": 0
                },
                {
                    "ModelId": "3430",
                    "ModelIdNum": 3430,
                    "ObjectType": 13,
                    "XPos": -142,
                    "YPos": -63,
                    "ZPos": 312,
                    "ZScale": 0.9345598,
                    "XRotation": 0,
                    "YRotation": -1536,
                    "ZRotation": 0
                },
                {
                    "ModelId": "29405",
                    "ModelIdNum": 29405,
                    "ObjectType": 13,
                    "XPos": 0,
                    "YPos": -159,
                    "ZPos": 0,
                    "XRotation": 0,
                    "YRotation": -1024,
                    "ZRotation": 0
                },
                {
                    "ModelId": "45110",
                    "ModelIdNum": 45110,
                    "ObjectType": 0,
                    "XPos": -98,
                    "YPos": -225,
                    "ZPos": -74,
                    "YScale": 0.9447299,
                    "XRotation": 0,
                    "YRotation": -1024,
                    "ZRotation": -170
                },
                {
                    "ModelId": "45110",
                    "ModelIdNum": 45110,
                    "ObjectType": 0,
                    "XPos": -98,
                    "YPos": -219,
                    "ZPos": -74,
                    "YScale": 1.51672,
                    "ZScale": 1.2,
                    "XRotation": 0,
                    "YRotation": 0,
                    "ZRotation": -84
                },
                {
                    "ModelId": "45110",
                    "ModelIdNum": 45110,
                    "ObjectType": 0,
                    "XPos": -34,
                    "YPos": -221,
                    "ZPos": 1,
                    "YScale": 2.999057,
                    "ZScale": 1.3,
                    "XRotation": 0,
                    "YRotation": -512,
                    "ZRotation": -512
                },
                {
                    "ModelId": "45110",
                    "ModelIdNum": 45110,
                    "ObjectType": 0,
                    "XPos": -34,
                    "YPos": -221,
                    "ZPos": 104,
                    "YScale": 1.06119,
                    "XRotation": 0,
                    "YRotation": -1536,
                    "ZRotation": -170
                },
                {
                    "ModelId": "45110",
                    "ModelIdNum": 45110,
                    "ObjectType": 0,
                    "XPos": -34,
                    "YPos": -225,
                    "ZPos": 150,
                    "YScale": 0.94473,
                    "XRotation": 0,
                    "YRotation": -511,
                    "ZRotation": -170
                },
                {
                    "ModelId": "45110",
                    "ModelIdNum": 45110,
                    "ObjectType": 0,
                    "XPos": -34,
                    "YPos": -225,
                    "ZPos": 104,
                    "YScale": 1.14999,
                    "ZScale": 1.1,
                    "XRotation": 0,
                    "YRotation": -512,
                    "ZRotation": -84
                },
                {
                    "ModelId": "45110",
                    "ModelIdNum": 45110,
                    "ObjectType": 0,
                    "XPos": -34,
                    "YPos": -219,
                    "ZPos": 152,
                    "YScale": 1.20399,
                    "ZScale": 1.2,
                    "XRotation": -2041,
                    "YRotation": -1536,
                    "ZRotation": -82
                },
                {
                    "ModelId": "45110",
                    "ModelIdNum": 45110,
                    "ObjectType": 0,
                    "XPos": -12,
                    "YPos": -221,
                    "ZPos": -74,
                    "YScale": 2.683,
                    "ZScale": 1.3,
                    "XRotation": 0,
                    "YRotation": 0,
                    "ZRotation": -511
                },
                {
                    "ModelId": "45110",
                    "ModelIdNum": 45110,
                    "ObjectType": 0,
                    "XPos": -12,
                    "YPos": -221,
                    "ZPos": -192,
                    "YScale": 2.683,
                    "ZScale": 1.3,
                    "XRotation": 0,
                    "YRotation": 0,
                    "ZRotation": -511
                },
                {
                    "ModelId": "45110",
                    "ModelIdNum": 45110,
                    "ObjectType": 0,
                    "XPos": -154,
                    "YPos": -219,
                    "ZPos": -74,
                    "YScale": 1.11605,
                    "ZScale": 1.2,
                    "XRotation": 0,
                    "YRotation": 0,
                    "ZRotation": -169
                },
                {
                    "ModelId": "45110",
                    "ModelIdNum": 45110,
                    "ObjectType": 0,
                    "XPos": -156,
                    "YPos": -225,
                    "ZPos": -74,
                    "YScale": 1.39692,
                    "XRotation": 0,
                    "YRotation": -1024,
                    "ZRotation": -85
                },
                {
                    "ModelId": "45110",
                    "ModelIdNum": 45110,
                    "ObjectType": 0,
                    "XPos": -96,
                    "YPos": -225,
                    "ZPos": -192,
                    "YScale": 0.9447299,
                    "XRotation": 0,
                    "YRotation": -1024,
                    "ZRotation": -170
                },
                {
                    "ModelId": "45110",
                    "ModelIdNum": 45110,
                    "ObjectType": 0,
                    "XPos": -96,
                    "YPos": -219,
                    "ZPos": -192,
                    "YScale": 1.51672,
                    "ZScale": 1.2,
                    "XRotation": 0,
                    "YRotation": 0,
                    "ZRotation": -84
                },
                {
                    "ModelId": "45110",
                    "ModelIdNum": 45110,
                    "ObjectType": 0,
                    "XPos": -152,
                    "YPos": -219,
                    "ZPos": -192,
                    "YScale": 1.11605,
                    "ZScale": 1.2,
                    "XRotation": 0,
                    "YRotation": 0,
                    "ZRotation": -169
                },
                {
                    "ModelId": "45110",
                    "ModelIdNum": 45110,
                    "ObjectType": 0,
                    "XPos": -154,
                    "YPos": -225,
                    "ZPos": -192,
                    "YScale": 1.39692,
                    "XRotation": 0,
                    "YRotation": -1024,
                    "ZRotation": -85
                },
                {
                    "ModelId": "45110",
                    "ModelIdNum": 45110,
                    "ObjectType": 0,
                    "XPos": -29,
                    "YPos": -221,
                    "ZPos": 28,
                    "YScale": 2.46914,
                    "ZScale": 1.3,
                    "XRotation": 0,
                    "YRotation": 0,
                    "ZRotation": -511
                },
                {
                    "ModelId": "45110",
                    "ModelIdNum": 45110,
                    "ObjectType": 0,
                    "XPos": -28,
                    "YPos": -221,
                    "ZPos": 126,
                    "XScale": 0.9058899,
                    "YScale": 2.46914,
                    "ZScale": 1.3,
                    "XRotation": 0,
                    "YRotation": 0,
                    "ZRotation": -511
                },
                {
                    "ModelId": "45110",
                    "ModelIdNum": 45110,
                    "ObjectType": 0,
                    "XPos": -128,
                    "YPos": -127,
                    "ZPos": 126,
                    "YScale": 2.41545,
                    "XRotation": 0,
                    "YRotation": 0,
                    "ZRotation": 0
                },
                {
                    "ModelId": "45110",
                    "ModelIdNum": 45110,
                    "ObjectType": 0,
                    "XPos": -128,
                    "YPos": -221,
                    "ZPos": 20,
                    "XScale": 0.8696786,
                    "YScale": 2.327179,
                    "ZScale": 1.3,
                    "XRotation": 0,
                    "YRotation": -512,
                    "ZRotation": -511
                },
                {
                    "ModelId": "45110",
                    "ModelIdNum": 45110,
                    "ObjectType": 0,
                    "XPos": -98,
                    "YPos": -225,
                    "ZPos": 28,
                    "YScale": 0.9447299,
                    "XRotation": 0,
                    "YRotation": -1024,
                    "ZRotation": -170
                },
                {
                    "ModelId": "45110",
                    "ModelIdNum": 45110,
                    "ObjectType": 0,
                    "XPos": -98,
                    "YPos": -219,
                    "ZPos": 28,
                    "YScale": 1.51672,
                    "ZScale": 1.2,
                    "XRotation": 0,
                    "YRotation": 0,
                    "ZRotation": -84
                },
                {
                    "ModelId": "45110",
                    "ModelIdNum": 45110,
                    "ObjectType": 0,
                    "XPos": -154,
                    "YPos": -219,
                    "ZPos": 28,
                    "YScale": 1.11605,
                    "ZScale": 1.2,
                    "XRotation": 0,
                    "YRotation": 0,
                    "ZRotation": -169
                },
                {
                    "ModelId": "45110",
                    "ModelIdNum": 45110,
                    "ObjectType": 0,
                    "XPos": -156,
                    "YPos": -225,
                    "ZPos": 28,
                    "YScale": 1.39692,
                    "XRotation": 0,
                    "YRotation": -1024,
                    "ZRotation": -85
                },
                {
                    "ModelId": "45110",
                    "ModelIdNum": 45110,
                    "ObjectType": 0,
                    "XPos": -34,
                    "YPos": -128,
                    "ZPos": 30,
                    "YScale": 1.133997,
                    "XRotation": 0,
                    "YRotation": 0,
                    "ZRotation": 0
                },
                {
                    "ModelId": "45110",
                    "ModelIdNum": 45110,
                    "ObjectType": 0,
                    "XPos": -218,
                    "YPos": -128,
                    "ZPos": 28,
                    "YScale": 1.133997,
                    "XRotation": 0,
                    "YRotation": 0,
                    "ZRotation": 0
                },
                {
                    "ModelId": "45110",
                    "ModelIdNum": 45110,
                    "ObjectType": 0,
                    "XPos": -30,
                    "YPos": -128,
                    "ZPos": 222,
                    "YScale": 1.133997,
                    "XRotation": 0,
                    "YRotation": 0,
                    "ZRotation": 0
                },
                {
                    "ModelId": "45110",
                    "ModelIdNum": 45110,
                    "ObjectType": 0,
                    "XPos": 64,
                    "YPos": -221,
                    "ZPos": 5,
                    "YScale": 2.883688,
                    "ZScale": 1.3,
                    "XRotation": 0,
                    "YRotation": -512,
                    "ZRotation": -512
                },
                {
                    "ModelId": "45110",
                    "ModelIdNum": 45110,
                    "ObjectType": 0,
                    "XPos": 64,
                    "YPos": -221,
                    "ZPos": 106,
                    "YScale": 1.06119,
                    "XRotation": 0,
                    "YRotation": -1536,
                    "ZRotation": -170
                },
                {
                    "ModelId": "45110",
                    "ModelIdNum": 45110,
                    "ObjectType": 0,
                    "XPos": 64,
                    "YPos": -225,
                    "ZPos": 150,
                    "YScale": 0.94473,
                    "XRotation": 0,
                    "YRotation": -511,
                    "ZRotation": -170
                },
                {
                    "ModelId": "45110",
                    "ModelIdNum": 45110,
                    "ObjectType": 0,
                    "XPos": 64,
                    "YPos": -225,
                    "ZPos": 104,
                    "YScale": 1.14999,
                    "ZScale": 1.1,
                    "XRotation": 0,
                    "YRotation": -512,
                    "ZRotation": -84
                },
                {
                    "ModelId": "45110",
                    "ModelIdNum": 45110,
                    "ObjectType": 0,
                    "XPos": 64,
                    "YPos": -219,
                    "ZPos": 152,
                    "YScale": 1.20399,
                    "ZScale": 1.2,
                    "XRotation": -2041,
                    "YRotation": -1536,
                    "ZRotation": -82
                },
                {
                    "ModelId": "45110",
                    "ModelIdNum": 45110,
                    "ObjectType": 0,
                    "XPos": -129,
                    "YPos": -222,
                    "ZPos": 129,
                    "YScale": 1.55642,
                    "XRotation": 0,
                    "YRotation": -1536,
                    "ZRotation": -256
                },
                {
                    "ModelId": "45110",
                    "ModelIdNum": 45110,
                    "ObjectType": 0,
                    "XPos": -129,
                    "YPos": -225,
                    "ZPos": 128,
                    "YScale": 0.94473,
                    "XRotation": 0,
                    "YRotation": -511,
                    "ZRotation": -256
                },
                {
                    "ModelId": "45110",
                    "ModelIdNum": 45110,
                    "ObjectType": 0,
                    "XPos": -36,
                    "YPos": -128,
                    "ZPos": 28,
                    "YScale": 1.56168,
                    "ZScale": 0.91663,
                    "XRotation": 0,
                    "YRotation": 0,
                    "ZRotation": -256
                },
                {
                    "ModelId": "45110",
                    "ModelIdNum": 45110,
                    "ObjectType": 0,
                    "XPos": -221,
                    "YPos": -129,
                    "ZPos": 28,
                    "YScale": 1.52827,
                    "ZScale": 0.9395202,
                    "XRotation": 0,
                    "YRotation": -1024,
                    "ZRotation": -256
                },
                {
                    "ModelId": "45110",
                    "ModelIdNum": 45110,
                    "ObjectType": 0,
                    "XPos": -32,
                    "YPos": -131,
                    "ZPos": 33,
                    "YScale": 1.53285,
                    "ZScale": 0.9166301,
                    "XRotation": 0,
                    "YRotation": -511,
                    "ZRotation": -256
                },
                {
                    "ModelId": "45110",
                    "ModelIdNum": 45110,
                    "ObjectType": 0,
                    "XPos": -32,
                    "YPos": -131,
                    "ZPos": 217,
                    "YScale": 1.53285,
                    "ZScale": 0.9166283,
                    "XRotation": 0,
                    "YRotation": -1536,
                    "ZRotation": -256
                },
                {
                    "ModelId": "45110",
                    "ModelIdNum": 45110,
                    "ObjectType": 0,
                    "XPos": -132,
                    "YPos": -225,
                    "ZPos": 126,
                    "YScale": 0.9447296,
                    "XRotation": 0,
                    "YRotation": 0,
                    "ZRotation": -256
                },
                {
                    "ModelId": "45110",
                    "ModelIdNum": 45110,
                    "ObjectType": 0,
                    "XPos": -124,
                    "YPos": -225,
                    "ZPos": 126,
                    "YScale": 1.45816,
                    "XRotation": 0,
                    "YRotation": -1024,
                    "ZRotation": -256
                },
                {
                    "ModelId": "45110",
                    "ModelIdNum": 45110,
                    "ObjectType": 0,
                    "XPos": 187,
                    "YPos": -221,
                    "ZPos": 5,
                    "YScale": 2.883688,
                    "ZScale": 1.3,
                    "XRotation": 0,
                    "YRotation": -512,
                    "ZRotation": -512
                },
                {
                    "ModelId": "45110",
                    "ModelIdNum": 45110,
                    "ObjectType": 0,
                    "XPos": 187,
                    "YPos": -221,
                    "ZPos": 106,
                    "YScale": 1.06119,
                    "XRotation": 0,
                    "YRotation": -1536,
                    "ZRotation": -170
                },
                {
                    "ModelId": "45110",
                    "ModelIdNum": 45110,
                    "ObjectType": 0,
                    "XPos": 187,
                    "YPos": -225,
                    "ZPos": 150,
                    "YScale": 0.94473,
                    "XRotation": 0,
                    "YRotation": -511,
                    "ZRotation": -170
                },
                {
                    "ModelId": "45110",
                    "ModelIdNum": 45110,
                    "ObjectType": 0,
                    "XPos": 187,
                    "YPos": -225,
                    "ZPos": 104,
                    "YScale": 1.14999,
                    "ZScale": 1.1,
                    "XRotation": 0,
                    "YRotation": -512,
                    "ZRotation": -84
                },
                {
                    "ModelId": "45110",
                    "ModelIdNum": 45110,
                    "ObjectType": 0,
                    "XPos": 187,
                    "YPos": -219,
                    "ZPos": 152,
                    "YScale": 1.20399,
                    "ZScale": 1.2,
                    "XRotation": -2041,
                    "YRotation": -1536,
                    "ZRotation": -82
                },
                {
                    "ModelId": "41013",
                    "ModelIdNum": 41013,
                    "ObjectType": 0,
                    "XPos": 24,
                    "YPos": -35,
                    "ZPos": 50,
                    "XRotation": 0,
                    "YRotation": 0,
                    "ZRotation": 0
                },
                {
                    "ModelId": "42510",
                    "ModelIdNum": 42510,
                    "ObjectType": 0,
                    "XPos": -64,
                    "YPos": -84,
                    "ZPos": 56,
                    "XScale": 0.5,
                    "YScale": 0.5,
                    "ZScale": 0.5,
                    "XRotation": 0,
                    "YRotation": 0,
                    "ZRotation": 0
                },
                {
                    "ModelId": "42070",
                    "ModelIdNum": 42070,
                    "ObjectType": 0,
                    "XPos": -210,
                    "YPos": -10,
                    "ZPos": -152,
                    "XRotation": 0,
                    "YRotation": 0,
                    "ZRotation": 0
                },
                {
                    "ModelId": "41106",
                    "ModelIdNum": 41106,
                    "ObjectType": 0,
                    "XPos": -108,
                    "YPos": -15,
                    "ZPos": -128,
                    "XRotation": 0,
                    "YRotation": -512,
                    "ZRotation": 0
                },
                {
                    "ModelId": "41027",
                    "ModelIdNum": 41027,
                    "ObjectType": 0,
                    "XPos": -246,
                    "YPos": -37,
                    "ZPos": -20,
                    "XRotation": 0,
                    "YRotation": -512,
                    "ZRotation": 0
                },
                {
                    "ModelId": "41813",
                    "ModelIdNum": 41813,
                    "ObjectType": 3,
                    "XPos": -240,
                    "YPos": 1,
                    "ZPos": 22,
                    "XRotation": 0,
                    "YRotation": -512,
                    "ZRotation": 0
                },
                {
                    "ModelId": "41100",
                    "ModelIdNum": 41100,
                    "ObjectType": 0,
                    "XPos": 214,
                    "YPos": -15,
                    "ZPos": -6,
                    "XRotation": 0,
                    "YRotation": -1792,
                    "ZRotation": 0
                },
                {
                    "ModelId": "4404",
                    "ModelIdNum": 4404,
                    "ObjectType": 13,
                    "XPos": -72,
                    "YPos": 1,
                    "ZPos": 248,
                    "XScale": 0.7812743,
                    "XRotation": 0,
                    "YRotation": -1536,
                    "ZRotation": 0
                },
                {
                    "ModelId": "69446",
                    "ModelIdNum": 69446,
                    "ObjectType": 0,
                    "XPos": 28,
                    "YPos": -54,
                    "ZPos": 76,
                    "XRotation": 0,
                    "YRotation": 0,
                    "ZRotation": 0
                },
                {
                    "ModelId": "41005",
                    "ModelIdNum": 41005,
                    "ObjectType": 0,
                    "XPos": -208,
                    "YPos": -38,
                    "ZPos": 290,
                    "XRotation": 0,
                    "YRotation": 0,
                    "ZRotation": 0
                },
                {
                    "ModelId": "41003",
                    "ModelIdNum": 41003,
                    "ObjectType": 3,
                    "XPos": -112,
                    "YPos": 2,
                    "ZPos": 152,
                    "XRotation": 0,
                    "YRotation": -512,
                    "ZRotation": 0
                },
                {
                    "ModelId": "4404",
                    "ModelIdNum": 4404,
                    "ObjectType": 13,
                    "XPos": -188,
                    "YPos": 1,
                    "ZPos": 132,
                    "XRotation": 0,
                    "YRotation": -511,
                    "ZRotation": 0
                },
                {
                    "ModelId": "41112",
                    "ModelIdNum": 41112,
                    "ObjectType": 0,
                    "XPos": -154,
                    "YPos": -16,
                    "ZPos": 128,
                    "XRotation": 0,
                    "YRotation": -512,
                    "ZRotation": 0
                },
                {
                    "ModelId": "45078",
                    "ModelIdNum": 45078,
                    "ObjectType": 0,
                    "XPos": 8,
                    "YPos": -12,
                    "ZPos": 256,
                    "XScale": 0.8524798,
                    "YScale": 0.3940021,
                    "ZScale": 0.7382184,
                    "XRotation": 0,
                    "YRotation": -1536,
                    "ZRotation": 0
                },
                {
                    "ModelId": "41041",
                    "ModelIdNum": 41041,
                    "ObjectType": 0,
                    "XPos": -58,
                    "YPos": -37,
                    "ZPos": 86,
                    "XRotation": 0,
                    "YRotation": 0,
                    "ZRotation": 0
                },
                {
                    "ModelId": "41100",
                    "ModelIdNum": 41100,
                    "ObjectType": 0,
                    "XPos": -32,
                    "YPos": -14,
                    "ZPos": 268,
                    "XRotation": 0,
                    "YRotation": -623,
                    "ZRotation": 0
                },
                {
                    "ModelId": "41101",
                    "ModelIdNum": 41101,
                    "ObjectType": 0,
                    "XPos": 28,
                    "YPos": -15,
                    "ZPos": 250,
                    "XRotation": 0,
                    "YRotation": -1666,
                    "ZRotation": 0
                },
                {
                    "ModelId": "3404",
                    "ModelIdNum": 3404,
                    "ObjectType": 13,
                    "XPos": 115,
                    "YPos": -63,
                    "ZPos": 251,
                    "ZScale": 1.0762,
                    "XRotation": 0,
                    "YRotation": 0,
                    "ZRotation": 0
                },
                {
                    "ModelId": "4402",
                    "ModelIdNum": 4402,
                    "ObjectType": 13,
                    "XPos": 80,
                    "YPos": 1,
                    "ZPos": 120,
                    "ZScale": 0.5472896,
                    "XRotation": 0,
                    "YRotation": -511,
                    "ZRotation": 0
                },
                {
                    "ModelId": "41037",
                    "ModelIdNum": 41037,
                    "ObjectType": 0,
                    "XPos": 106,
                    "YPos": -35,
                    "ZPos": 264,
                    "XRotation": 0,
                    "YRotation": -1536,
                    "ZRotation": 0
                },
                {
                    "ModelId": "41020",
                    "ModelIdNum": 41020,
                    "ObjectType": 0,
                    "XPos": 102,
                    "YPos": -19,
                    "ZPos": 228,
                    "XRotation": 0,
                    "YRotation": -512,
                    "ZRotation": 0
                },
                {
                    "ModelId": "41810",
                    "ModelIdNum": 41810,
                    "ObjectType": 3,
                    "XPos": 174,
                    "YPos": 39,
                    "ZPos": -30,
                    "XRotation": 0,
                    "YRotation": 0,
                    "ZRotation": 0
                },
                {
                    "ModelId": "42085",
                    "ModelIdNum": 42085,
                    "ObjectType": 0,
                    "XPos": 206,
                    "YPos": -10,
                    "ZPos": 264,
                    "XRotation": 0,
                    "YRotation": -1018,
                    "ZRotation": 0
                },
                {
                    "ModelId": "41050",
                    "ModelIdNum": 41050,
                    "ObjectType": 0,
                    "XPos": 230,
                    "YPos": -13,
                    "ZPos": 220,
                    "XRotation": 0,
                    "YRotation": -1536,
                    "ZRotation": 0
                },
                {
                    "ModelId": "4402",
                    "ModelIdNum": 4402,
                    "ObjectType": 13,
                    "XPos": 191,
                    "YPos": 1,
                    "ZPos": -4,
                    "XScale": 1.03912,
                    "XRotation": 0,
                    "YRotation": 0,
                    "ZRotation": 0
                },
                {
                    "ModelId": "204",
                    "ModelIdNum": 204,
                    "ObjectType": 0,
                    "XPos": 32,
                    "YPos": 0,
                    "ZPos": -32,
                    "XRotation": 0,
                    "YRotation": 0,
                    "ZRotation": 0
                }
            ],
            "BlockFlatObjectRecords": [
                {
                    "Position": 0,
                    "XPos": -192,
                    "YPos": -80,
                    "ZPos": -128,
                    "TextureArchive": 210,
                    "TextureRecord": 13,
                    "FactionID": 14356,
                    "Flags": 17
                },
                {
                    "Position": 0,
                    "XPos": -64,
                    "YPos": -80,
                    "ZPos": -128,
                    "TextureArchive": 210,
                    "TextureRecord": 13,
                    "FactionID": 20504,
                    "Flags": 17
                },
                {
                    "Position": 0,
                    "XPos": 120,
                    "YPos": -256,
                    "ZPos": 128,
                    "TextureArchive": 210,
                    "TextureRecord": 22,
                    "FactionID": -30700,
                    "Flags": 17
                },
                {
                    "Position": 0,
                    "XPos": -136,
                    "YPos": -127,
                    "ZPos": -136,
                    "TextureArchive": 199,
                    "TextureRecord": 22,
                    "FactionID": 0,
                    "Flags": 17
                },
                {
                    "Position": 0,
                    "XPos": -192,
                    "YPos": 0,
                    "ZPos": -256,
                    "TextureArchive": 199,
                    "TextureRecord": 21,
                    "FactionID": -1,
                    "Flags": 17
                },
                {
                    "Position": 0,
                    "XPos": -64,
                    "YPos": 0,
                    "ZPos": -128,
                    "TextureArchive": 199,
                    "TextureRecord": 8,
                    "FactionID": 0,
                    "Flags": 0
                },
                {
                    "Position": 0,
                    "XPos": -212,
                    "YPos": 0,
                    "ZPos": 210,
                    "TextureArchive": 199,
                    "TextureRecord": 11,
                    "FactionID": 0,
                    "Flags": 0
                },
                {
                    "Position": 0,
                    "XPos": 192,
                    "YPos": -127,
                    "ZPos": 128,
                    "TextureArchive": 199,
                    "TextureRecord": 8,
                    "FactionID": 0,
                    "Flags": 0
                },
                {
                    "Position": 0,
                    "XPos": -64,
                    "YPos": -127,
                    "ZPos": -256,
                    "TextureArchive": 199,
                    "TextureRecord": 8,
                    "FactionID": 0,
                    "Flags": 0
                },
                {
                    "Position": 0,
                    "XPos": -26,
                    "YPos": 0,
                    "ZPos": -288,
                    "TextureArchive": 205,
                    "TextureRecord": 41,
                    "FactionID": 0,
                    "Flags": 0
                },
                {
                    "Position": 0,
                    "XPos": -4,
                    "YPos": -76,
                    "ZPos": 198,
                    "TextureArchive": 210,
                    "TextureRecord": 13,
                    "FactionID": 0,
                    "Flags": 0
                },
                {
                    "Position": 0,
                    "XPos": 188,
                    "YPos": -80,
                    "ZPos": 128,
                    "TextureArchive": 210,
                    "TextureRecord": 13,
                    "FactionID": 20504,
                    "Flags": 17
                },
                {
                    "Position": 0,
                    "XPos": -192,
                    "YPos": -80,
                    "ZPos": 128,
                    "TextureArchive": 210,
                    "TextureRecord": 13,
                    "FactionID": 20504,
                    "Flags": 17
                },
                {
                    "Position": 0,
                    "XPos": -230,
                    "YPos": -26,
                    "ZPos": -104,
                    "TextureArchive": 56790,
                    "TextureRecord": 23,
                    "FactionID": 0,
                    "Flags": 0
                },
                {
                    "Position": 0,
                    "XPos": -154,
                    "YPos": -27,
                    "ZPos": 146,
                    "TextureArchive": 209,
                    "TextureRecord": 1,
                    "FactionID": 0,
                    "Flags": 0
                },
                {
                    "Position": 0,
                    "XPos": -148,
                    "YPos": -27,
                    "ZPos": 118,
                    "TextureArchive": 211,
                    "TextureRecord": 1,
                    "FactionID": 0,
                    "Flags": 0
                },
                {
                    "Position": 0,
                    "XPos": -158,
                    "YPos": -27,
                    "ZPos": 100,
                    "TextureArchive": 209,
                    "TextureRecord": 9,
                    "FactionID": 0,
                    "Flags": 0
                },
                {
                    "Position": 0,
                    "XPos": 230,
                    "YPos": -25,
                    "ZPos": 220,
                    "TextureArchive": 56790,
                    "TextureRecord": 20,
                    "FactionID": 0,
                    "Flags": 0
                },
                {
                    "Position": 0,
                    "XPos": 54,
                    "YPos": 0,
                    "ZPos": 180,
                    "TextureArchive": 199,
                    "TextureRecord": 18,
                    "FactionID": 0,
                    "Flags": 0
                },
                {
                    "Position": 0,
                    "XPos": -52,
                    "YPos": -1,
                    "ZPos": -18,
                    "TextureArchive": 199,
                    "TextureRecord": 4,
                    "FactionID": 0,
                    "Flags": 0
                },
                {
                    "Position": 0,
                    "XPos": 188,
                    "YPos": -80,
                    "ZPos": 258,
                    "TextureArchive": 210,
                    "TextureRecord": 13,
                    "FactionID": 0,
                    "Flags": 0
                }
            ],
            "BlockSection3Records": [
                {
                    "XPos": -64,
                    "YPos": 0,
                    "ZPos": -256
                },
                {
                    "XPos": -192,
                    "YPos": 0,
                    "ZPos": 256
                },
                {
                    "XPos": -192,
                    "YPos": 0,
                    "ZPos": 128
                },
                {
                    "XPos": -192,
                    "YPos": 0,
                    "ZPos": 0
                },
                {
                    "XPos": -64,
                    "YPos": 0,
                    "ZPos": 0
                },
                {
                    "XPos": 64,
                    "YPos": 0,
                    "ZPos": 0
                },
                {
                    "XPos": 192,
                    "YPos": 0,
                    "ZPos": 0
                },
                {
                    "XPos": 192,
                    "YPos": 0,
                    "ZPos": 128
                },
                {
                    "XPos": -64,
                    "YPos": 0,
                    "ZPos": 256
                },
                {
                    "XPos": 64,
                    "YPos": 0,
                    "ZPos": 256
                },
                {
                    "XPos": 192,
                    "YPos": 0,
                    "ZPos": 256
                },
                {
                    "XPos": -64,
                    "YPos": 0,
                    "ZPos": 128
                },
                {
                    "XPos": -192,
                    "YPos": 0,
                    "ZPos": -128
                },
                {
                    "XPos": -192,
                    "YPos": -129,
                    "ZPos": -256
                },
                {
                    "XPos": -192,
                    "YPos": -129,
                    "ZPos": 256
                },
                {
                    "XPos": -64,
                    "YPos": -129,
                    "ZPos": 256
                },
                {
                    "XPos": 64,
                    "YPos": -129,
                    "ZPos": 256
                },
                {
                    "XPos": 192,
                    "YPos": -129,
                    "ZPos": 256
                },
                {
                    "XPos": 64,
                    "YPos": -129,
                    "ZPos": 128
                },
                {
                    "XPos": -64,
                    "YPos": -129,
                    "ZPos": 128
                },
                {
                    "XPos": -192,
                    "YPos": -129,
                    "ZPos": 128
                },
                {
                    "XPos": -192,
                    "YPos": -129,
                    "ZPos": 0
                },
                {
                    "XPos": -64,
                    "YPos": -129,
                    "ZPos": 0
                },
                {
                    "XPos": 64,
                    "YPos": -129,
                    "ZPos": 0
                },
                {
                    "XPos": 192,
                    "YPos": -129,
                    "ZPos": 0
                },
                {
                    "XPos": -192,
                    "YPos": -129,
                    "ZPos": -128
                },
                {
                    "XPos": -64,
                    "YPos": -129,
                    "ZPos": -128
                }
            ],
            "BlockPeopleRecords": [
                {
                    "Position": 5578,
                    "XPos": -54,
                    "YPos": -1,
                    "ZPos": 196,
                    "TextureArchive": 184,
                    "TextureRecord": 20,
                    "FactionID": 85,
                    "Flags": 9
                },
                {
                    "Position": 5579,
                    "XPos": -6,
                    "YPos": 0,
                    "ZPos": 134,
                    "TextureArchive": 182,
                    "TextureRecord": 52,
                    "FactionID": 0,
                    "Flags": 0
                }
            ],
            "BlockDoorRecords": [
                {
                    "Position": 0,
                    "XPos": -124,
                    "YPos": -44,
                    "ZPos": -233,
                    "YRotation": -512,
                    "OpenRotation": 94,
                    "DoorModelIndex": 0
                },
                {
                    "Position": 1,
                    "XPos": -216,
                    "YPos": -44,
                    "ZPos": -63,
                    "YRotation": 0,
                    "OpenRotation": 94,
                    "DoorModelIndex": 0
                },
                {
                    "Position": 2,
                    "XPos": 121,
                    "YPos": -45,
                    "ZPos": 97,
                    "YRotation": -1536,
                    "OpenRotation": 94,
                    "DoorModelIndex": 0
                },
                {
                    "Position": 3,
                    "XPos": 214,
                    "YPos": -45,
                    "ZPos": 186,
                    "YRotation": -1024,
                    "OpenRotation": 94,
                    "DoorModelIndex": 0
                },
                {
                    "Position": 4,
                    "XPos": -135,
                    "YPos": -45,
                    "ZPos": 233,
                    "YRotation": -1536,
                    "OpenRotation": 94,
                    "DoorModelIndex": 0
                }
            ]
        }
    },
    "AutoMapData": null
}