{
    "FactionId": 0,
    "BuildingType": 18,
    "Quality": 4,
    "NameSeed": 0,
    "RmbSubRecord": {
        "XPos": 3520,
        "ZPos": 1792,
        "YRotation": 512,
        "Exterior": {
            "Header": {
                "Num3dObjectRecords": 1,
                "NumFlatObjectRecords": 0,
                "NumSection3Records": 0,
                "NumPeopleRecords": 0,
                "NumDoorRecords": 0
            },
            "Block3dObjectRecords": [
                {
                    "ModelId": "212",
                    "ModelIdNum": 212,
                    "ObjectType": 4,
                    "XPos": 0,
                    "YPos": 0,
                    "ZPos": 0,
                    "XRotation": 0,
                    "YRotation": 0,
                    "ZRotation": 0
                },
                {
                    "ModelId": "45087",
                    "ModelIdNum": 45087,
                    "ObjectType": 4,
                    "XPos": -2,
                    "YPos": -332,
                    "ZPos": 4,
                    "XScale": 2.0,
                    "YScale": 2.0,
                    "ZScale": 2.0,
                    "XRotation": 0,
                    "YRotation": 0,
                    "ZRotation": 0
                }
            ],
            "BlockFlatObjectRecords": [],
            "BlockSection3Records": [],
            "BlockPeopleRecords": [],
            "BlockDoorRecords": []
        },
        "Interior": {
            "Header": {
                "Num3dObjectRecords": 21,
                "NumFlatObjectRecords": 11,
                "NumSection3Records": 5,
                "NumPeopleRecords": 1,
                "NumDoorRecords": 2
            },
            "Block3dObjectRecords": [
                {
                    "ModelId": "28703",
                    "ModelIdNum": 28703,
                    "ObjectType": 13,
                    "XPos": 0,
                    "YPos": -159,
                    "ZPos": 0,
                    "XRotation": 0,
                    "YRotation": 0,
                    "ZRotation": 0
                },
                {
                    "ModelId": "31704",
                    "ModelIdNum": 31704,
                    "ObjectType": 13,
                    "XPos": -125,
                    "YPos": -63,
                    "ZPos": 189,
                    "XRotation": 0,
                    "YRotation": -512,
                    "ZRotation": 0
                },
                {
                    "ModelId": "31705",
                    "ModelIdNum": 31705,
                    "ObjectType": 13,
                    "XPos": 0,
                    "YPos": -63,
                    "ZPos": 192,
                    "XRotation": 0,
                    "YRotation": -1536,
                    "ZRotation": 0
                },
                {
                    "ModelId": "3702",
                    "ModelIdNum": 3702,
                    "ObjectType": 13,
                    "XPos": 70,
                    "YPos": -64,
                    "ZPos": -192,
                    "XRotation": 0,
                    "YRotation": -1024,
                    "ZRotation": 0
                },
                {
                    "ModelId": "3704",
                    "ModelIdNum": 3704,
                    "ObjectType": 13,
                    "XPos": 128,
                    "YPos": -64,
                    "ZPos": -134,
                    "XRotation": 0,
                    "YRotation": -1536,
                    "ZRotation": 0
                },
                {
                    "ModelId": "3704",
                    "ModelIdNum": 3704,
                    "ObjectType": 13,
                    "XPos": 186,
                    "YPos": -64,
                    "ZPos": -192,
                    "XRotation": 0,
                    "YRotation": 0,
                    "ZRotation": 0
                },
                {
                    "ModelId": "3704",
                    "ModelIdNum": 3704,
                    "ObjectType": 13,
                    "XPos": 128,
                    "YPos": -64,
                    "ZPos": -250,
                    "XRotation": 0,
                    "YRotation": -512,
                    "ZRotation": 0
                },
                {
                    "ModelId": "1700",
                    "ModelIdNum": 1700,
                    "ObjectType": 5,
                    "XPos": 128,
                    "YPos": 0,
                    "ZPos": -192,
                    "XRotation": 0,
                    "YRotation": 0,
                    "ZRotation": 0
                },
                {
                    "ModelId": "2700",
                    "ModelIdNum": 2700,
                    "ObjectType": 13,
                    "XPos": 128,
                    "YPos": -128,
                    "ZPos": -193,
                    "XRotation": 0,
                    "YRotation": 0,
                    "ZRotation": 0
                },
                {
                    "ModelId": "31714",
                    "ModelIdNum": 31714,
                    "ObjectType": 13,
                    "XPos": -128,
                    "YPos": -63,
                    "ZPos": 64,
                    "XRotation": 0,
                    "YRotation": -512,
                    "ZRotation": 0
                },
                {
                    "ModelId": "41001",
                    "ModelIdNum": 41001,
                    "ObjectType": 3,
                    "XPos": -26,
                    "YPos": 2,
                    "ZPos": 224,
                    "XRotation": 0,
                    "YRotation": -1024,
                    "ZRotation": 0
                },
                {
                    "ModelId": "41034",
                    "ModelIdNum": 41034,
                    "ObjectType": 3,
                    "XPos": -48,
                    "YPos": 2,
                    "ZPos": 140,
                    "XRotation": 0,
                    "YRotation": 0,
                    "ZRotation": 0
                },
                {
                    "ModelId": "41108",
                    "ModelIdNum": 41108,
                    "ObjectType": 3,
                    "XPos": -98,
                    "YPos": 1,
                    "ZPos": -120,
                    "XRotation": 0,
                    "YRotation": -512,
                    "ZRotation": 0
                },
                {
                    "ModelId": "41102",
                    "ModelIdNum": 41102,
                    "ObjectType": 3,
                    "XPos": -96,
                    "YPos": 1,
                    "ZPos": -56,
                    "XRotation": 0,
                    "YRotation": -1024,
                    "ZRotation": 0
                },
                {
                    "ModelId": "41023",
                    "ModelIdNum": 41023,
                    "ObjectType": 3,
                    "XPos": 168,
                    "YPos": 2,
                    "ZPos": 224,
                    "XRotation": 0,
                    "YRotation": -1536,
                    "ZRotation": 0
                },
                {
                    "ModelId": "41113",
                    "ModelIdNum": 41113,
                    "ObjectType": 3,
                    "XPos": 138,
                    "YPos": 2,
                    "ZPos": 234,
                    "XRotation": 0,
                    "YRotation": 0,
                    "ZRotation": 0
                },
                {
                    "ModelId": "41409",
                    "ModelIdNum": 41409,
                    "ObjectType": 3,
                    "XPos": 104,
                    "YPos": 2,
                    "ZPos": 140,
                    "XRotation": 0,
                    "YRotation": 0,
                    "ZRotation": 0
                },
                {
                    "ModelId": "41005",
                    "ModelIdNum": 41005,
                    "ObjectType": 3,
                    "XPos": 166,
                    "YPos": 1,
                    "ZPos": -166,
                    "XRotation": 0,
                    "YRotation": -512,
                    "ZRotation": 0
                },
                {
                    "ModelId": "41034",
                    "ModelIdNum": 41034,
                    "ObjectType": 0,
                    "XPos": -74,
                    "YPos": -134,
                    "ZPos": -235,
                    "XScale": 0.3,
                    "YScale": 0.3,
                    "ZScale": 0.4,
                    "XRotation": 0,
                    "YRotation": 0,
                    "ZRotation": 0
                },
                {
                    "ModelId": "41100",
                    "ModelIdNum": 41100,
                    "ObjectType": 0,
                    "XPos": -96,
                    "YPos": -133,
                    "ZPos": -230,
                    "XScale": 0.247758,
                    "YScale": 0.247758,
                    "ZScale": 0.247758,
                    "XRotation": 0,
                    "YRotation": -227,
                    "ZRotation": 0
                },
                {
                    "ModelId": "41201",
                    "ModelIdNum": 41201,
                    "ObjectType": 0,
                    "XPos": -79,
                    "YPos": -135,
                    "ZPos": -188,
                    "XScale": 0.2,
                    "YScale": 0.2,
                    "ZScale": 0.2,
                    "XRotation": 0,
                    "YRotation": 0,
                    "ZRotation": 0
                },
                {
                    "ModelId": "41201",
                    "ModelIdNum": 41201,
                    "ObjectType": 0,
                    "XPos": -103,
                    "YPos": -135,
                    "ZPos": -188,
                    "XScale": 0.2,
                    "YScale": 0.2,
                    "ZScale": 0.2,
                    "XRotation": 0,
                    "YRotation": 0,
                    "ZRotation": 0
                },
                {
                    "ModelId": "41201",
                    "ModelIdNum": 41201,
                    "ObjectType": 0,
                    "XPos": -94,
                    "YPos": -135,
                    "ZPos": -242,
                    "XScale": 0.2,
                    "YScale": 0.2,
                    "ZScale": 0.2,
                    "XRotation": 0,
                    "YRotation": 0,
                    "ZRotation": 0
                },
                {
                    "ModelId": "41204",
                    "ModelIdNum": 41204,
                    "ObjectType": 0,
                    "XPos": -68,
                    "YPos": -136,
                    "ZPos": -182,
                    "XScale": 0.2012933,
                    "YScale": 0.2012933,
                    "ZScale": 0.1561774,
                    "XRotation": 0,
                    "YRotation": 0,
                    "ZRotation": 0
                },
                {
                    "ModelId": "41201",
                    "ModelIdNum": 41201,
                    "ObjectType": 0,
                    "XPos": -58,
                    "YPos": -135,
                    "ZPos": -206,
                    "XScale": 0.2,
                    "YScale": 0.2,
                    "ZScale": 0.2,
                    "XRotation": 0,
                    "YRotation": -512,
                    "ZRotation": 0
                },
                {
                    "ModelId": "41201",
                    "ModelIdNum": 41201,
                    "ObjectType": 0,
                    "XPos": -58,
                    "YPos": -135,
                    "ZPos": -230,
                    "XScale": 0.2,
                    "YScale": 0.2,
                    "ZScale": 0.2,
                    "XRotation": 0,
                    "YRotation": -512,
                    "ZRotation": 0
                },
                {
                    "ModelId": "3719",
                    "ModelIdNum": 3719,
                    "ObjectType": 13,
                    "XPos": -73,
                    "YPos": -63,
                    "ZPos": -123,
                    "XRotation": 0,
                    "YRotation": 0,
                    "ZRotation": 0
                },
                {
                    "ModelId": "3719",
                    "ModelIdNum": 3719,
                    "ObjectType": 13,
                    "XPos": -184,
                    "YPos": -63,
                    "ZPos": -68,
                    "XRotation": 0,
                    "YRotation": -1024,
                    "ZRotation": 0
                },
                {
                    "ModelId": "1706",
                    "ModelIdNum": 1706,
                    "ObjectType": 13,
                    "XPos": -135,
                    "YPos": 0,
                    "ZPos": -128,
                    "XRotation": 0,
                    "YRotation": -512,
                    "ZRotation": 0
                },
                {
                    "ModelId": "3700",
                    "ModelIdNum": 3700,
                    "ObjectType": 13,
                    "XPos": -127,
                    "YPos": -64,
                    "ZPos": 1,
                    "XRotation": 0,
                    "YRotation": -1536,
                    "ZRotation": 0
                },
                {
                    "ModelId": "3704",
                    "ModelIdNum": 3704,
                    "ObjectType": 13,
                    "XPos": -130,
                    "YPos": -63,
                    "ZPos": -242,
                    "XRotation": 0,
                    "YRotation": -512,
                    "ZRotation": 0
                },
                {
                    "ModelId": "3704",
                    "ModelIdNum": 3704,
                    "ObjectType": 13,
                    "XPos": -185,
                    "YPos": -63,
                    "ZPos": -247,
                    "XRotation": 0,
                    "YRotation": -1024,
                    "ZRotation": 0
                },
                {
                    "ModelId": "2701",
                    "ModelIdNum": 2701,
                    "ObjectType": 13,
                    "XPos": -126,
                    "YPos": -125,
                    "ZPos": -126,
                    "XRotation": 0,
                    "YRotation": 0,
                    "ZRotation": 0
                },
                {
                    "ModelId": "212",
                    "ModelIdNum": 212,
                    "ObjectType": 0,
                    "XPos": -132,
                    "YPos": -129,
                    "ZPos": -206,
                    "XScale": 0.15,
                    "YScale": 0.15,
                    "ZScale": 0.15,
                    "XRotation": 0,
                    "YRotation": 0,
                    "ZRotation": 0
                },
                {
                    "ModelId": "45081",
                    "ModelIdNum": 45081,
                    "ObjectType": 0,
                    "XPos": -118,
                    "YPos": -52,
                    "ZPos": -227,
                    "XScale": 0.4999999,
                    "YScale": 0.7999998,
                    "XRotation": 0,
                    "YRotation": -256,
                    "ZRotation": -512
                },
                {
                    "ModelId": "41117",
                    "ModelIdNum": 41117,
                    "ObjectType": 3,
                    "XPos": -151,
                    "YPos": 6,
                    "ZPos": -212,
                    "XScale": 0.9500599,
                    "ZScale": 0.8628399,
                    "XRotation": 0,
                    "YRotation": -256,
                    "ZRotation": 0
                },
                {
                    "ModelId": "45076",
                    "ModelIdNum": 45076,
                    "ObjectType": 0,
                    "XPos": -152,
                    "YPos": -12,
                    "ZPos": -211,
                    "XScale": 0.8683599,
                    "ZScale": 0.40775,
                    "XRotation": 0,
                    "YRotation": -259,
                    "ZRotation": 0
                },
                {
                    "ModelId": "45129",
                    "ModelIdNum": 45129,
                    "ObjectType": 0,
                    "XPos": -83,
                    "YPos": -3,
                    "ZPos": -254,
                    "XScale": 0.6999995,
                    "YScale": 1.79274,
                    "ZScale": 3.0,
                    "XRotation": 0,
                    "YRotation": -256,
                    "ZRotation": -512
                },
                {
                    "ModelId": "45081",
                    "ModelIdNum": 45081,
                    "ObjectType": 0,
                    "XPos": -110,
                    "YPos": -58,
                    "ZPos": -232,
                    "YScale": 1.02,
                    "XRotation": 0,
                    "YRotation": -256,
                    "ZRotation": -512
                },
                {
                    "ModelId": "69465",
                    "ModelIdNum": 69465,
                    "ObjectType": 0,
                    "XPos": -148,
                    "YPos": 1,
                    "ZPos": -207,
                    "XScale": 0.20702,
                    "YScale": 0.6,
                    "ZScale": 0.8414301,
                    "XRotation": 0,
                    "YRotation": -768,
                    "ZRotation": 0
                },
                {
                    "ModelId": "212",
                    "ModelIdNum": 212,
                    "ObjectType": 0,
                    "XPos": -6,
                    "YPos": 0,
                    "ZPos": 0,
                    "XRotation": 0,
                    "YRotation": 0,
                    "ZRotation": 0
                },
                {
                    "ModelId": "41201",
                    "ModelIdNum": 41201,
                    "ObjectType": 0,
                    "XPos": -70,
                    "YPos": -135,
                    "ZPos": -242,
                    "XScale": 0.2,
                    "YScale": 0.2,
                    "ZScale": 0.2,
                    "XRotation": 0,
                    "YRotation": 0,
                    "ZRotation": 0
                },
                {
                    "ModelId": "45110",
                    "ModelIdNum": 45110,
                    "ObjectType": 0,
                    "XPos": 34,
                    "YPos": -228,
                    "ZPos": -122,
                    "YScale": 0.94473,
                    "XRotation": 0,
                    "YRotation": -1024,
                    "ZRotation": -170
                },
                {
                    "ModelId": "45110",
                    "ModelIdNum": 45110,
                    "ObjectType": 0,
                    "XPos": 34,
                    "YPos": -222,
                    "ZPos": -122,
                    "YScale": 1.51672,
                    "ZScale": 1.2,
                    "XRotation": 0,
                    "YRotation": 0,
                    "ZRotation": -84
                },
                {
                    "ModelId": "45110",
                    "ModelIdNum": 45110,
                    "ObjectType": 0,
                    "XPos": 122,
                    "YPos": -224,
                    "ZPos": -122,
                    "YScale": 2.78978,
                    "ZScale": 1.3,
                    "XRotation": 0,
                    "YRotation": 0,
                    "ZRotation": -511
                },
                {
                    "ModelId": "45110",
                    "ModelIdNum": 45110,
                    "ObjectType": 0,
                    "XPos": -22,
                    "YPos": -222,
                    "ZPos": -122,
                    "YScale": 1.11605,
                    "ZScale": 1.2,
                    "XRotation": 0,
                    "YRotation": 0,
                    "ZRotation": -169
                },
                {
                    "ModelId": "45110",
                    "ModelIdNum": 45110,
                    "ObjectType": 0,
                    "XPos": -24,
                    "YPos": -228,
                    "ZPos": -122,
                    "YScale": 1.39692,
                    "XRotation": 0,
                    "YRotation": -1024,
                    "ZRotation": -85
                },
                {
                    "ModelId": "45110",
                    "ModelIdNum": 45110,
                    "ObjectType": 0,
                    "XPos": 34,
                    "YPos": -224,
                    "ZPos": 2,
                    "YScale": 0.9447299,
                    "XRotation": 0,
                    "YRotation": -1024,
                    "ZRotation": -170
                },
                {
                    "ModelId": "45110",
                    "ModelIdNum": 45110,
                    "ObjectType": 0,
                    "XPos": 34,
                    "YPos": -222,
                    "ZPos": 2,
                    "YScale": 1.51672,
                    "ZScale": 1.2,
                    "XRotation": 0,
                    "YRotation": 0,
                    "ZRotation": -84
                },
                {
                    "ModelId": "45110",
                    "ModelIdNum": 45110,
                    "ObjectType": 0,
                    "XPos": 122,
                    "YPos": -224,
                    "ZPos": 2,
                    "YScale": 2.78978,
                    "ZScale": 1.3,
                    "XRotation": 0,
                    "YRotation": 0,
                    "ZRotation": -511
                },
                {
                    "ModelId": "45110",
                    "ModelIdNum": 45110,
                    "ObjectType": 0,
                    "XPos": -22,
                    "YPos": -222,
                    "ZPos": 2,
                    "YScale": 1.11605,
                    "ZScale": 1.2,
                    "XRotation": 0,
                    "YRotation": 0,
                    "ZRotation": -169
                },
                {
                    "ModelId": "45110",
                    "ModelIdNum": 45110,
                    "ObjectType": 0,
                    "XPos": -24,
                    "YPos": -228,
                    "ZPos": 2,
                    "YScale": 1.39692,
                    "XRotation": 0,
                    "YRotation": -1024,
                    "ZRotation": -85
                },
                {
                    "ModelId": "45110",
                    "ModelIdNum": 45110,
                    "ObjectType": 0,
                    "XPos": 34,
                    "YPos": -228,
                    "ZPos": 124,
                    "YScale": 0.9447299,
                    "XRotation": 0,
                    "YRotation": -1024,
                    "ZRotation": -170
                },
                {
                    "ModelId": "45110",
                    "ModelIdNum": 45110,
                    "ObjectType": 0,
                    "XPos": 34,
                    "YPos": -222,
                    "ZPos": 124,
                    "YScale": 1.51672,
                    "ZScale": 1.2,
                    "XRotation": 0,
                    "YRotation": 0,
                    "ZRotation": -84
                },
                {
                    "ModelId": "45110",
                    "ModelIdNum": 45110,
                    "ObjectType": 0,
                    "XPos": 122,
                    "YPos": -224,
                    "ZPos": 124,
                    "YScale": 2.78978,
                    "ZScale": 1.3,
                    "XRotation": 0,
                    "YRotation": 0,
                    "ZRotation": -511
                },
                {
                    "ModelId": "45110",
                    "ModelIdNum": 45110,
                    "ObjectType": 0,
                    "XPos": -22,
                    "YPos": -222,
                    "ZPos": 124,
                    "YScale": 1.11605,
                    "ZScale": 1.2,
                    "XRotation": 0,
                    "YRotation": 0,
                    "ZRotation": -169
                },
                {
                    "ModelId": "45110",
                    "ModelIdNum": 45110,
                    "ObjectType": 0,
                    "XPos": -24,
                    "YPos": -228,
                    "ZPos": 124,
                    "YScale": 1.39692,
                    "XRotation": 0,
                    "YRotation": -1024,
                    "ZRotation": -85
                },
                {
                    "ModelId": "45110",
                    "ModelIdNum": 45110,
                    "ObjectType": 0,
                    "XPos": 34,
                    "YPos": -228,
                    "ZPos": 252,
                    "YScale": 0.9447299,
                    "XRotation": 0,
                    "YRotation": -1024,
                    "ZRotation": -170
                },
                {
                    "ModelId": "45110",
                    "ModelIdNum": 45110,
                    "ObjectType": 0,
                    "XPos": 34,
                    "YPos": -222,
                    "ZPos": 252,
                    "YScale": 1.51672,
                    "ZScale": 1.2,
                    "XRotation": 0,
                    "YRotation": 0,
                    "ZRotation": -84
                },
                {
                    "ModelId": "45110",
                    "ModelIdNum": 45110,
                    "ObjectType": 0,
                    "XPos": 122,
                    "YPos": -224,
                    "ZPos": 252,
                    "YScale": 2.78978,
                    "ZScale": 1.3,
                    "XRotation": 0,
                    "YRotation": 0,
                    "ZRotation": -511
                },
                {
                    "ModelId": "45110",
                    "ModelIdNum": 45110,
                    "ObjectType": 0,
                    "XPos": -22,
                    "YPos": -222,
                    "ZPos": 252,
                    "YScale": 1.11605,
                    "ZScale": 1.2,
                    "XRotation": 0,
                    "YRotation": 0,
                    "ZRotation": -169
                },
                {
                    "ModelId": "45110",
                    "ModelIdNum": 45110,
                    "ObjectType": 0,
                    "XPos": -24,
                    "YPos": -228,
                    "ZPos": 252,
                    "YScale": 1.39692,
                    "XRotation": 0,
                    "YRotation": -1024,
                    "ZRotation": -85
                },
                {
                    "ModelId": "45110",
                    "ModelIdNum": 45110,
                    "ObjectType": 0,
                    "XPos": 34,
                    "YPos": -228,
                    "ZPos": -252,
                    "YScale": 0.9447299,
                    "XRotation": 0,
                    "YRotation": -1024,
                    "ZRotation": -170
                },
                {
                    "ModelId": "45110",
                    "ModelIdNum": 45110,
                    "ObjectType": 0,
                    "XPos": 34,
                    "YPos": -222,
                    "ZPos": -252,
                    "YScale": 1.51672,
                    "ZScale": 1.2,
                    "XRotation": 0,
                    "YRotation": 0,
                    "ZRotation": -84
                },
                {
                    "ModelId": "45110",
                    "ModelIdNum": 45110,
                    "ObjectType": 0,
                    "XPos": 122,
                    "YPos": -224,
                    "ZPos": -252,
                    "YScale": 2.78978,
                    "ZScale": 1.3,
                    "XRotation": 0,
                    "YRotation": 0,
                    "ZRotation": -511
                },
                {
                    "ModelId": "45110",
                    "ModelIdNum": 45110,
                    "ObjectType": 0,
                    "XPos": -22,
                    "YPos": -222,
                    "ZPos": -252,
                    "YScale": 1.11605,
                    "ZScale": 1.2,
                    "XRotation": 0,
                    "YRotation": 0,
                    "ZRotation": -169
                },
                {
                    "ModelId": "45110",
                    "ModelIdNum": 45110,
                    "ObjectType": 0,
                    "XPos": -24,
                    "YPos": -228,
                    "ZPos": -252,
                    "YScale": 1.39692,
                    "XRotation": 0,
                    "YRotation": -1024,
                    "ZRotation": -85
                }
            ],
            "BlockFlatObjectRecords": [
                {
                    "Position": 0,
                    "XPos": 0,
                    "YPos": -80,
                    "ZPos": 192,
                    "TextureArchive": 210,
                    "TextureRecord": 27,
                    "FactionID": 26640,
                    "Flags": 17
                },
                {
                    "Position": 0,
                    "XPos": 0,
                    "YPos": -225,
                    "ZPos": 62,
                    "TextureArchive": 210,
                    "TextureRecord": 25,
                    "FactionID": 26640,
                    "Flags": 17
                },
                {
                    "Position": 0,
                    "XPos": 24,
                    "YPos": -129,
                    "ZPos": 112,
                    "TextureArchive": 199,
                    "TextureRecord": 22,
                    "FactionID": 0,
                    "Flags": 17
                },
                {
                    "Position": 0,
                    "XPos": 104,
                    "YPos": 0,
                    "ZPos": 200,
                    "TextureArchive": 199,
                    "TextureRecord": 21,
                    "FactionID": 0,
                    "Flags": 17
                },
                {
                    "Position": 0,
                    "XPos": -136,
                    "YPos": -80,
                    "ZPos": -88,
                    "TextureArchive": 210,
                    "TextureRecord": 27,
                    "FactionID": 30736,
                    "Flags": 17
                },
                {
                    "Position": 0,
                    "XPos": -136,
                    "YPos": 0,
                    "ZPos": 160,
                    "TextureArchive": 199,
                    "TextureRecord": 20,
                    "FactionID": 0,
                    "Flags": 17
                },
                {
                    "Position": 0,
                    "XPos": -128,
                    "YPos": -130,
                    "ZPos": 198,
                    "TextureArchive": 199,
                    "TextureRecord": 20,
                    "FactionID": 0,
                    "Flags": 17
                },
                {
                    "Position": 0,
                    "XPos": -128,
                    "YPos": 0,
                    "ZPos": 64,
                    "TextureArchive": 199,
                    "TextureRecord": 8,
                    "FactionID": 0,
                    "Flags": 0
                },
                {
                    "Position": 0,
                    "XPos": 128,
                    "YPos": 0,
                    "ZPos": -192,
                    "TextureArchive": 199,
                    "TextureRecord": 8,
                    "FactionID": 0,
                    "Flags": 0
                },
                {
                    "Position": 0,
                    "XPos": 0,
                    "YPos": -129,
                    "ZPos": 192,
                    "TextureArchive": 199,
                    "TextureRecord": 8,
                    "FactionID": 0,
                    "Flags": 0
                },
                {
                    "Position": 0,
                    "XPos": 82,
                    "YPos": -129,
                    "ZPos": -192,
                    "TextureArchive": 199,
                    "TextureRecord": 8,
                    "FactionID": 0,
                    "Flags": 0
                },
                {
                    "Position": 0,
                    "XPos": 161,
                    "YPos": 0,
                    "ZPos": -209,
                    "TextureArchive": 205,
                    "TextureRecord": 0,
                    "FactionID": 0,
                    "Flags": 0
                },
                {
                    "Position": 0,
                    "XPos": 141,
                    "YPos": 0,
                    "ZPos": -228,
                    "TextureArchive": 205,
                    "TextureRecord": 0,
                    "FactionID": 0,
                    "Flags": 0
                },
                {
                    "Position": 0,
                    "XPos": 157,
                    "YPos": 0,
                    "ZPos": -216,
                    "TextureArchive": 205,
                    "TextureRecord": 20,
                    "FactionID": 0,
                    "Flags": 0
                },
                {
                    "Position": 0,
                    "XPos": -84,
                    "YPos": -130,
                    "ZPos": -206,
                    "TextureArchive": 10010,
                    "TextureRecord": 40,
                    "FactionID": 0,
                    "Flags": 0
                },
                {
                    "Position": 0,
                    "XPos": -144,
                    "YPos": -1,
                    "ZPos": 222,
                    "TextureArchive": 199,
                    "TextureRecord": 18,
                    "FactionID": 0,
                    "Flags": 0
                },
                {
                    "Position": 0,
                    "XPos": 66,
                    "YPos": -130,
                    "ZPos": -4,
                    "TextureArchive": 199,
                    "TextureRecord": 11,
                    "FactionID": 0,
                    "Flags": 0
                },
                {
                    "Position": 0,
                    "XPos": 12,
                    "YPos": -1,
                    "ZPos": 156,
                    "TextureArchive": 199,
                    "TextureRecord": 4,
                    "FactionID": 0,
                    "Flags": 0
                }
            ],
            "BlockSection3Records": [
                {
                    "XPos": -128,
                    "YPos": 0,
                    "ZPos": 192
                },
                {
                    "XPos": 0,
                    "YPos": 0,
                    "ZPos": 192
                },
                {
                    "XPos": 128,
                    "YPos": 0,
                    "ZPos": 192
                },
                {
                    "XPos": -128,
                    "YPos": 0,
                    "ZPos": -64
                },
                {
                    "XPos": -128,
                    "YPos": 0,
                    "ZPos": -192
                }
            ],
            "BlockPeopleRecords": [
                {
                    "Position": 5828,
                    "XPos": -152,
                    "YPos": -1,
                    "ZPos": -56,
                    "TextureArchive": 182,
                    "TextureRecord": 36,
                    "FactionID": 350,
                    "Flags": 1
                }
            ],
            "BlockDoorRecords": []
        }
    },
    "AutoMapData": null
}