{
    "FactionId": 0,
    "BuildingType": 18,
    "Quality": 4,
    "NameSeed": 0,
    "RmbSubRecord": {
        "XPos": 1856,
        "ZPos": 1280,
        "YRotation": 1024,
        "Exterior": {
            "Header": {
                "Num3dObjectRecords": 5,
                "NumFlatObjectRecords": 0,
                "NumSection3Records": 0,
                "NumPeopleRecords": 0,
                "NumDoorRecords": 0
            },
            "Block3dObjectRecords": [
                {
                    "ModelId": "41901",
                    "ModelIdNum": 41901,
                    "ObjectType": 67,
                    "XPos": 184,
                    "YPos": -65,
                    "ZPos": -128,
                    "XRotation": 0,
                    "YRotation": 0,
                    "ZRotation": 0
                },
                {
                    "ModelId": "41901",
                    "ModelIdNum": 41901,
                    "ObjectType": 67,
                    "XPos": 184,
                    "YPos": -65,
                    "ZPos": 0,
                    "XRotation": 0,
                    "YRotation": 0,
                    "ZRotation": 0
                },
                {
                    "ModelId": "211",
                    "ModelIdNum": 211,
                    "ObjectType": 4,
                    "XPos": 0,
                    "YPos": 0,
                    "ZPos": 0,
                    "XRotation": 0,
                    "YRotation": 0,
                    "ZRotation": 0
                },
                {
                    "ModelId": "41901",
                    "ModelIdNum": 41901,
                    "ObjectType": 67,
                    "XPos": 64,
                    "YPos": -65,
                    "ZPos": -246,
                    "XRotation": 0,
                    "YRotation": 0,
                    "ZRotation": 0
                },
                {
                    "ModelId": "41901",
                    "ModelIdNum": 41901,
                    "ObjectType": 67,
                    "XPos": 184,
                    "YPos": -65,
                    "ZPos": -246,
                    "XRotation": 0,
                    "YRotation": 0,
                    "ZRotation": 0
                }
            ],
            "BlockFlatObjectRecords": [],
            "BlockSection3Records": [],
            "BlockPeopleRecords": [],
            "BlockDoorRecords": []
        },
        "Interior": {
            "Header": {
                "Num3dObjectRecords": 26,
                "NumFlatObjectRecords": 9,
                "NumSection3Records": 0,
                "NumPeopleRecords": 1,
                "NumDoorRecords": 0
            },
            "Block3dObjectRecords": [
                {
                    "ModelId": "31005",
                    "ModelIdNum": 31005,
                    "ObjectType": 13,
                    "XPos": 0,
                    "YPos": -63,
                    "ZPos": 192,
                    "XRotation": 0,
                    "YRotation": -1536,
                    "ZRotation": 0
                },
                {
                    "ModelId": "28003",
                    "ModelIdNum": 28003,
                    "ObjectType": 13,
                    "XPos": 0,
                    "YPos": -159,
                    "ZPos": 0,
                    "XRotation": 0,
                    "YRotation": 0,
                    "ZRotation": 0
                },
                {
                    "ModelId": "41409",
                    "ModelIdNum": 41409,
                    "ObjectType": 3,
                    "XPos": 124,
                    "YPos": 2,
                    "ZPos": 138,
                    "XRotation": 0,
                    "YRotation": 0,
                    "ZRotation": 0
                },
                {
                    "ModelId": "41108",
                    "ModelIdNum": 41108,
                    "ObjectType": 3,
                    "XPos": -160,
                    "YPos": 2,
                    "ZPos": -136,
                    "XRotation": 0,
                    "YRotation": -1536,
                    "ZRotation": 0
                },
                {
                    "ModelId": "41119",
                    "ModelIdNum": 41119,
                    "ObjectType": 3,
                    "XPos": -160,
                    "YPos": 2,
                    "ZPos": -80,
                    "XRotation": 0,
                    "YRotation": -512,
                    "ZRotation": 0
                },
                {
                    "ModelId": "41119",
                    "ModelIdNum": 41119,
                    "ObjectType": 3,
                    "XPos": -160,
                    "YPos": 2,
                    "ZPos": -192,
                    "XRotation": 0,
                    "YRotation": -637,
                    "ZRotation": 0
                },
                {
                    "ModelId": "41001",
                    "ModelIdNum": 41001,
                    "ObjectType": 3,
                    "XPos": -72,
                    "YPos": 130,
                    "ZPos": -216,
                    "XRotation": 0,
                    "YRotation": 0,
                    "ZRotation": 0
                },
                {
                    "ModelId": "41001",
                    "ModelIdNum": 41001,
                    "ObjectType": 3,
                    "XPos": 72,
                    "YPos": 130,
                    "ZPos": -216,
                    "XRotation": 0,
                    "YRotation": -1024,
                    "ZRotation": 0
                },
                {
                    "ModelId": "41800",
                    "ModelIdNum": 41800,
                    "ObjectType": 3,
                    "XPos": 0,
                    "YPos": 130,
                    "ZPos": -232,
                    "XRotation": 0,
                    "YRotation": 0,
                    "ZRotation": 0
                },
                {
                    "ModelId": "41802",
                    "ModelIdNum": 41802,
                    "ObjectType": 3,
                    "XPos": 128,
                    "YPos": 130,
                    "ZPos": -88,
                    "XRotation": 0,
                    "YRotation": -1536,
                    "ZRotation": 0
                },
                {
                    "ModelId": "41802",
                    "ModelIdNum": 41802,
                    "ObjectType": 3,
                    "XPos": 128,
                    "YPos": 130,
                    "ZPos": -48,
                    "XRotation": 0,
                    "YRotation": -1536,
                    "ZRotation": 0
                },
                {
                    "ModelId": "41802",
                    "ModelIdNum": 41802,
                    "ObjectType": 3,
                    "XPos": -136,
                    "YPos": 130,
                    "ZPos": -88,
                    "XRotation": 0,
                    "YRotation": -512,
                    "ZRotation": 0
                },
                {
                    "ModelId": "41802",
                    "ModelIdNum": 41802,
                    "ObjectType": 3,
                    "XPos": -136,
                    "YPos": 130,
                    "ZPos": -128,
                    "XRotation": 0,
                    "YRotation": -512,
                    "ZRotation": 0
                },
                {
                    "ModelId": "41803",
                    "ModelIdNum": 41803,
                    "ObjectType": 3,
                    "XPos": -136,
                    "YPos": 130,
                    "ZPos": -48,
                    "XRotation": 0,
                    "YRotation": -512,
                    "ZRotation": 0
                },
                {
                    "ModelId": "41814",
                    "ModelIdNum": 41814,
                    "ObjectType": 3,
                    "XPos": -74,
                    "YPos": 2,
                    "ZPos": -128,
                    "XRotation": 0,
                    "YRotation": -1536,
                    "ZRotation": 0
                },
                {
                    "ModelId": "41819",
                    "ModelIdNum": 41819,
                    "ObjectType": 3,
                    "XPos": -112,
                    "YPos": 129,
                    "ZPos": 32,
                    "XRotation": 0,
                    "YRotation": -443,
                    "ZRotation": 0
                },
                {
                    "ModelId": "41821",
                    "ModelIdNum": 41821,
                    "ObjectType": 3,
                    "XPos": -112,
                    "YPos": 130,
                    "ZPos": 56,
                    "XRotation": 0,
                    "YRotation": -443,
                    "ZRotation": 0
                },
                {
                    "ModelId": "41824",
                    "ModelIdNum": 41824,
                    "ObjectType": 3,
                    "XPos": -128,
                    "YPos": 129,
                    "ZPos": 104,
                    "XRotation": 0,
                    "YRotation": -574,
                    "ZRotation": 0
                },
                {
                    "ModelId": "41808",
                    "ModelIdNum": 41808,
                    "ObjectType": 3,
                    "XPos": -88,
                    "YPos": 131,
                    "ZPos": 240,
                    "XRotation": 0,
                    "YRotation": -1018,
                    "ZRotation": 0
                },
                {
                    "ModelId": "41801",
                    "ModelIdNum": 41801,
                    "ObjectType": 3,
                    "XPos": -108,
                    "YPos": 0,
                    "ZPos": 232,
                    "XRotation": 0,
                    "YRotation": -1018,
                    "ZRotation": 0
                },
                {
                    "ModelId": "41105",
                    "ModelIdNum": 41105,
                    "ObjectType": 3,
                    "XPos": -166,
                    "YPos": 2,
                    "ZPos": -6,
                    "XRotation": 0,
                    "YRotation": -1530,
                    "ZRotation": 0
                },
                {
                    "ModelId": "74800",
                    "ModelIdNum": 74800,
                    "ObjectType": 0,
                    "XPos": 0,
                    "YPos": -126,
                    "ZPos": -36,
                    "XRotation": -1536,
                    "YRotation": 0,
                    "ZRotation": 0
                },
                {
                    "ModelId": "3018",
                    "ModelIdNum": 3018,
                    "ObjectType": 13,
                    "XPos": -181,
                    "YPos": -63,
                    "ZPos": 52,
                    "XRotation": 0,
                    "YRotation": -1024,
                    "ZRotation": 0
                },
                {
                    "ModelId": "41116",
                    "ModelIdNum": 41116,
                    "ObjectType": 3,
                    "XPos": -124,
                    "YPos": 7,
                    "ZPos": -243,
                    "ZScale": 1.08,
                    "XRotation": 0,
                    "YRotation": 0,
                    "ZRotation": 0
                },
                {
                    "ModelId": "45076",
                    "ModelIdNum": 45076,
                    "ObjectType": 0,
                    "XPos": -124,
                    "YPos": -12,
                    "ZPos": -242,
                    "XScale": 1.056819,
                    "ZScale": 0.295944,
                    "XRotation": 0,
                    "YRotation": 0,
                    "ZRotation": 0
                },
                {
                    "ModelId": "45081",
                    "ModelIdNum": 45081,
                    "ObjectType": 0,
                    "XPos": -82,
                    "YPos": -52,
                    "ZPos": -233,
                    "XRotation": 0,
                    "YRotation": 0,
                    "ZRotation": -512
                },
                {
                    "ModelId": "45081",
                    "ModelIdNum": 45081,
                    "ObjectType": 0,
                    "XPos": -86,
                    "YPos": -46,
                    "ZPos": -233,
                    "XScale": 0.4999999,
                    "YScale": 0.8999999,
                    "XRotation": 0,
                    "YRotation": 0,
                    "ZRotation": -512
                },
                {
                    "ModelId": "45129",
                    "ModelIdNum": 45129,
                    "ObjectType": 0,
                    "XPos": -65,
                    "YPos": -3,
                    "ZPos": -230,
                    "YScale": 1.5,
                    "ZScale": 3.0,
                    "XRotation": 0,
                    "YRotation": 0,
                    "ZRotation": -512
                },
                {
                    "ModelId": "1003",
                    "ModelIdNum": 1003,
                    "ObjectType": 13,
                    "XPos": -124,
                    "YPos": 0,
                    "ZPos": -189,
                    "XRotation": 0,
                    "YRotation": 0,
                    "ZRotation": 0
                },
                {
                    "ModelId": "3016",
                    "ModelIdNum": 3016,
                    "ObjectType": 13,
                    "XPos": -181,
                    "YPos": -63,
                    "ZPos": 167,
                    "XRotation": 0,
                    "YRotation": -1024,
                    "ZRotation": 0
                },
                {
                    "ModelId": "2002",
                    "ModelIdNum": 2002,
                    "ObjectType": 13,
                    "XPos": -122,
                    "YPos": -125,
                    "ZPos": -58,
                    "XRotation": 0,
                    "YRotation": 0,
                    "ZRotation": 0
                },
                {
                    "ModelId": "2000",
                    "ModelIdNum": 2000,
                    "ObjectType": 13,
                    "XPos": -122,
                    "YPos": -125,
                    "ZPos": 191,
                    "ZScale": 0.9261974,
                    "XRotation": 0,
                    "YRotation": -511,
                    "ZRotation": 0
                },
                {
                    "ModelId": "3004",
                    "ModelIdNum": 3004,
                    "ObjectType": 13,
                    "XPos": -98,
                    "YPos": -63,
                    "ZPos": 251,
                    "ZScale": 1.471076,
                    "XRotation": 0,
                    "YRotation": -1536,
                    "ZRotation": 0
                },
                {
                    "ModelId": "3030",
                    "ModelIdNum": 3030,
                    "ObjectType": 13,
                    "XPos": -182,
                    "YPos": -63,
                    "ZPos": 226,
                    "XRotation": 0,
                    "YRotation": -1024,
                    "ZRotation": 0
                },
                {
                    "ModelId": "3005",
                    "ModelIdNum": 3005,
                    "ObjectType": 13,
                    "XPos": -181,
                    "YPos": -63,
                    "ZPos": -128,
                    "XRotation": 0,
                    "YRotation": -1024,
                    "ZRotation": 0
                },
                {
                    "ModelId": "3004",
                    "ModelIdNum": 3004,
                    "ObjectType": 13,
                    "XPos": -125,
                    "YPos": -63,
                    "ZPos": -246,
                    "ZScale": 1.0265,
                    "XRotation": 0,
                    "YRotation": -511,
                    "ZRotation": 0
                },
                {
                    "ModelId": "3018",
                    "ModelIdNum": 3018,
                    "ObjectType": 13,
                    "XPos": -64,
                    "YPos": -63,
                    "ZPos": -39,
                    "XRotation": 0,
                    "YRotation": -5,
                    "ZRotation": 0
                },
                {
                    "ModelId": "3004",
                    "ModelIdNum": 3004,
                    "ObjectType": 13,
                    "XPos": -65,
                    "YPos": -63,
                    "ZPos": -155,
                    "ZScale": 1.01,
                    "XRotation": 0,
                    "YRotation": 0,
                    "ZRotation": 0
                },
                {
                    "ModelId": "3002",
                    "ModelIdNum": 3002,
                    "ObjectType": 13,
                    "XPos": -63,
                    "YPos": -63,
                    "ZPos": 76,
                    "XRotation": 0,
                    "YRotation": 0,
                    "ZRotation": 0
                },
                {
                    "ModelId": "3004",
                    "ModelIdNum": 3004,
                    "ObjectType": 13,
                    "XPos": -65,
                    "YPos": -63,
                    "ZPos": -247,
                    "ZScale": 0.57895,
                    "XRotation": 0,
                    "YRotation": 0,
                    "ZRotation": 0
                },
                {
                    "ModelId": "211",
                    "ModelIdNum": 211,
                    "ObjectType": 0,
                    "XPos": 4,
                    "YPos": 0,
                    "ZPos": 2,
                    "XRotation": 0,
                    "YRotation": 0,
                    "ZRotation": 0
                },
                {
                    "ModelId": "69465",
                    "ModelIdNum": 69465,
                    "ObjectType": 0,
                    "XPos": -124,
                    "YPos": 7,
                    "ZPos": -242,
                    "XScale": 0.3,
                    "YScale": 0.6,
                    "ZScale": 0.8999999,
                    "XRotation": 0,
                    "YRotation": -511,
                    "ZRotation": 0
                },
                {
                    "ModelId": "41901",
                    "ModelIdNum": 41901,
                    "ObjectType": 0,
                    "XPos": 184,
                    "YPos": -65,
                    "ZPos": 2,
                    "YScale": 0.97877,
                    "XRotation": 0,
                    "YRotation": 0,
                    "ZRotation": 0
                },
                {
                    "ModelId": "41901",
                    "ModelIdNum": 41901,
                    "ObjectType": 0,
                    "XPos": 184,
                    "YPos": -65,
                    "ZPos": -128,
                    "YScale": 0.97877,
                    "XRotation": 0,
                    "YRotation": 0,
                    "ZRotation": 0
                },
                {
                    "ModelId": "41901",
                    "ModelIdNum": 41901,
                    "ObjectType": 0,
                    "XPos": 184,
                    "YPos": -65,
                    "ZPos": -244,
                    "YScale": 0.97877,
                    "XRotation": 0,
                    "YRotation": 0,
                    "ZRotation": 0
                },
                {
                    "ModelId": "41901",
                    "ModelIdNum": 41901,
                    "ObjectType": 0,
                    "XPos": 64,
                    "YPos": -65,
                    "ZPos": -244,
                    "YScale": 0.97877,
                    "XRotation": 0,
                    "YRotation": 0,
                    "ZRotation": 0
                },
                {
                    "ModelId": "69423",
                    "ModelIdNum": 69423,
                    "ObjectType": 0,
                    "XPos": -4,
                    "YPos": -70,
                    "ZPos": 136,
                    "XRotation": -1536,
                    "YRotation": -511,
                    "ZRotation": 0
                },
                {
                    "ModelId": "45110",
                    "ModelIdNum": 45110,
                    "ObjectType": 0,
                    "XPos": 30,
                    "YPos": -228,
                    "ZPos": -126,
                    "YScale": 0.94473,
                    "XRotation": 0,
                    "YRotation": -1024,
                    "ZRotation": -170
                },
                {
                    "ModelId": "45110",
                    "ModelIdNum": 45110,
                    "ObjectType": 0,
                    "XPos": 30,
                    "YPos": -222,
                    "ZPos": -126,
                    "YScale": 1.51672,
                    "ZScale": 1.2,
                    "XRotation": 0,
                    "YRotation": 0,
                    "ZRotation": -84
                },
                {
                    "ModelId": "45110",
                    "ModelIdNum": 45110,
                    "ObjectType": 0,
                    "XPos": 140,
                    "YPos": -224,
                    "ZPos": -126,
                    "YScale": 3.34076,
                    "ZScale": 1.3,
                    "XRotation": 0,
                    "YRotation": 0,
                    "ZRotation": -511
                },
                {
                    "ModelId": "45110",
                    "ModelIdNum": 45110,
                    "ObjectType": 0,
                    "XPos": -26,
                    "YPos": -222,
                    "ZPos": -126,
                    "YScale": 1.11605,
                    "ZScale": 1.2,
                    "XRotation": 0,
                    "YRotation": 0,
                    "ZRotation": -169
                },
                {
                    "ModelId": "45110",
                    "ModelIdNum": 45110,
                    "ObjectType": 0,
                    "XPos": -28,
                    "YPos": -228,
                    "ZPos": -126,
                    "YScale": 1.39692,
                    "XRotation": 0,
                    "YRotation": -1024,
                    "ZRotation": -85
                },
                {
                    "ModelId": "45110",
                    "ModelIdNum": 45110,
                    "ObjectType": 0,
                    "XPos": 30,
                    "YPos": -224,
                    "ZPos": 2,
                    "YScale": 0.94473,
                    "XRotation": 0,
                    "YRotation": -1024,
                    "ZRotation": -170
                },
                {
                    "ModelId": "45110",
                    "ModelIdNum": 45110,
                    "ObjectType": 0,
                    "XPos": 30,
                    "YPos": -222,
                    "ZPos": 2,
                    "YScale": 1.51672,
                    "ZScale": 1.2,
                    "XRotation": 0,
                    "YRotation": 0,
                    "ZRotation": -84
                },
                {
                    "ModelId": "45110",
                    "ModelIdNum": 45110,
                    "ObjectType": 0,
                    "XPos": 140,
                    "YPos": -224,
                    "ZPos": 2,
                    "YScale": 3.34076,
                    "ZScale": 1.3,
                    "XRotation": 0,
                    "YRotation": 0,
                    "ZRotation": -511
                },
                {
                    "ModelId": "45110",
                    "ModelIdNum": 45110,
                    "ObjectType": 0,
                    "XPos": -26,
                    "YPos": -222,
                    "ZPos": 2,
                    "YScale": 1.11605,
                    "ZScale": 1.2,
                    "XRotation": 0,
                    "YRotation": 0,
                    "ZRotation": -169
                },
                {
                    "ModelId": "45110",
                    "ModelIdNum": 45110,
                    "ObjectType": 0,
                    "XPos": -28,
                    "YPos": -228,
                    "ZPos": 2,
                    "YScale": 1.39692,
                    "XRotation": 0,
                    "YRotation": -1024,
                    "ZRotation": -85
                },
                {
                    "ModelId": "45110",
                    "ModelIdNum": 45110,
                    "ObjectType": 0,
                    "XPos": 30,
                    "YPos": -228,
                    "ZPos": 124,
                    "YScale": 0.94473,
                    "XRotation": 0,
                    "YRotation": -1024,
                    "ZRotation": -170
                },
                {
                    "ModelId": "45110",
                    "ModelIdNum": 45110,
                    "ObjectType": 0,
                    "XPos": 30,
                    "YPos": -222,
                    "ZPos": 124,
                    "YScale": 1.51672,
                    "ZScale": 1.2,
                    "XRotation": 0,
                    "YRotation": 0,
                    "ZRotation": -84
                },
                {
                    "ModelId": "45110",
                    "ModelIdNum": 45110,
                    "ObjectType": 0,
                    "XPos": 140,
                    "YPos": -224,
                    "ZPos": 124,
                    "YScale": 3.34076,
                    "ZScale": 1.3,
                    "XRotation": 0,
                    "YRotation": 0,
                    "ZRotation": -511
                },
                {
                    "ModelId": "45110",
                    "ModelIdNum": 45110,
                    "ObjectType": 0,
                    "XPos": -26,
                    "YPos": -222,
                    "ZPos": 124,
                    "YScale": 1.11605,
                    "ZScale": 1.2,
                    "XRotation": 0,
                    "YRotation": 0,
                    "ZRotation": -169
                },
                {
                    "ModelId": "45110",
                    "ModelIdNum": 45110,
                    "ObjectType": 0,
                    "XPos": -28,
                    "YPos": -228,
                    "ZPos": 124,
                    "YScale": 1.39692,
                    "XRotation": 0,
                    "YRotation": -1024,
                    "ZRotation": -85
                }
            ],
            "BlockFlatObjectRecords": [
                {
                    "Position": 0,
                    "XPos": 120,
                    "YPos": 0,
                    "ZPos": 192,
                    "TextureArchive": 199,
                    "TextureRecord": 21,
                    "FactionID": 0,
                    "Flags": 17
                },
                {
                    "Position": 0,
                    "XPos": 24,
                    "YPos": -129,
                    "ZPos": 120,
                    "TextureArchive": 199,
                    "TextureRecord": 22,
                    "FactionID": 0,
                    "Flags": 17
                },
                {
                    "Position": 0,
                    "XPos": -155,
                    "YPos": -32,
                    "ZPos": -142,
                    "TextureArchive": 210,
                    "TextureRecord": 5,
                    "FactionID": 20496,
                    "Flags": 17
                },
                {
                    "Position": 0,
                    "XPos": 92,
                    "YPos": -141,
                    "ZPos": 186,
                    "TextureArchive": 210,
                    "TextureRecord": 25,
                    "FactionID": 28688,
                    "Flags": 17
                },
                {
                    "Position": 0,
                    "XPos": -122,
                    "YPos": -89,
                    "ZPos": 188,
                    "TextureArchive": 210,
                    "TextureRecord": 27,
                    "FactionID": 14352,
                    "Flags": 17
                },
                {
                    "Position": 0,
                    "XPos": 0,
                    "YPos": -229,
                    "ZPos": -62,
                    "TextureArchive": 210,
                    "TextureRecord": 25,
                    "FactionID": 28692,
                    "Flags": 17
                },
                {
                    "Position": 0,
                    "XPos": -48,
                    "YPos": -129,
                    "ZPos": -144,
                    "TextureArchive": 199,
                    "TextureRecord": 18,
                    "FactionID": 0,
                    "Flags": 17
                },
                {
                    "Position": 0,
                    "XPos": 40,
                    "YPos": -129,
                    "ZPos": -136,
                    "TextureArchive": 199,
                    "TextureRecord": 11,
                    "FactionID": -1,
                    "Flags": 1
                },
                {
                    "Position": 0,
                    "XPos": -128,
                    "YPos": 0,
                    "ZPos": 64,
                    "TextureArchive": 199,
                    "TextureRecord": 8,
                    "FactionID": 0,
                    "Flags": 0
                },
                {
                    "Position": 0,
                    "XPos": 45,
                    "YPos": 0,
                    "ZPos": 238,
                    "TextureArchive": 205,
                    "TextureRecord": 41,
                    "FactionID": 0,
                    "Flags": 0
                },
                {
                    "Position": 0,
                    "XPos": 0,
                    "YPos": -134,
                    "ZPos": -24,
                    "TextureArchive": 199,
                    "TextureRecord": 4,
                    "FactionID": 0,
                    "Flags": 0
                }
            ],
            "BlockSection3Records": [],
            "BlockPeopleRecords": [
                {
                    "Position": 4164,
                    "XPos": -120,
                    "YPos": 0,
                    "ZPos": 2,
                    "TextureArchive": 182,
                    "TextureRecord": 15,
                    "FactionID": 0,
                    "Flags": 1
                },
                {
                    "Position": 4165,
                    "XPos": 28,
                    "YPos": -131,
                    "ZPos": -68,
                    "TextureArchive": 182,
                    "TextureRecord": 4,
                    "FactionID": 0,
                    "Flags": 0
                }
            ],
            "BlockDoorRecords": []
        }
    },
    "AutoMapData": null
}