{
    "FactionId": 0,
    "BuildingType": 18,
    "Quality": 4,
    "NameSeed": 0,
    "RmbSubRecord": {
        "XPos": 2752,
        "ZPos": 256,
        "YRotation": 0,
        "Exterior": {
            "Header": {
                "Num3dObjectRecords": 1,
                "NumFlatObjectRecords": 0,
                "NumSection3Records": 0,
                "NumPeopleRecords": 0,
                "NumDoorRecords": 0
            },
            "Block3dObjectRecords": [
                {
                    "ModelId": "135",
                    "ModelIdNum": 135,
                    "ObjectType": 4,
                    "XPos": 0,
                    "YPos": 0,
                    "ZPos": 0,
                    "XRotation": 0,
                    "YRotation": 0,
                    "ZRotation": 0
                },
                {
                    "ModelId": "45116",
                    "ModelIdNum": 45116,
                    "ObjectType": 4,
                    "XPos": -192,
                    "YPos": -16,
                    "ZPos": -96,
                    "ZScale": 1.2,
                    "XRotation": 0,
                    "YRotation": 0,
                    "ZRotation": 0
                }
            ],
            "BlockFlatObjectRecords": [],
            "BlockSection3Records": [],
            "BlockPeopleRecords": [],
            "BlockDoorRecords": []
        },
        "Interior": {
            "Header": {
                "Num3dObjectRecords": 19,
                "NumFlatObjectRecords": 11,
                "NumSection3Records": 22,
                "NumPeopleRecords": 1,
                "NumDoorRecords": 5
            },
            "Block3dObjectRecords": [
                {
                    "ModelId": "28703",
                    "ModelIdNum": 28703,
                    "ObjectType": 13,
                    "XPos": 0,
                    "YPos": -159,
                    "ZPos": 0,
                    "XRotation": 0,
                    "YRotation": 0,
                    "ZRotation": 0
                },
                {
                    "ModelId": "31703",
                    "ModelIdNum": 31703,
                    "ObjectType": 13,
                    "XPos": -125,
                    "YPos": -64,
                    "ZPos": 189,
                    "XRotation": 0,
                    "YRotation": -1024,
                    "ZRotation": 0
                },
                {
                    "ModelId": "31705",
                    "ModelIdNum": 31705,
                    "ObjectType": 13,
                    "XPos": -128,
                    "YPos": -64,
                    "ZPos": 64,
                    "XRotation": 0,
                    "YRotation": 0,
                    "ZRotation": 0
                },
                {
                    "ModelId": "3700",
                    "ModelIdNum": 3700,
                    "ObjectType": 13,
                    "XPos": -128,
                    "YPos": -64,
                    "ZPos": -131,
                    "XRotation": 0,
                    "YRotation": -1536,
                    "ZRotation": 0
                },
                {
                    "ModelId": "3700",
                    "ModelIdNum": 3700,
                    "ObjectType": 13,
                    "XPos": -67,
                    "YPos": -64,
                    "ZPos": -192,
                    "XRotation": 0,
                    "YRotation": 0,
                    "ZRotation": 0
                },
                {
                    "ModelId": "3704",
                    "ModelIdNum": 3704,
                    "ObjectType": 13,
                    "XPos": -128,
                    "YPos": -64,
                    "ZPos": -250,
                    "XRotation": 0,
                    "YRotation": -512,
                    "ZRotation": 0
                },
                {
                    "ModelId": "3704",
                    "ModelIdNum": 3704,
                    "ObjectType": 13,
                    "XPos": -186,
                    "YPos": -64,
                    "ZPos": -192,
                    "XRotation": 0,
                    "YRotation": -1024,
                    "ZRotation": 0
                },
                {
                    "ModelId": "1700",
                    "ModelIdNum": 1700,
                    "ObjectType": 5,
                    "XPos": -128,
                    "YPos": -2,
                    "ZPos": -192,
                    "XRotation": 0,
                    "YRotation": 0,
                    "ZRotation": 0
                },
                {
                    "ModelId": "2700",
                    "ModelIdNum": 2700,
                    "ObjectType": 13,
                    "XPos": -128,
                    "YPos": -128,
                    "ZPos": -191,
                    "XRotation": 0,
                    "YRotation": 0,
                    "ZRotation": 0
                },
                {
                    "ModelId": "41104",
                    "ModelIdNum": 41104,
                    "ObjectType": 3,
                    "XPos": 96,
                    "YPos": 3,
                    "ZPos": 82,
                    "XRotation": 0,
                    "YRotation": -254,
                    "ZRotation": 0
                },
                {
                    "ModelId": "41000",
                    "ModelIdNum": 41000,
                    "ObjectType": 3,
                    "XPos": -20,
                    "YPos": 2,
                    "ZPos": -66,
                    "XRotation": 0,
                    "YRotation": -1022,
                    "ZRotation": 0
                },
                {
                    "ModelId": "41026",
                    "ModelIdNum": 41026,
                    "ObjectType": 0,
                    "XPos": 30,
                    "YPos": -39,
                    "ZPos": 98,
                    "XRotation": 0,
                    "YRotation": -1022,
                    "ZRotation": 0
                },
                {
                    "ModelId": "41100",
                    "ModelIdNum": 41100,
                    "ObjectType": 3,
                    "XPos": -142,
                    "YPos": 2,
                    "ZPos": 166,
                    "XRotation": 0,
                    "YRotation": -1107,
                    "ZRotation": 0
                },
                {
                    "ModelId": "41409",
                    "ModelIdNum": 41409,
                    "ObjectType": 3,
                    "XPos": 124,
                    "YPos": 2,
                    "ZPos": 152,
                    "XRotation": 0,
                    "YRotation": 0,
                    "ZRotation": 0
                },
                {
                    "ModelId": "1700",
                    "ModelIdNum": 1700,
                    "ObjectType": 13,
                    "XPos": -130,
                    "YPos": -2,
                    "ZPos": -64,
                    "XRotation": 0,
                    "YRotation": 0,
                    "ZRotation": 0
                },
                {
                    "ModelId": "3704",
                    "ModelIdNum": 3704,
                    "ObjectType": 13,
                    "XPos": -70,
                    "YPos": -64,
                    "ZPos": -64,
                    "ZScale": 1.025561,
                    "XRotation": 0,
                    "YRotation": 0,
                    "ZRotation": 0
                },
                {
                    "ModelId": "3700",
                    "ModelIdNum": 3700,
                    "ObjectType": 13,
                    "XPos": -128,
                    "YPos": -65,
                    "ZPos": -2,
                    "XRotation": 0,
                    "YRotation": -1536,
                    "ZRotation": 0
                },
                {
                    "ModelId": "3700",
                    "ModelIdNum": 3700,
                    "ObjectType": 13,
                    "XPos": -128,
                    "YPos": -64,
                    "ZPos": -126,
                    "XRotation": 0,
                    "YRotation": -512,
                    "ZRotation": 0
                },
                {
                    "ModelId": "2700",
                    "ModelIdNum": 2700,
                    "ObjectType": 13,
                    "XPos": -128,
                    "YPos": -126,
                    "ZPos": -66,
                    "XRotation": 0,
                    "YRotation": 0,
                    "ZRotation": 0
                },
                {
                    "ModelId": "3702",
                    "ModelIdNum": 3702,
                    "ObjectType": 13,
                    "XPos": -184,
                    "YPos": -26,
                    "ZPos": -10,
                    "XRotation": 0,
                    "YRotation": 0,
                    "ZRotation": -1023
                },
                {
                    "ModelId": "3717",
                    "ModelIdNum": 3717,
                    "ObjectType": 13,
                    "XPos": -126,
                    "YPos": 0,
                    "ZPos": -118,
                    "XRotation": 0,
                    "YRotation": -1024,
                    "ZRotation": 0
                },
                {
                    "ModelId": "4705",
                    "ModelIdNum": 4705,
                    "ObjectType": 13,
                    "XPos": -182,
                    "YPos": -128,
                    "ZPos": -64,
                    "XScale": 0.6923489,
                    "XRotation": 0,
                    "YRotation": -1536,
                    "ZRotation": 0
                },
                {
                    "ModelId": "3704",
                    "ModelIdNum": 3704,
                    "ObjectType": 13,
                    "XPos": -186,
                    "YPos": -102,
                    "ZPos": -6,
                    "XRotation": 0,
                    "YRotation": -1024,
                    "ZRotation": 0
                },
                {
                    "ModelId": "4705",
                    "ModelIdNum": 4705,
                    "ObjectType": 13,
                    "XPos": -182,
                    "YPos": -127,
                    "ZPos": -8,
                    "XScale": 0.6600578,
                    "XRotation": 0,
                    "YRotation": -1536,
                    "ZRotation": 0
                },
                {
                    "ModelId": "3705",
                    "ModelIdNum": 3705,
                    "ObjectType": 13,
                    "XPos": -182,
                    "YPos": -64,
                    "ZPos": 128,
                    "XRotation": 0,
                    "YRotation": -1024,
                    "ZRotation": 0
                },
                {
                    "ModelId": "3704",
                    "ModelIdNum": 3704,
                    "ObjectType": 13,
                    "XPos": -182,
                    "YPos": -64,
                    "ZPos": -192,
                    "XRotation": 0,
                    "YRotation": -1024,
                    "ZRotation": 0
                },
                {
                    "ModelId": "45081",
                    "ModelIdNum": 45081,
                    "ObjectType": 0,
                    "XPos": -173,
                    "YPos": -57,
                    "ZPos": 92,
                    "XScale": 0.5,
                    "YScale": 0.8,
                    "ZScale": 1.030207,
                    "XRotation": 0,
                    "YRotation": -512,
                    "ZRotation": -511
                },
                {
                    "ModelId": "41117",
                    "ModelIdNum": 41117,
                    "ObjectType": 3,
                    "XPos": -176,
                    "YPos": 9,
                    "ZPos": 127,
                    "ZScale": 0.3958275,
                    "XRotation": 0,
                    "YRotation": -511,
                    "ZRotation": 0
                },
                {
                    "ModelId": "45076",
                    "ModelIdNum": 45076,
                    "ObjectType": 0,
                    "XPos": -182,
                    "YPos": -12,
                    "ZPos": 128,
                    "YScale": 1.0132,
                    "ZScale": 0.43567,
                    "XRotation": 0,
                    "YRotation": -511,
                    "ZRotation": 0
                },
                {
                    "ModelId": "45129",
                    "ModelIdNum": 45129,
                    "ObjectType": 0,
                    "XPos": -178,
                    "YPos": -4,
                    "ZPos": 49,
                    "YScale": 1.9,
                    "ZScale": 4.0,
                    "XRotation": 0,
                    "YRotation": -512,
                    "ZRotation": -512
                },
                {
                    "ModelId": "45081",
                    "ModelIdNum": 45081,
                    "ObjectType": 0,
                    "XPos": -172,
                    "YPos": -63,
                    "ZPos": 84,
                    "YScale": 1.02,
                    "ZScale": 1.1171,
                    "XRotation": 0,
                    "YRotation": -512,
                    "ZRotation": -512
                },
                {
                    "ModelId": "1700",
                    "ModelIdNum": 1700,
                    "ObjectType": 13,
                    "XPos": 0,
                    "YPos": -2,
                    "ZPos": 188,
                    "XRotation": 0,
                    "YRotation": 0,
                    "ZRotation": 0
                },
                {
                    "ModelId": "2700",
                    "ModelIdNum": 2700,
                    "ObjectType": 13,
                    "XPos": 2,
                    "YPos": -126,
                    "ZPos": 186,
                    "XRotation": 0,
                    "YRotation": 0,
                    "ZRotation": 0
                },
                {
                    "ModelId": "3700",
                    "ModelIdNum": 3700,
                    "ObjectType": 13,
                    "XPos": 62,
                    "YPos": -64,
                    "ZPos": 192,
                    "XRotation": 0,
                    "YRotation": 0,
                    "ZRotation": 0
                },
                {
                    "ModelId": "3700",
                    "ModelIdNum": 3700,
                    "ObjectType": 13,
                    "XPos": -62,
                    "YPos": -64,
                    "ZPos": 192,
                    "XRotation": 0,
                    "YRotation": -1024,
                    "ZRotation": 0
                },
                {
                    "ModelId": "3704",
                    "ModelIdNum": 3704,
                    "ObjectType": 13,
                    "XPos": 2,
                    "YPos": -64,
                    "ZPos": 136,
                    "ZScale": 1.0624,
                    "XRotation": 0,
                    "YRotation": -511,
                    "ZRotation": 0
                },
                {
                    "ModelId": "3718",
                    "ModelIdNum": 3718,
                    "ObjectType": 13,
                    "XPos": 2,
                    "YPos": -64,
                    "ZPos": 250,
                    "ZScale": 1.063627,
                    "XRotation": 0,
                    "YRotation": -1536,
                    "ZRotation": 0
                },
                {
                    "ModelId": "1708",
                    "ModelIdNum": 1708,
                    "ObjectType": 13,
                    "XPos": 64,
                    "YPos": -2,
                    "ZPos": -68,
                    "XRotation": 0,
                    "YRotation": 0,
                    "ZRotation": 0
                },
                {
                    "ModelId": "3700",
                    "ModelIdNum": 3700,
                    "ObjectType": 13,
                    "XPos": -65,
                    "YPos": -64,
                    "ZPos": -192,
                    "XRotation": 0,
                    "YRotation": -1024,
                    "ZRotation": 0
                },
                {
                    "ModelId": "3705",
                    "ModelIdNum": 3705,
                    "ObjectType": 13,
                    "XPos": -62,
                    "YPos": -64,
                    "ZPos": -14,
                    "XRotation": 0,
                    "YRotation": -1024,
                    "ZRotation": 0
                },
                {
                    "ModelId": "3705",
                    "ModelIdNum": 3705,
                    "ObjectType": 13,
                    "XPos": 60,
                    "YPos": -64,
                    "ZPos": 106,
                    "XRotation": 0,
                    "YRotation": -1536,
                    "ZRotation": 0
                },
                {
                    "ModelId": "3704",
                    "ModelIdNum": 3704,
                    "ObjectType": 13,
                    "XPos": 166,
                    "YPos": -64,
                    "ZPos": 74,
                    "XRotation": 0,
                    "YRotation": -1763,
                    "ZRotation": 0
                },
                {
                    "ModelId": "3704",
                    "ModelIdNum": 3704,
                    "ObjectType": 13,
                    "XPos": 170,
                    "YPos": -64,
                    "ZPos": 24,
                    "ZScale": 0.83587,
                    "XRotation": 0,
                    "YRotation": 0,
                    "ZRotation": 0
                },
                {
                    "ModelId": "3704",
                    "ModelIdNum": 3704,
                    "ObjectType": 13,
                    "XPos": 166,
                    "YPos": -64,
                    "ZPos": -20,
                    "XRotation": 0,
                    "YRotation": -512,
                    "ZRotation": 0
                },
                {
                    "ModelId": "4705",
                    "ModelIdNum": 4705,
                    "ObjectType": 13,
                    "XPos": 102,
                    "YPos": -2,
                    "ZPos": -20,
                    "XRotation": 0,
                    "YRotation": -1024,
                    "ZRotation": 0
                },
                {
                    "ModelId": "4705",
                    "ModelIdNum": 4705,
                    "ObjectType": 13,
                    "XPos": 94,
                    "YPos": -2,
                    "ZPos": -28,
                    "XRotation": 0,
                    "YRotation": -512,
                    "ZRotation": 0
                },
                {
                    "ModelId": "3704",
                    "ModelIdNum": 3704,
                    "ObjectType": 13,
                    "XPos": 152,
                    "YPos": -64,
                    "ZPos": -26,
                    "XRotation": 0,
                    "YRotation": -1536,
                    "ZRotation": 0
                },
                {
                    "ModelId": "3705",
                    "ModelIdNum": 3705,
                    "ObjectType": 13,
                    "XPos": 98,
                    "YPos": -64,
                    "ZPos": -138,
                    "ZScale": 0.8609461,
                    "XRotation": 0,
                    "YRotation": 0,
                    "ZRotation": 0
                },
                {
                    "ModelId": "3719",
                    "ModelIdNum": 3719,
                    "ObjectType": 13,
                    "XPos": 20,
                    "YPos": -64,
                    "ZPos": -242,
                    "ZScale": 0.6730264,
                    "XRotation": 0,
                    "YRotation": -511,
                    "ZRotation": 0
                },
                {
                    "ModelId": "2708",
                    "ModelIdNum": 2708,
                    "ObjectType": 13,
                    "XPos": 54,
                    "YPos": -128,
                    "ZPos": -62,
                    "XRotation": 0,
                    "YRotation": 0,
                    "ZRotation": 0
                },
                {
                    "ModelId": "41005",
                    "ModelIdNum": 41005,
                    "ObjectType": 0,
                    "XPos": -48,
                    "YPos": -167,
                    "ZPos": -236,
                    "XRotation": 0,
                    "YRotation": -1024,
                    "ZRotation": 0
                },
                {
                    "ModelId": "79010",
                    "ModelIdNum": 79010,
                    "ObjectType": 0,
                    "XPos": 2,
                    "YPos": -80,
                    "ZPos": 138,
                    "XRotation": -1536,
                    "YRotation": -511,
                    "ZRotation": 0
                },
                {
                    "ModelId": "41105",
                    "ModelIdNum": 41105,
                    "ObjectType": 0,
                    "XPos": -166,
                    "YPos": -18,
                    "ZPos": -172,
                    "XRotation": 0,
                    "YRotation": -512,
                    "ZRotation": 0
                },
                {
                    "ModelId": "1701",
                    "ModelIdNum": 1701,
                    "ObjectType": 13,
                    "XPos": 0,
                    "YPos": 2,
                    "ZPos": 188,
                    "XRotation": 0,
                    "YRotation": -512,
                    "ZRotation": 0
                },
                {
                    "ModelId": "41036",
                    "ModelIdNum": 41036,
                    "ObjectType": 3,
                    "XPos": 144,
                    "YPos": 3,
                    "ZPos": 22,
                    "XRotation": 0,
                    "YRotation": -1536,
                    "ZRotation": 0
                },
                {
                    "ModelId": "41007",
                    "ModelIdNum": 41007,
                    "ObjectType": 3,
                    "XPos": -58,
                    "YPos": 52,
                    "ZPos": -8,
                    "XRotation": 0,
                    "YRotation": -512,
                    "ZRotation": 0
                },
                {
                    "ModelId": "41007",
                    "ModelIdNum": 41007,
                    "ObjectType": 0,
                    "XPos": -58,
                    "YPos": -64,
                    "ZPos": 42,
                    "XRotation": 0,
                    "YRotation": -512,
                    "ZRotation": 0
                },
                {
                    "ModelId": "45164",
                    "ModelIdNum": 45164,
                    "ObjectType": 0,
                    "XPos": 96,
                    "YPos": -92,
                    "ZPos": -126,
                    "XRotation": 0,
                    "YRotation": -1536,
                    "ZRotation": 0
                },
                {
                    "ModelId": "41124",
                    "ModelIdNum": 41124,
                    "ObjectType": 0,
                    "XPos": -148,
                    "YPos": -35,
                    "ZPos": -234,
                    "XRotation": 0,
                    "YRotation": 0,
                    "ZRotation": 0
                },
                {
                    "ModelId": "41037",
                    "ModelIdNum": 41037,
                    "ObjectType": 3,
                    "XPos": -80,
                    "YPos": 3,
                    "ZPos": -96,
                    "XRotation": 0,
                    "YRotation": -1536,
                    "ZRotation": 0
                },
                {
                    "ModelId": "41811",
                    "ModelIdNum": 41811,
                    "ObjectType": 3,
                    "XPos": -84,
                    "YPos": 2,
                    "ZPos": -56,
                    "XRotation": 0,
                    "YRotation": -512,
                    "ZRotation": 0
                },
                {
                    "ModelId": "41111",
                    "ModelIdNum": 41111,
                    "ObjectType": 0,
                    "XPos": -138,
                    "YPos": -17,
                    "ZPos": 228,
                    "XScale": 1.2339,
                    "YScale": 0.86333,
                    "ZScale": 0.8644057,
                    "XRotation": 0,
                    "YRotation": 0,
                    "ZRotation": 0
                },
                {
                    "ModelId": "69465",
                    "ModelIdNum": 69465,
                    "ObjectType": 0,
                    "XPos": -180,
                    "YPos": -4,
                    "ZPos": 128,
                    "XScale": 0.3,
                    "YScale": 0.6,
                    "ZScale": 0.9,
                    "XRotation": 0,
                    "YRotation": -1024,
                    "ZRotation": 0
                },
                {
                    "ModelId": "41810",
                    "ModelIdNum": 41810,
                    "ObjectType": 3,
                    "XPos": -74,
                    "YPos": 51,
                    "ZPos": 76,
                    "XRotation": 0,
                    "YRotation": -1536,
                    "ZRotation": 0
                },
                {
                    "ModelId": "41810",
                    "ModelIdNum": 41810,
                    "ObjectType": 0,
                    "XPos": -74,
                    "YPos": -68,
                    "ZPos": 118,
                    "XRotation": 0,
                    "YRotation": -1536,
                    "ZRotation": 0
                },
                {
                    "ModelId": "45110",
                    "ModelIdNum": 45110,
                    "ObjectType": 0,
                    "XPos": 30,
                    "YPos": -228,
                    "ZPos": -122,
                    "YScale": 0.94473,
                    "XRotation": 0,
                    "YRotation": -1024,
                    "ZRotation": -170
                },
                {
                    "ModelId": "45110",
                    "ModelIdNum": 45110,
                    "ObjectType": 0,
                    "XPos": 30,
                    "YPos": -222,
                    "ZPos": -122,
                    "YScale": 1.51672,
                    "ZScale": 1.2,
                    "XRotation": 0,
                    "YRotation": 0,
                    "ZRotation": -84
                },
                {
                    "ModelId": "45110",
                    "ModelIdNum": 45110,
                    "ObjectType": 0,
                    "XPos": 118,
                    "YPos": -224,
                    "ZPos": -122,
                    "YScale": 2.78978,
                    "ZScale": 1.3,
                    "XRotation": 0,
                    "YRotation": 0,
                    "ZRotation": -511
                },
                {
                    "ModelId": "45110",
                    "ModelIdNum": 45110,
                    "ObjectType": 0,
                    "XPos": -26,
                    "YPos": -222,
                    "ZPos": -122,
                    "YScale": 1.11605,
                    "ZScale": 1.2,
                    "XRotation": 0,
                    "YRotation": 0,
                    "ZRotation": -169
                },
                {
                    "ModelId": "45110",
                    "ModelIdNum": 45110,
                    "ObjectType": 0,
                    "XPos": -28,
                    "YPos": -228,
                    "ZPos": -122,
                    "YScale": 1.39692,
                    "XRotation": 0,
                    "YRotation": -1024,
                    "ZRotation": -85
                },
                {
                    "ModelId": "45110",
                    "ModelIdNum": 45110,
                    "ObjectType": 0,
                    "XPos": 30,
                    "YPos": -224,
                    "ZPos": 2,
                    "YScale": 0.94473,
                    "XRotation": 0,
                    "YRotation": -1024,
                    "ZRotation": -170
                },
                {
                    "ModelId": "45110",
                    "ModelIdNum": 45110,
                    "ObjectType": 0,
                    "XPos": 30,
                    "YPos": -222,
                    "ZPos": 2,
                    "YScale": 1.51672,
                    "ZScale": 1.2,
                    "XRotation": 0,
                    "YRotation": 0,
                    "ZRotation": -84
                },
                {
                    "ModelId": "45110",
                    "ModelIdNum": 45110,
                    "ObjectType": 0,
                    "XPos": 118,
                    "YPos": -224,
                    "ZPos": 2,
                    "YScale": 2.78978,
                    "ZScale": 1.3,
                    "XRotation": 0,
                    "YRotation": 0,
                    "ZRotation": -511
                },
                {
                    "ModelId": "45110",
                    "ModelIdNum": 45110,
                    "ObjectType": 0,
                    "XPos": -26,
                    "YPos": -222,
                    "ZPos": 2,
                    "YScale": 1.11605,
                    "ZScale": 1.2,
                    "XRotation": 0,
                    "YRotation": 0,
                    "ZRotation": -169
                },
                {
                    "ModelId": "45110",
                    "ModelIdNum": 45110,
                    "ObjectType": 0,
                    "XPos": -28,
                    "YPos": -228,
                    "ZPos": 2,
                    "YScale": 1.39692,
                    "XRotation": 0,
                    "YRotation": -1024,
                    "ZRotation": -85
                },
                {
                    "ModelId": "45110",
                    "ModelIdNum": 45110,
                    "ObjectType": 0,
                    "XPos": 30,
                    "YPos": -228,
                    "ZPos": 124,
                    "YScale": 0.94473,
                    "XRotation": 0,
                    "YRotation": -1024,
                    "ZRotation": -170
                },
                {
                    "ModelId": "45110",
                    "ModelIdNum": 45110,
                    "ObjectType": 0,
                    "XPos": 30,
                    "YPos": -222,
                    "ZPos": 124,
                    "YScale": 1.51672,
                    "ZScale": 1.2,
                    "XRotation": 0,
                    "YRotation": 0,
                    "ZRotation": -84
                },
                {
                    "ModelId": "45110",
                    "ModelIdNum": 45110,
                    "ObjectType": 0,
                    "XPos": 118,
                    "YPos": -224,
                    "ZPos": 124,
                    "YScale": 2.78978,
                    "ZScale": 1.3,
                    "XRotation": 0,
                    "YRotation": 0,
                    "ZRotation": -511
                },
                {
                    "ModelId": "45110",
                    "ModelIdNum": 45110,
                    "ObjectType": 0,
                    "XPos": -26,
                    "YPos": -222,
                    "ZPos": 124,
                    "YScale": 1.11605,
                    "ZScale": 1.2,
                    "XRotation": 0,
                    "YRotation": 0,
                    "ZRotation": -169
                },
                {
                    "ModelId": "45110",
                    "ModelIdNum": 45110,
                    "ObjectType": 0,
                    "XPos": -28,
                    "YPos": -228,
                    "ZPos": 124,
                    "YScale": 1.39692,
                    "XRotation": 0,
                    "YRotation": -1024,
                    "ZRotation": -85
                }
            ],
            "BlockFlatObjectRecords": [
                {
                    "Position": 0,
                    "XPos": 0,
                    "YPos": -241,
                    "ZPos": 56,
                    "TextureArchive": 210,
                    "TextureRecord": 22,
                    "FactionID": -32752,
                    "Flags": 17
                },
                {
                    "Position": 0,
                    "XPos": 24,
                    "YPos": -82,
                    "ZPos": 4,
                    "TextureArchive": 210,
                    "TextureRecord": 13,
                    "FactionID": -32752,
                    "Flags": 17
                },
                {
                    "Position": 0,
                    "XPos": -144,
                    "YPos": -80,
                    "ZPos": 216,
                    "TextureArchive": 210,
                    "TextureRecord": 13,
                    "FactionID": -32752,
                    "Flags": 17
                },
                {
                    "Position": 0,
                    "XPos": 74,
                    "YPos": -3,
                    "ZPos": -224,
                    "TextureArchive": 199,
                    "TextureRecord": 20,
                    "FactionID": 0,
                    "Flags": 17
                },
                {
                    "Position": 0,
                    "XPos": -34,
                    "YPos": -3,
                    "ZPos": 72,
                    "TextureArchive": 199,
                    "TextureRecord": 20,
                    "FactionID": 0,
                    "Flags": 17
                },
                {
                    "Position": 0,
                    "XPos": 0,
                    "YPos": 0,
                    "ZPos": 230,
                    "TextureArchive": 199,
                    "TextureRecord": 20,
                    "FactionID": 0,
                    "Flags": 17
                },
                {
                    "Position": 0,
                    "XPos": 40,
                    "YPos": -129,
                    "ZPos": 104,
                    "TextureArchive": 199,
                    "TextureRecord": 22,
                    "FactionID": 0,
                    "Flags": 17
                },
                {
                    "Position": 0,
                    "XPos": 128,
                    "YPos": 0,
                    "ZPos": 200,
                    "TextureArchive": 199,
                    "TextureRecord": 21,
                    "FactionID": 0,
                    "Flags": 17
                },
                {
                    "Position": 0,
                    "XPos": -24,
                    "YPos": -129,
                    "ZPos": -48,
                    "TextureArchive": 199,
                    "TextureRecord": 20,
                    "FactionID": -1,
                    "Flags": 17
                },
                {
                    "Position": 0,
                    "XPos": -146,
                    "YPos": -3,
                    "ZPos": -64,
                    "TextureArchive": 199,
                    "TextureRecord": 8,
                    "FactionID": 0,
                    "Flags": 0
                },
                {
                    "Position": 0,
                    "XPos": 48,
                    "YPos": -3,
                    "ZPos": 8,
                    "TextureArchive": 199,
                    "TextureRecord": 18,
                    "FactionID": 0,
                    "Flags": 0
                },
                {
                    "Position": 0,
                    "XPos": 64,
                    "YPos": -130,
                    "ZPos": 16,
                    "TextureArchive": 199,
                    "TextureRecord": 11,
                    "FactionID": 0,
                    "Flags": 0
                },
                {
                    "Position": 0,
                    "XPos": -86,
                    "YPos": -36,
                    "ZPos": -94,
                    "TextureArchive": 210,
                    "TextureRecord": 4,
                    "FactionID": 0,
                    "Flags": 0
                },
                {
                    "Position": 0,
                    "XPos": -86,
                    "YPos": -2,
                    "ZPos": -22,
                    "TextureArchive": 205,
                    "TextureRecord": 41,
                    "FactionID": 0,
                    "Flags": 0
                },
                {
                    "Position": 0,
                    "XPos": -166,
                    "YPos": -26,
                    "ZPos": 220,
                    "TextureArchive": 10021,
                    "TextureRecord": 2,
                    "FactionID": 0,
                    "Flags": 0
                },
                {
                    "Position": 0,
                    "XPos": -142,
                    "YPos": -24,
                    "ZPos": 228,
                    "TextureArchive": 10021,
                    "TextureRecord": 15,
                    "FactionID": 0,
                    "Flags": 0
                },
                {
                    "Position": 0,
                    "XPos": -112,
                    "YPos": -26,
                    "ZPos": 222,
                    "TextureArchive": 10021,
                    "TextureRecord": 0,
                    "FactionID": 0,
                    "Flags": 0
                },
                {
                    "Position": 0,
                    "XPos": -18,
                    "YPos": -3,
                    "ZPos": 0,
                    "TextureArchive": 199,
                    "TextureRecord": 4,
                    "FactionID": 0,
                    "Flags": 0
                }
            ],
            "BlockSection3Records": [
                {
                    "XPos": -128,
                    "YPos": 0,
                    "ZPos": 64
                },
                {
                    "XPos": -128,
                    "YPos": 0,
                    "ZPos": 192
                },
                {
                    "XPos": -128,
                    "YPos": 0,
                    "ZPos": -192
                },
                {
                    "XPos": 0,
                    "YPos": 0,
                    "ZPos": 64
                },
                {
                    "XPos": 128,
                    "YPos": 0,
                    "ZPos": 64
                },
                {
                    "XPos": 0,
                    "YPos": 0,
                    "ZPos": -64
                },
                {
                    "XPos": 128,
                    "YPos": 0,
                    "ZPos": -64
                },
                {
                    "XPos": 0,
                    "YPos": 0,
                    "ZPos": -192
                },
                {
                    "XPos": 128,
                    "YPos": 0,
                    "ZPos": -192
                },
                {
                    "XPos": 0,
                    "YPos": 0,
                    "ZPos": 192
                },
                {
                    "XPos": 128,
                    "YPos": -129,
                    "ZPos": 192
                },
                {
                    "XPos": -128,
                    "YPos": -129,
                    "ZPos": 192
                },
                {
                    "XPos": 0,
                    "YPos": -129,
                    "ZPos": 192
                },
                {
                    "XPos": 128,
                    "YPos": -129,
                    "ZPos": 64
                },
                {
                    "XPos": 0,
                    "YPos": -129,
                    "ZPos": 64
                },
                {
                    "XPos": -128,
                    "YPos": -129,
                    "ZPos": 64
                },
                {
                    "XPos": -128,
                    "YPos": -129,
                    "ZPos": -64
                },
                {
                    "XPos": 0,
                    "YPos": -129,
                    "ZPos": -64
                },
                {
                    "XPos": 128,
                    "YPos": -129,
                    "ZPos": -64
                },
                {
                    "XPos": 128,
                    "YPos": -129,
                    "ZPos": -192
                },
                {
                    "XPos": 0,
                    "YPos": -129,
                    "ZPos": -192
                },
                {
                    "XPos": -128,
                    "YPos": -129,
                    "ZPos": -192
                }
            ],
            "BlockPeopleRecords": [
                {
                    "Position": 3012,
                    "XPos": 66,
                    "YPos": 0,
                    "ZPos": -80,
                    "TextureArchive": 182,
                    "TextureRecord": 46,
                    "FactionID": 419,
                    "Flags": 9
                }
            ],
            "BlockDoorRecords": [
                {
                    "Position": 0,
                    "XPos": -151,
                    "YPos": -45,
                    "ZPos": 4,
                    "YRotation": 0,
                    "OpenRotation": 97,
                    "DoorModelIndex": 0
                },
                {
                    "Position": 1,
                    "XPos": -71,
                    "YPos": -45,
                    "ZPos": -215,
                    "YRotation": -1536,
                    "OpenRotation": 97,
                    "DoorModelIndex": 0
                },
                {
                    "Position": 2,
                    "XPos": 71,
                    "YPos": -45,
                    "ZPos": 215,
                    "YRotation": -512,
                    "OpenRotation": 97,
                    "DoorModelIndex": 0
                }
            ]
        }
    },
    "AutoMapData": null
}