{
    "FactionId": 0,
    "BuildingType": 18,
    "Quality": 12,
    "NameSeed": 0,
    "RmbSubRecord": {
        "XPos": 2624,
        "ZPos": 3392,
        "YRotation": 1536,
        "Exterior": {
            "Header": {
                "Num3dObjectRecords": 1,
                "NumFlatObjectRecords": 0,
                "NumSection3Records": 0,
                "NumPeopleRecords": 0,
                "NumDoorRecords": 0
            },
            "Block3dObjectRecords": [
                {
                    "ModelId": "206",
                    "ModelIdNum": 206,
                    "ObjectType": 4,
                    "XPos": -32,
                    "YPos": 0,
                    "ZPos": -32,
                    "XRotation": 0,
                    "YRotation": 0,
                    "ZRotation": 0
                }
            ],
            "BlockFlatObjectRecords": [],
            "BlockSection3Records": [],
            "BlockPeopleRecords": [],
            "BlockDoorRecords": []
        },
        "Interior": {
            "Header": {
                "Num3dObjectRecords": 33,
                "NumFlatObjectRecords": 18,
                "NumSection3Records": 49,
                "NumPeopleRecords": 1,
                "NumDoorRecords": 6
            },
            "Block3dObjectRecords": [
                {
                    "ModelId": "29103",
                    "ModelIdNum": 29103,
                    "ObjectType": 13,
                    "XPos": 0,
                    "YPos": -159,
                    "ZPos": 0,
                    "XRotation": 0,
                    "YRotation": -1536,
                    "ZRotation": 0
                },
                {
                    "ModelId": "31103",
                    "ModelIdNum": 31103,
                    "ObjectType": 13,
                    "XPos": -259,
                    "YPos": -63,
                    "ZPos": 125,
                    "XRotation": 0,
                    "YRotation": -1536,
                    "ZRotation": 0
                },
                {
                    "ModelId": "36100",
                    "ModelIdNum": 36100,
                    "ObjectType": 13,
                    "XPos": -381,
                    "YPos": -64,
                    "ZPos": 3,
                    "XRotation": 0,
                    "YRotation": -512,
                    "ZRotation": 0
                },
                {
                    "ModelId": "31120",
                    "ModelIdNum": 31120,
                    "ObjectType": 13,
                    "XPos": -256,
                    "YPos": -63,
                    "ZPos": 3,
                    "XRotation": 0,
                    "YRotation": -1536,
                    "ZRotation": 0
                },
                {
                    "ModelId": "31100",
                    "ModelIdNum": 31100,
                    "ObjectType": 13,
                    "XPos": -128,
                    "YPos": -63,
                    "ZPos": 128,
                    "XRotation": 0,
                    "YRotation": 0,
                    "ZRotation": 0
                },
                {
                    "ModelId": "31110",
                    "ModelIdNum": 31110,
                    "ObjectType": 13,
                    "XPos": -128,
                    "YPos": -63,
                    "ZPos": 253,
                    "XRotation": 0,
                    "YRotation": 0,
                    "ZRotation": 0
                },
                {
                    "ModelId": "31105",
                    "ModelIdNum": 31105,
                    "ObjectType": 13,
                    "XPos": 0,
                    "YPos": -63,
                    "ZPos": 0,
                    "XRotation": 0,
                    "YRotation": -1536,
                    "ZRotation": 0
                },
                {
                    "ModelId": "41000",
                    "ModelIdNum": 41000,
                    "ObjectType": 3,
                    "XPos": 400,
                    "YPos": 2,
                    "ZPos": -232,
                    "XRotation": 0,
                    "YRotation": 0,
                    "ZRotation": 0
                },
                {
                    "ModelId": "41003",
                    "ModelIdNum": 41003,
                    "ObjectType": 0,
                    "XPos": 88,
                    "YPos": -61,
                    "ZPos": -96,
                    "XRotation": 0,
                    "YRotation": -512,
                    "ZRotation": 0
                },
                {
                    "ModelId": "41004",
                    "ModelIdNum": 41004,
                    "ObjectType": 3,
                    "XPos": 88,
                    "YPos": 2,
                    "ZPos": -218,
                    "XRotation": 0,
                    "YRotation": -512,
                    "ZRotation": 0
                },
                {
                    "ModelId": "41037",
                    "ModelIdNum": 41037,
                    "ObjectType": 0,
                    "XPos": 216,
                    "YPos": -36,
                    "ZPos": 304,
                    "XRotation": 0,
                    "YRotation": -1024,
                    "ZRotation": 0
                },
                {
                    "ModelId": "41106",
                    "ModelIdNum": 41106,
                    "ObjectType": 3,
                    "XPos": 320,
                    "YPos": 2,
                    "ZPos": 192,
                    "XRotation": 0,
                    "YRotation": -256,
                    "ZRotation": 0
                },
                {
                    "ModelId": "41108",
                    "ModelIdNum": 41108,
                    "ObjectType": 3,
                    "XPos": 272,
                    "YPos": 2,
                    "ZPos": 160,
                    "XRotation": 0,
                    "YRotation": -256,
                    "ZRotation": 0
                },
                {
                    "ModelId": "41106",
                    "ModelIdNum": 41106,
                    "ObjectType": 3,
                    "XPos": 224,
                    "YPos": 2,
                    "ZPos": 128,
                    "XRotation": 0,
                    "YRotation": -192,
                    "ZRotation": 0
                },
                {
                    "ModelId": "41007",
                    "ModelIdNum": 41007,
                    "ObjectType": 0,
                    "XPos": -22,
                    "YPos": -14,
                    "ZPos": 136,
                    "XRotation": 0,
                    "YRotation": -1533,
                    "ZRotation": 0
                },
                {
                    "ModelId": "41007",
                    "ModelIdNum": 41007,
                    "ObjectType": 3,
                    "XPos": -22,
                    "YPos": 2,
                    "ZPos": 168,
                    "XRotation": 0,
                    "YRotation": -1533,
                    "ZRotation": 0
                },
                {
                    "ModelId": "41007",
                    "ModelIdNum": 41007,
                    "ObjectType": 0,
                    "XPos": 10,
                    "YPos": -14,
                    "ZPos": 168,
                    "XRotation": 0,
                    "YRotation": -510,
                    "ZRotation": 0
                },
                {
                    "ModelId": "41007",
                    "ModelIdNum": 41007,
                    "ObjectType": 3,
                    "XPos": 10,
                    "YPos": 2,
                    "ZPos": 136,
                    "XRotation": 0,
                    "YRotation": -510,
                    "ZRotation": 0
                },
                {
                    "ModelId": "41032",
                    "ModelIdNum": 41032,
                    "ObjectType": 3,
                    "XPos": -250,
                    "YPos": 2,
                    "ZPos": 209,
                    "XRotation": 0,
                    "YRotation": -2046,
                    "ZRotation": 0
                },
                {
                    "ModelId": "41409",
                    "ModelIdNum": 41409,
                    "ObjectType": 3,
                    "XPos": -335,
                    "YPos": 2,
                    "ZPos": 252,
                    "XRotation": 0,
                    "YRotation": -1529,
                    "ZRotation": 0
                },
                {
                    "ModelId": "45129",
                    "ModelIdNum": 45129,
                    "ObjectType": 0,
                    "XPos": 453,
                    "YPos": -6,
                    "ZPos": 208,
                    "YScale": 1.77075,
                    "ZScale": 3.0,
                    "XRotation": 0,
                    "YRotation": -286,
                    "ZRotation": -512
                },
                {
                    "ModelId": "45081",
                    "ModelIdNum": 45081,
                    "ObjectType": 0,
                    "XPos": 429,
                    "YPos": -51,
                    "ZPos": 241,
                    "XScale": 0.4999999,
                    "YScale": 0.8999995,
                    "ZScale": 0.8178299,
                    "XRotation": 0,
                    "YRotation": -286,
                    "ZRotation": -511
                },
                {
                    "ModelId": "45081",
                    "ModelIdNum": 45081,
                    "ObjectType": 0,
                    "XPos": 431,
                    "YPos": -57,
                    "ZPos": 237,
                    "ZScale": 0.83166,
                    "XRotation": 0,
                    "YRotation": -285,
                    "ZRotation": -509
                },
                {
                    "ModelId": "45076",
                    "ModelIdNum": 45076,
                    "ObjectType": 0,
                    "XPos": 422,
                    "YPos": -11,
                    "ZPos": 284,
                    "XScale": 0.8938776,
                    "ZScale": 1.013424,
                    "XRotation": 0,
                    "YRotation": -1827,
                    "ZRotation": 0
                },
                {
                    "ModelId": "41116",
                    "ModelIdNum": 41116,
                    "ObjectType": 3,
                    "XPos": 408,
                    "YPos": 10,
                    "ZPos": 274,
                    "ZScale": 0.7045991,
                    "XRotation": 0,
                    "YRotation": -1308,
                    "ZRotation": 0
                },
                {
                    "ModelId": "3118",
                    "ModelIdNum": 3118,
                    "ObjectType": 13,
                    "XPos": -128,
                    "YPos": -64,
                    "ZPos": -58,
                    "XRotation": 0,
                    "YRotation": -512,
                    "ZRotation": 0
                },
                {
                    "ModelId": "62319",
                    "ModelIdNum": 62319,
                    "ObjectType": 0,
                    "XPos": -66,
                    "YPos": -64,
                    "ZPos": 62,
                    "XScale": 1.027,
                    "XRotation": 0,
                    "YRotation": 0,
                    "ZRotation": -512
                },
                {
                    "ModelId": "62319",
                    "ModelIdNum": 62319,
                    "ObjectType": 0,
                    "XPos": -190,
                    "YPos": -64,
                    "ZPos": 62,
                    "XScale": 1.027,
                    "XRotation": 0,
                    "YRotation": 0,
                    "ZRotation": -512
                },
                {
                    "ModelId": "1100",
                    "ModelIdNum": 1100,
                    "ObjectType": 13,
                    "XPos": -128,
                    "YPos": 0,
                    "ZPos": 0,
                    "XRotation": 0,
                    "YRotation": 0,
                    "ZRotation": 0
                },
                {
                    "ModelId": "4104",
                    "ModelIdNum": 4104,
                    "ObjectType": 13,
                    "XPos": -70,
                    "YPos": -64,
                    "ZPos": -56,
                    "XRotation": 0,
                    "YRotation": -1024,
                    "ZRotation": 0
                },
                {
                    "ModelId": "4104",
                    "ModelIdNum": 4104,
                    "ObjectType": 13,
                    "XPos": -186,
                    "YPos": -64,
                    "ZPos": -56,
                    "XRotation": 0,
                    "YRotation": -1024,
                    "ZRotation": 0
                },
                {
                    "ModelId": "2100",
                    "ModelIdNum": 2100,
                    "ObjectType": 13,
                    "XPos": -128,
                    "YPos": -126,
                    "ZPos": 0,
                    "XRotation": 0,
                    "YRotation": 0,
                    "ZRotation": 0
                },
                {
                    "ModelId": "1114",
                    "ModelIdNum": 1114,
                    "ObjectType": 13,
                    "XPos": 128,
                    "YPos": 0,
                    "ZPos": -254,
                    "XRotation": 0,
                    "YRotation": 0,
                    "ZRotation": 0
                },
                {
                    "ModelId": "2114",
                    "ModelIdNum": 2114,
                    "ObjectType": 13,
                    "XPos": 132,
                    "YPos": 2,
                    "ZPos": -252,
                    "XRotation": 0,
                    "YRotation": 0,
                    "ZRotation": 0
                },
                {
                    "ModelId": "3100",
                    "ModelIdNum": 3100,
                    "ObjectType": 13,
                    "XPos": 66,
                    "YPos": -64,
                    "ZPos": 0,
                    "XRotation": 0,
                    "YRotation": -1024,
                    "ZRotation": 0
                },
                {
                    "ModelId": "3105",
                    "ModelIdNum": 3105,
                    "ObjectType": 13,
                    "XPos": 68,
                    "YPos": -64,
                    "ZPos": -184,
                    "ZScale": 1.038,
                    "XRotation": 0,
                    "YRotation": -1024,
                    "ZRotation": 0
                },
                {
                    "ModelId": "3132",
                    "ModelIdNum": 3132,
                    "ObjectType": 13,
                    "XPos": 256,
                    "YPos": -64,
                    "ZPos": 56,
                    "ZScale": 1.0129,
                    "XRotation": 0,
                    "YRotation": -1536,
                    "ZRotation": 0
                },
                {
                    "ModelId": "3106",
                    "ModelIdNum": 3106,
                    "ObjectType": 13,
                    "XPos": 256,
                    "YPos": -64,
                    "ZPos": -310,
                    "ZScale": 1.026,
                    "XRotation": 0,
                    "YRotation": -511,
                    "ZRotation": 0
                },
                {
                    "ModelId": "3106",
                    "ModelIdNum": 3106,
                    "ObjectType": 13,
                    "XPos": 444,
                    "YPos": -64,
                    "ZPos": -128,
                    "ZScale": 0.9819568,
                    "XRotation": 0,
                    "YRotation": 0,
                    "ZRotation": 0
                },
                {
                    "ModelId": "41110",
                    "ModelIdNum": 41110,
                    "ObjectType": 0,
                    "XPos": 256,
                    "YPos": -16,
                    "ZPos": -272,
                    "YScale": 0.78223,
                    "XRotation": 0,
                    "YRotation": 0,
                    "ZRotation": 0
                },
                {
                    "ModelId": "41050",
                    "ModelIdNum": 41050,
                    "ObjectType": 0,
                    "XPos": 420,
                    "YPos": -13,
                    "ZPos": -94,
                    "XRotation": 0,
                    "YRotation": -1536,
                    "ZRotation": 0
                },
                {
                    "ModelId": "41050",
                    "ModelIdNum": 41050,
                    "ObjectType": 0,
                    "XPos": 420,
                    "YPos": -13,
                    "ZPos": -150,
                    "XRotation": 0,
                    "YRotation": -1536,
                    "ZRotation": 0
                },
                {
                    "ModelId": "41124",
                    "ModelIdNum": 41124,
                    "ObjectType": 0,
                    "XPos": 265,
                    "YPos": -33,
                    "ZPos": 302,
                    "XRotation": 0,
                    "YRotation": -1024,
                    "ZRotation": 0
                },
                {
                    "ModelId": "45131",
                    "ModelIdNum": 45131,
                    "ObjectType": 0,
                    "XPos": 276,
                    "YPos": -32,
                    "ZPos": 164,
                    "XScale": 0.8380256,
                    "YScale": 0.01479228,
                    "ZScale": 0.7310256,
                    "XRotation": 0,
                    "YRotation": -1278,
                    "ZRotation": 0
                },
                {
                    "ModelId": "79017",
                    "ModelIdNum": 79017,
                    "ObjectType": 0,
                    "XPos": 94,
                    "YPos": -72,
                    "ZPos": 72,
                    "YScale": 1.05124,
                    "XRotation": -1536,
                    "YRotation": -512,
                    "ZRotation": 0
                },
                {
                    "ModelId": "3100",
                    "ModelIdNum": 3100,
                    "ObjectType": 13,
                    "XPos": -62,
                    "YPos": -64,
                    "ZPos": 256,
                    "XRotation": 0,
                    "YRotation": -1024,
                    "ZRotation": 0
                },
                {
                    "ModelId": "1109",
                    "ModelIdNum": 1109,
                    "ObjectType": 13,
                    "XPos": -2,
                    "YPos": 0,
                    "ZPos": 258,
                    "XRotation": 0,
                    "YRotation": -512,
                    "ZRotation": 0
                },
                {
                    "ModelId": "3104",
                    "ModelIdNum": 3104,
                    "ObjectType": 13,
                    "XPos": -58,
                    "YPos": -64,
                    "ZPos": 130,
                    "ZScale": 1.038,
                    "XRotation": 0,
                    "YRotation": -1024,
                    "ZRotation": 0
                },
                {
                    "ModelId": "4104",
                    "ModelIdNum": 4104,
                    "ObjectType": 13,
                    "XPos": -56,
                    "YPos": -64,
                    "ZPos": 194,
                    "XRotation": 0,
                    "YRotation": -1536,
                    "ZRotation": 0
                },
                {
                    "ModelId": "3133",
                    "ModelIdNum": 3133,
                    "ObjectType": 13,
                    "XPos": 392,
                    "YPos": 0,
                    "ZPos": 128,
                    "ZScale": 1.038,
                    "XRotation": 0,
                    "YRotation": -511,
                    "ZRotation": 0
                },
                {
                    "ModelId": "3131",
                    "ModelIdNum": 3131,
                    "ObjectType": 13,
                    "XPos": 444,
                    "YPos": -64,
                    "ZPos": 180,
                    "ZScale": 1.038,
                    "XRotation": 0,
                    "YRotation": 0,
                    "ZRotation": 0
                },
                {
                    "ModelId": "3107",
                    "ModelIdNum": 3107,
                    "ObjectType": 13,
                    "XPos": -124,
                    "YPos": 0,
                    "ZPos": 258,
                    "XRotation": 0,
                    "YRotation": -1536,
                    "ZRotation": 0
                },
                {
                    "ModelId": "4104",
                    "ModelIdNum": 4104,
                    "ObjectType": 13,
                    "XPos": -56,
                    "YPos": -64,
                    "ZPos": 314,
                    "XRotation": 0,
                    "YRotation": -1536,
                    "ZRotation": 0
                },
                {
                    "ModelId": "3104",
                    "ModelIdNum": 3104,
                    "ObjectType": 13,
                    "XPos": 378,
                    "YPos": -64,
                    "ZPos": 316,
                    "ZScale": 1.038,
                    "XRotation": 0,
                    "YRotation": -1536,
                    "ZRotation": 0
                },
                {
                    "ModelId": "2109",
                    "ModelIdNum": 2109,
                    "ObjectType": 13,
                    "XPos": 0,
                    "YPos": 2,
                    "ZPos": 256,
                    "XRotation": 0,
                    "YRotation": -512,
                    "ZRotation": 0
                },
                {
                    "ModelId": "1100",
                    "ModelIdNum": 1100,
                    "ObjectType": 13,
                    "XPos": -256,
                    "YPos": 0,
                    "ZPos": 252,
                    "XRotation": 0,
                    "YRotation": -512,
                    "ZRotation": 0
                },
                {
                    "ModelId": "3104",
                    "ModelIdNum": 3104,
                    "ObjectType": 13,
                    "XPos": -314,
                    "YPos": -64,
                    "ZPos": 252,
                    "ZScale": 1.038,
                    "XRotation": 0,
                    "YRotation": -1024,
                    "ZRotation": 0
                },
                {
                    "ModelId": "3104",
                    "ModelIdNum": 3104,
                    "ObjectType": 13,
                    "XPos": -254,
                    "YPos": -64,
                    "ZPos": 196,
                    "ZScale": 1.038,
                    "XRotation": 0,
                    "YRotation": -511,
                    "ZRotation": 0
                },
                {
                    "ModelId": "3100",
                    "ModelIdNum": 3100,
                    "ObjectType": 13,
                    "XPos": -194,
                    "YPos": -64,
                    "ZPos": 256,
                    "XRotation": 0,
                    "YRotation": 0,
                    "ZRotation": 0
                },
                {
                    "ModelId": "2100",
                    "ModelIdNum": 2100,
                    "ObjectType": 13,
                    "XPos": -256,
                    "YPos": -126,
                    "ZPos": 254,
                    "XScale": 0.9373099,
                    "ZScale": 0.9487798,
                    "XRotation": 0,
                    "YRotation": -511,
                    "ZRotation": 0
                },
                {
                    "ModelId": "4104",
                    "ModelIdNum": 4104,
                    "ObjectType": 13,
                    "XPos": -198,
                    "YPos": -64,
                    "ZPos": 198,
                    "XRotation": 0,
                    "YRotation": -1024,
                    "ZRotation": 0
                },
                {
                    "ModelId": "3116",
                    "ModelIdNum": 3116,
                    "ObjectType": 13,
                    "XPos": -256,
                    "YPos": 0,
                    "ZPos": 254,
                    "ZScale": 1.02465,
                    "XRotation": 0,
                    "YRotation": -1536,
                    "ZRotation": 0
                },
                {
                    "ModelId": "1100",
                    "ModelIdNum": 1100,
                    "ObjectType": 13,
                    "XPos": -384,
                    "YPos": 0,
                    "ZPos": 128,
                    "XRotation": 0,
                    "YRotation": 0,
                    "ZRotation": 0
                },
                {
                    "ModelId": "2100",
                    "ModelIdNum": 2100,
                    "ObjectType": 13,
                    "XPos": -384,
                    "YPos": -126,
                    "ZPos": 126,
                    "XRotation": 0,
                    "YRotation": 0,
                    "ZRotation": 0
                },
                {
                    "ModelId": "3100",
                    "ModelIdNum": 3100,
                    "ObjectType": 13,
                    "XPos": -384,
                    "YPos": -62,
                    "ZPos": 62,
                    "XRotation": 0,
                    "YRotation": -512,
                    "ZRotation": 0
                },
                {
                    "ModelId": "4104",
                    "ModelIdNum": 4104,
                    "ObjectType": 13,
                    "XPos": -324,
                    "YPos": -62,
                    "ZPos": 70,
                    "ZScale": 1.284012,
                    "XRotation": 0,
                    "YRotation": -1024,
                    "ZRotation": 0
                },
                {
                    "ModelId": "3100",
                    "ModelIdNum": 3100,
                    "ObjectType": 13,
                    "XPos": -384,
                    "YPos": -62,
                    "ZPos": 192,
                    "XRotation": 0,
                    "YRotation": -1536,
                    "ZRotation": 0
                },
                {
                    "ModelId": "4104",
                    "ModelIdNum": 4104,
                    "ObjectType": 13,
                    "XPos": -322,
                    "YPos": -62,
                    "ZPos": 186,
                    "ZScale": 1.023167,
                    "XRotation": 0,
                    "YRotation": 0,
                    "ZRotation": 0
                },
                {
                    "ModelId": "3118",
                    "ModelIdNum": 3118,
                    "ObjectType": 13,
                    "XPos": -438,
                    "YPos": -62,
                    "ZPos": 128,
                    "ZScale": 1.108914,
                    "XRotation": 0,
                    "YRotation": -1024,
                    "ZRotation": 0
                },
                {
                    "ModelId": "41105",
                    "ModelIdNum": 41105,
                    "ObjectType": 0,
                    "XPos": -4,
                    "YPos": -16,
                    "ZPos": 48,
                    "XRotation": 0,
                    "YRotation": 0,
                    "ZRotation": 0
                },
                {
                    "ModelId": "41015",
                    "ModelIdNum": 41015,
                    "ObjectType": 3,
                    "XPos": -128,
                    "YPos": 1,
                    "ZPos": 302,
                    "XRotation": 0,
                    "YRotation": 0,
                    "ZRotation": 0
                },
                {
                    "ModelId": "41005",
                    "ModelIdNum": 41005,
                    "ObjectType": 3,
                    "XPos": -426,
                    "YPos": 1,
                    "ZPos": -22,
                    "XRotation": 0,
                    "YRotation": -1536,
                    "ZRotation": 0
                },
                {
                    "ModelId": "45162",
                    "ModelIdNum": 45162,
                    "ObjectType": 0,
                    "XPos": 224,
                    "YPos": -86,
                    "ZPos": 54,
                    "XRotation": 0,
                    "YRotation": 0,
                    "ZRotation": 0
                },
                {
                    "ModelId": "41817",
                    "ModelIdNum": 41817,
                    "ObjectType": 3,
                    "XPos": 368,
                    "YPos": 129,
                    "ZPos": -33,
                    "XRotation": 0,
                    "YRotation": 0,
                    "ZRotation": 0
                },
                {
                    "ModelId": "41832",
                    "ModelIdNum": 41832,
                    "ObjectType": 3,
                    "XPos": 338,
                    "YPos": 130,
                    "ZPos": -120,
                    "XRotation": 0,
                    "YRotation": -1891,
                    "ZRotation": 0
                },
                {
                    "ModelId": "41125",
                    "ModelIdNum": 41125,
                    "ObjectType": 0,
                    "XPos": 334,
                    "YPos": -142,
                    "ZPos": 166,
                    "XRotation": 0,
                    "YRotation": -113,
                    "ZRotation": 0
                },
                {
                    "ModelId": "41124",
                    "ModelIdNum": 41124,
                    "ObjectType": 0,
                    "XPos": -212,
                    "YPos": -33,
                    "ZPos": 146,
                    "XRotation": 0,
                    "YRotation": -1536,
                    "ZRotation": 0
                },
                {
                    "ModelId": "41813",
                    "ModelIdNum": 41813,
                    "ObjectType": 3,
                    "XPos": -212,
                    "YPos": 1,
                    "ZPos": 94,
                    "XRotation": 0,
                    "YRotation": -512,
                    "ZRotation": 0
                },
                {
                    "ModelId": "69459",
                    "ModelIdNum": 69459,
                    "ObjectType": 0,
                    "XPos": -72,
                    "YPos": -74,
                    "ZPos": 158,
                    "XScale": 1.0674,
                    "XRotation": 0,
                    "YRotation": -1536,
                    "ZRotation": 0
                },
                {
                    "ModelId": "41013",
                    "ModelIdNum": 41013,
                    "ObjectType": 3,
                    "XPos": -384,
                    "YPos": 1,
                    "ZPos": 51,
                    "XRotation": 0,
                    "YRotation": -1024,
                    "ZRotation": 0
                },
                {
                    "ModelId": "42069",
                    "ModelIdNum": 42069,
                    "ObjectType": 0,
                    "XPos": 399,
                    "YPos": -11,
                    "ZPos": -18,
                    "XRotation": 0,
                    "YRotation": -1024,
                    "ZRotation": 0
                },
                {
                    "ModelId": "69466",
                    "ModelIdNum": 69466,
                    "ObjectType": 0,
                    "XPos": -268,
                    "YPos": -25,
                    "ZPos": 271,
                    "XRotation": -500,
                    "YRotation": -1190,
                    "ZRotation": -1024
                },
                {
                    "ModelId": "41120",
                    "ModelIdNum": 41120,
                    "ObjectType": 0,
                    "XPos": -176,
                    "YPos": -32,
                    "ZPos": 120,
                    "XRotation": 0,
                    "YRotation": -512,
                    "ZRotation": 0
                },
                {
                    "ModelId": "41113",
                    "ModelIdNum": 41113,
                    "ObjectType": 0,
                    "XPos": -170,
                    "YPos": -14,
                    "ZPos": 170,
                    "XScale": 1.3,
                    "YScale": 1.3,
                    "ZScale": 1.3,
                    "XRotation": 0,
                    "YRotation": 0,
                    "ZRotation": 0
                },
                {
                    "ModelId": "206",
                    "ModelIdNum": 206,
                    "ObjectType": 0,
                    "XPos": -26,
                    "YPos": 3,
                    "ZPos": -34,
                    "XScale": 0.98,
                    "ZScale": 0.98,
                    "XRotation": 0,
                    "YRotation": 0,
                    "ZRotation": 0
                },
                {
                    "ModelId": "69465",
                    "ModelIdNum": 69465,
                    "ObjectType": 0,
                    "XPos": 410,
                    "YPos": 5,
                    "ZPos": 276,
                    "XScale": 0.3,
                    "YScale": 0.6,
                    "ZScale": 0.9,
                    "XRotation": 0,
                    "YRotation": -796,
                    "ZRotation": 0
                },
                {
                    "ModelId": "45110",
                    "ModelIdNum": 45110,
                    "ObjectType": 0,
                    "XPos": -192,
                    "YPos": -222,
                    "ZPos": 22,
                    "YScale": 2.683,
                    "ZScale": 1.3,
                    "XRotation": 0,
                    "YRotation": -512,
                    "ZRotation": -512
                },
                {
                    "ModelId": "45110",
                    "ModelIdNum": 45110,
                    "ObjectType": 0,
                    "XPos": -192,
                    "YPos": -222,
                    "ZPos": 104,
                    "YScale": 1.06119,
                    "XRotation": 0,
                    "YRotation": -1536,
                    "ZRotation": -170
                },
                {
                    "ModelId": "45110",
                    "ModelIdNum": 45110,
                    "ObjectType": 0,
                    "XPos": 284,
                    "YPos": -226,
                    "ZPos": -66,
                    "YScale": 0.94473,
                    "XRotation": 0,
                    "YRotation": -1024,
                    "ZRotation": -170
                },
                {
                    "ModelId": "45110",
                    "ModelIdNum": 45110,
                    "ObjectType": 0,
                    "XPos": -192,
                    "YPos": -226,
                    "ZPos": 102,
                    "YScale": 1.13973,
                    "ZScale": 1.1,
                    "XRotation": 0,
                    "YRotation": -512,
                    "ZRotation": -84
                },
                {
                    "ModelId": "45110",
                    "ModelIdNum": 45110,
                    "ObjectType": 0,
                    "XPos": 284,
                    "YPos": -220,
                    "ZPos": -66,
                    "YScale": 1.51672,
                    "ZScale": 1.2,
                    "XRotation": 0,
                    "YRotation": 0,
                    "ZRotation": -84
                },
                {
                    "ModelId": "45110",
                    "ModelIdNum": 45110,
                    "ObjectType": 0,
                    "XPos": -66,
                    "YPos": -222,
                    "ZPos": 22,
                    "YScale": 2.683,
                    "ZScale": 1.3,
                    "XRotation": 0,
                    "YRotation": -512,
                    "ZRotation": -512
                },
                {
                    "ModelId": "45110",
                    "ModelIdNum": 45110,
                    "ObjectType": 0,
                    "XPos": -66,
                    "YPos": -222,
                    "ZPos": 104,
                    "YScale": 1.06119,
                    "XRotation": 0,
                    "YRotation": -1536,
                    "ZRotation": -170
                },
                {
                    "ModelId": "45110",
                    "ModelIdNum": 45110,
                    "ObjectType": 0,
                    "XPos": -66,
                    "YPos": -226,
                    "ZPos": 150,
                    "YScale": 0.94473,
                    "XRotation": 0,
                    "YRotation": -511,
                    "ZRotation": -170
                },
                {
                    "ModelId": "45110",
                    "ModelIdNum": 45110,
                    "ObjectType": 0,
                    "XPos": -66,
                    "YPos": -226,
                    "ZPos": 104,
                    "YScale": 1.14999,
                    "ZScale": 1.1,
                    "XRotation": 0,
                    "YRotation": -512,
                    "ZRotation": -84
                },
                {
                    "ModelId": "45110",
                    "ModelIdNum": 45110,
                    "ObjectType": 0,
                    "XPos": -66,
                    "YPos": -220,
                    "ZPos": 152,
                    "YScale": 1.20399,
                    "ZScale": 1.2,
                    "XRotation": -2041,
                    "YRotation": -1536,
                    "ZRotation": -82
                },
                {
                    "ModelId": "45110",
                    "ModelIdNum": 45110,
                    "ObjectType": 0,
                    "XPos": 368,
                    "YPos": -222,
                    "ZPos": -66,
                    "YScale": 2.683,
                    "ZScale": 1.3,
                    "XRotation": 0,
                    "YRotation": 0,
                    "ZRotation": -511
                },
                {
                    "ModelId": "45110",
                    "ModelIdNum": 45110,
                    "ObjectType": 0,
                    "XPos": 368,
                    "YPos": -222,
                    "ZPos": -190,
                    "YScale": 2.683,
                    "ZScale": 1.3,
                    "XRotation": 0,
                    "YRotation": 0,
                    "ZRotation": -511
                },
                {
                    "ModelId": "45110",
                    "ModelIdNum": 45110,
                    "ObjectType": 0,
                    "XPos": 228,
                    "YPos": -220,
                    "ZPos": -66,
                    "YScale": 1.11605,
                    "ZScale": 1.2,
                    "XRotation": 0,
                    "YRotation": 0,
                    "ZRotation": -169
                },
                {
                    "ModelId": "45110",
                    "ModelIdNum": 45110,
                    "ObjectType": 0,
                    "XPos": 226,
                    "YPos": -226,
                    "ZPos": -66,
                    "YScale": 1.39692,
                    "XRotation": 0,
                    "YRotation": -1024,
                    "ZRotation": -85
                },
                {
                    "ModelId": "45110",
                    "ModelIdNum": 45110,
                    "ObjectType": 0,
                    "XPos": -192,
                    "YPos": -226,
                    "ZPos": 150,
                    "YScale": 0.94473,
                    "XRotation": 0,
                    "YRotation": -511,
                    "ZRotation": -170
                },
                {
                    "ModelId": "45110",
                    "ModelIdNum": 45110,
                    "ObjectType": 0,
                    "XPos": -192,
                    "YPos": -220,
                    "ZPos": 152,
                    "YScale": 1.19886,
                    "ZScale": 1.2,
                    "XRotation": -2041,
                    "YRotation": -1536,
                    "ZRotation": -82
                },
                {
                    "ModelId": "45110",
                    "ModelIdNum": 45110,
                    "ObjectType": 0,
                    "XPos": 284,
                    "YPos": -226,
                    "ZPos": -190,
                    "YScale": 0.94473,
                    "XRotation": 0,
                    "YRotation": -1024,
                    "ZRotation": -170
                },
                {
                    "ModelId": "45110",
                    "ModelIdNum": 45110,
                    "ObjectType": 0,
                    "XPos": 284,
                    "YPos": -220,
                    "ZPos": -190,
                    "YScale": 1.51672,
                    "ZScale": 1.2,
                    "XRotation": 0,
                    "YRotation": 0,
                    "ZRotation": -84
                },
                {
                    "ModelId": "45110",
                    "ModelIdNum": 45110,
                    "ObjectType": 0,
                    "XPos": 228,
                    "YPos": -220,
                    "ZPos": -190,
                    "YScale": 1.11605,
                    "ZScale": 1.2,
                    "XRotation": 0,
                    "YRotation": 0,
                    "ZRotation": -169
                },
                {
                    "ModelId": "45110",
                    "ModelIdNum": 45110,
                    "ObjectType": 0,
                    "XPos": 226,
                    "YPos": -226,
                    "ZPos": -190,
                    "YScale": 1.39692,
                    "XRotation": 0,
                    "YRotation": -1024,
                    "ZRotation": -85
                },
                {
                    "ModelId": "45110",
                    "ModelIdNum": 45110,
                    "ObjectType": 0,
                    "XPos": 62,
                    "YPos": -222,
                    "ZPos": 22,
                    "YScale": 2.683,
                    "ZScale": 1.3,
                    "XRotation": 0,
                    "YRotation": -512,
                    "ZRotation": -512
                },
                {
                    "ModelId": "45110",
                    "ModelIdNum": 45110,
                    "ObjectType": 0,
                    "XPos": 62,
                    "YPos": -222,
                    "ZPos": 104,
                    "YScale": 1.06119,
                    "XRotation": 0,
                    "YRotation": -1536,
                    "ZRotation": -170
                },
                {
                    "ModelId": "45110",
                    "ModelIdNum": 45110,
                    "ObjectType": 0,
                    "XPos": 62,
                    "YPos": -226,
                    "ZPos": 150,
                    "YScale": 0.94473,
                    "XRotation": 0,
                    "YRotation": -511,
                    "ZRotation": -170
                },
                {
                    "ModelId": "45110",
                    "ModelIdNum": 45110,
                    "ObjectType": 0,
                    "XPos": 62,
                    "YPos": -226,
                    "ZPos": 104,
                    "YScale": 1.14999,
                    "ZScale": 1.1,
                    "XRotation": 0,
                    "YRotation": -512,
                    "ZRotation": -84
                },
                {
                    "ModelId": "45110",
                    "ModelIdNum": 45110,
                    "ObjectType": 0,
                    "XPos": 62,
                    "YPos": -220,
                    "ZPos": 152,
                    "YScale": 1.20399,
                    "ZScale": 1.2,
                    "XRotation": -2041,
                    "YRotation": -1536,
                    "ZRotation": -82
                },
                {
                    "ModelId": "45110",
                    "ModelIdNum": 45110,
                    "ObjectType": 0,
                    "XPos": 153,
                    "YPos": -128,
                    "ZPos": 28,
                    "YScale": 1.135,
                    "XRotation": 0,
                    "YRotation": 0,
                    "ZRotation": 0
                },
                {
                    "ModelId": "45110",
                    "ModelIdNum": 45110,
                    "ObjectType": 0,
                    "XPos": 368,
                    "YPos": -222,
                    "ZPos": 28,
                    "YScale": 2.46914,
                    "ZScale": 1.3,
                    "XRotation": 0,
                    "YRotation": 0,
                    "ZRotation": -511
                },
                {
                    "ModelId": "45110",
                    "ModelIdNum": 45110,
                    "ObjectType": 0,
                    "XPos": 153,
                    "YPos": -222,
                    "ZPos": 22,
                    "YScale": 2.683,
                    "ZScale": 1.3,
                    "XRotation": 0,
                    "YRotation": -512,
                    "ZRotation": -512
                },
                {
                    "ModelId": "45110",
                    "ModelIdNum": 45110,
                    "ObjectType": 0,
                    "XPos": 365,
                    "YPos": -222,
                    "ZPos": 126,
                    "XScale": 1.1,
                    "YScale": 2.46914,
                    "ZScale": 1.3,
                    "XRotation": 0,
                    "YRotation": 0,
                    "ZRotation": -511
                },
                {
                    "ModelId": "45110",
                    "ModelIdNum": 45110,
                    "ObjectType": 0,
                    "XPos": 254,
                    "YPos": -222,
                    "ZPos": 28,
                    "XScale": 0.86968,
                    "YScale": 2.32718,
                    "ZScale": 1.3,
                    "XRotation": 0,
                    "YRotation": -512,
                    "ZRotation": -512
                },
                {
                    "ModelId": "45110",
                    "ModelIdNum": 45110,
                    "ObjectType": 0,
                    "XPos": 284,
                    "YPos": -226,
                    "ZPos": 28,
                    "YScale": 0.94473,
                    "XRotation": 0,
                    "YRotation": -1024,
                    "ZRotation": -170
                },
                {
                    "ModelId": "45110",
                    "ModelIdNum": 45110,
                    "ObjectType": 0,
                    "XPos": 284,
                    "YPos": -220,
                    "ZPos": 28,
                    "YScale": 1.51672,
                    "ZScale": 1.2,
                    "XRotation": 0,
                    "YRotation": 0,
                    "ZRotation": -84
                },
                {
                    "ModelId": "45110",
                    "ModelIdNum": 45110,
                    "ObjectType": 0,
                    "XPos": 228,
                    "YPos": -220,
                    "ZPos": 28,
                    "YScale": 1.11605,
                    "ZScale": 1.2,
                    "XRotation": 0,
                    "YRotation": 0,
                    "ZRotation": -169
                },
                {
                    "ModelId": "45110",
                    "ModelIdNum": 45110,
                    "ObjectType": 0,
                    "XPos": 226,
                    "YPos": -226,
                    "ZPos": 28,
                    "YScale": 1.39692,
                    "XRotation": 0,
                    "YRotation": -1024,
                    "ZRotation": -85
                },
                {
                    "ModelId": "45110",
                    "ModelIdNum": 45110,
                    "ObjectType": 0,
                    "XPos": 153,
                    "YPos": -222,
                    "ZPos": 104,
                    "YScale": 1.06119,
                    "XRotation": 0,
                    "YRotation": -1536,
                    "ZRotation": -170
                },
                {
                    "ModelId": "45110",
                    "ModelIdNum": 45110,
                    "ObjectType": 0,
                    "XPos": 153,
                    "YPos": -226,
                    "ZPos": 150,
                    "YScale": 0.94473,
                    "XRotation": 0,
                    "YRotation": -511,
                    "ZRotation": -170
                },
                {
                    "ModelId": "45110",
                    "ModelIdNum": 45110,
                    "ObjectType": 0,
                    "XPos": 153,
                    "YPos": -226,
                    "ZPos": 104,
                    "YScale": 1.14999,
                    "ZScale": 1.1,
                    "XRotation": 0,
                    "YRotation": -512,
                    "ZRotation": -84
                },
                {
                    "ModelId": "45110",
                    "ModelIdNum": 45110,
                    "ObjectType": 0,
                    "XPos": 153,
                    "YPos": -220,
                    "ZPos": 152,
                    "YScale": 1.20399,
                    "ZScale": 1.2,
                    "XRotation": -2041,
                    "YRotation": -1536,
                    "ZRotation": -82
                },
                {
                    "ModelId": "45110",
                    "ModelIdNum": 45110,
                    "ObjectType": 0,
                    "XPos": 348,
                    "YPos": -129,
                    "ZPos": 28,
                    "YScale": 1.205,
                    "XRotation": 0,
                    "YRotation": 0,
                    "ZRotation": 0
                },
                {
                    "ModelId": "45110",
                    "ModelIdNum": 45110,
                    "ObjectType": 0,
                    "XPos": 348,
                    "YPos": -129,
                    "ZPos": -190,
                    "YScale": 1.205,
                    "XRotation": 0,
                    "YRotation": 0,
                    "ZRotation": 0
                },
                {
                    "ModelId": "45110",
                    "ModelIdNum": 45110,
                    "ObjectType": 0,
                    "XPos": 168,
                    "YPos": -129,
                    "ZPos": -190,
                    "YScale": 1.205,
                    "XRotation": 0,
                    "YRotation": 0,
                    "ZRotation": 0
                },
                {
                    "ModelId": "45110",
                    "ModelIdNum": 45110,
                    "ObjectType": 0,
                    "XPos": 190,
                    "YPos": -129,
                    "ZPos": 222,
                    "YScale": 1.205,
                    "XRotation": 0,
                    "YRotation": 0,
                    "ZRotation": 0
                },
                {
                    "ModelId": "45110",
                    "ModelIdNum": 45110,
                    "ObjectType": 0,
                    "XPos": -192,
                    "YPos": -129,
                    "ZPos": 30,
                    "YScale": 1.205,
                    "XRotation": 0,
                    "YRotation": 0,
                    "ZRotation": 0
                },
                {
                    "ModelId": "45110",
                    "ModelIdNum": 45110,
                    "ObjectType": 0,
                    "XPos": -192,
                    "YPos": -129,
                    "ZPos": 222,
                    "YScale": 1.205,
                    "XRotation": 0,
                    "YRotation": 0,
                    "ZRotation": 0
                },
                {
                    "ModelId": "45110",
                    "ModelIdNum": 45110,
                    "ObjectType": 0,
                    "XPos": -314,
                    "YPos": -222,
                    "ZPos": 22,
                    "YScale": 2.683,
                    "ZScale": 1.3,
                    "XRotation": 0,
                    "YRotation": -512,
                    "ZRotation": -512
                },
                {
                    "ModelId": "45110",
                    "ModelIdNum": 45110,
                    "ObjectType": 0,
                    "XPos": -314,
                    "YPos": -222,
                    "ZPos": 104,
                    "YScale": 1.06119,
                    "XRotation": 0,
                    "YRotation": -1536,
                    "ZRotation": -170
                },
                {
                    "ModelId": "45110",
                    "ModelIdNum": 45110,
                    "ObjectType": 0,
                    "XPos": -314,
                    "YPos": -226,
                    "ZPos": 102,
                    "YScale": 1.13973,
                    "ZScale": 1.1,
                    "XRotation": 0,
                    "YRotation": -512,
                    "ZRotation": -84
                },
                {
                    "ModelId": "45110",
                    "ModelIdNum": 45110,
                    "ObjectType": 0,
                    "XPos": -314,
                    "YPos": -226,
                    "ZPos": 150,
                    "YScale": 0.94473,
                    "XRotation": 0,
                    "YRotation": -511,
                    "ZRotation": -170
                },
                {
                    "ModelId": "45110",
                    "ModelIdNum": 45110,
                    "ObjectType": 0,
                    "XPos": -314,
                    "YPos": -220,
                    "ZPos": 152,
                    "YScale": 1.19886,
                    "ZScale": 1.2,
                    "XRotation": -2041,
                    "YRotation": -1536,
                    "ZRotation": -82
                },
                {
                    "ModelId": "45110",
                    "ModelIdNum": 45110,
                    "ObjectType": 0,
                    "XPos": 153,
                    "YPos": -124,
                    "ZPos": 26,
                    "YScale": 1.68486,
                    "ZScale": 1.2,
                    "XRotation": 0,
                    "YRotation": -512,
                    "ZRotation": -256
                },
                {
                    "ModelId": "45110",
                    "ModelIdNum": 45110,
                    "ObjectType": 0,
                    "XPos": 153,
                    "YPos": -124,
                    "ZPos": 226,
                    "YScale": 1.68486,
                    "ZScale": 1.2,
                    "XRotation": 0,
                    "YRotation": -1536,
                    "ZRotation": -256
                },
                {
                    "ModelId": "45110",
                    "ModelIdNum": 45110,
                    "ObjectType": 0,
                    "XPos": 254,
                    "YPos": -228,
                    "ZPos": 122,
                    "YScale": 1.54005,
                    "XRotation": 0,
                    "YRotation": -1536,
                    "ZRotation": -256
                },
                {
                    "ModelId": "45110",
                    "ModelIdNum": 45110,
                    "ObjectType": 0,
                    "XPos": 254,
                    "YPos": -228,
                    "ZPos": 127,
                    "YScale": 0.94473,
                    "XRotation": 0,
                    "YRotation": -511,
                    "ZRotation": -256
                },
                {
                    "ModelId": "45110",
                    "ModelIdNum": 45110,
                    "ObjectType": 0,
                    "XPos": 254,
                    "YPos": -130,
                    "ZPos": 126,
                    "YScale": 2.19723,
                    "XRotation": 0,
                    "YRotation": 0,
                    "ZRotation": 0
                },
                {
                    "ModelId": "45110",
                    "ModelIdNum": 45110,
                    "ObjectType": 0,
                    "XPos": 252,
                    "YPos": -224,
                    "ZPos": 126,
                    "YScale": 1.52004,
                    "XRotation": 0,
                    "YRotation": 0,
                    "ZRotation": -256
                },
                {
                    "ModelId": "45110",
                    "ModelIdNum": 45110,
                    "ObjectType": 0,
                    "XPos": 258,
                    "YPos": -229,
                    "ZPos": 126,
                    "YScale": 1.45816,
                    "XRotation": 0,
                    "YRotation": -1024,
                    "ZRotation": -256
                },
                {
                    "ModelId": "45110",
                    "ModelIdNum": 45110,
                    "ObjectType": 0,
                    "XPos": 352,
                    "YPos": -122,
                    "ZPos": 28,
                    "YScale": 1.67207,
                    "ZScale": 0.91663,
                    "XRotation": 0,
                    "YRotation": 0,
                    "ZRotation": -256
                },
                {
                    "ModelId": "45110",
                    "ModelIdNum": 45110,
                    "ObjectType": 0,
                    "XPos": 156,
                    "YPos": -124,
                    "ZPos": 28,
                    "YScale": 1.63801,
                    "ZScale": 0.9395201,
                    "XRotation": 0,
                    "YRotation": -1024,
                    "ZRotation": -256
                }
            ],
            "BlockFlatObjectRecords": [
                {
                    "Position": 0,
                    "XPos": 192,
                    "YPos": -80,
                    "ZPos": 192,
                    "TextureArchive": 210,
                    "TextureRecord": 13,
                    "FactionID": 20492,
                    "Flags": 17
                },
                {
                    "Position": 0,
                    "XPos": 322,
                    "YPos": -80,
                    "ZPos": -124,
                    "TextureArchive": 210,
                    "TextureRecord": 13,
                    "FactionID": 24584,
                    "Flags": 17
                },
                {
                    "Position": 0,
                    "XPos": -128,
                    "YPos": -80,
                    "ZPos": 0,
                    "TextureArchive": 210,
                    "TextureRecord": 13,
                    "FactionID": 6168,
                    "Flags": 17
                },
                {
                    "Position": 0,
                    "XPos": 252,
                    "YPos": -180,
                    "ZPos": 176,
                    "TextureArchive": 210,
                    "TextureRecord": 13,
                    "FactionID": 30732,
                    "Flags": 17
                },
                {
                    "Position": 0,
                    "XPos": -384,
                    "YPos": 0,
                    "ZPos": -8,
                    "TextureArchive": 199,
                    "TextureRecord": 20,
                    "FactionID": 0,
                    "Flags": 17
                },
                {
                    "Position": 0,
                    "XPos": 372,
                    "YPos": 0,
                    "ZPos": -166,
                    "TextureArchive": 199,
                    "TextureRecord": 20,
                    "FactionID": 0,
                    "Flags": 17
                },
                {
                    "Position": 0,
                    "XPos": 144,
                    "YPos": 0,
                    "ZPos": -268,
                    "TextureArchive": 199,
                    "TextureRecord": 20,
                    "FactionID": 0,
                    "Flags": 17
                },
                {
                    "Position": 0,
                    "XPos": 392,
                    "YPos": 0,
                    "ZPos": 112,
                    "TextureArchive": 199,
                    "TextureRecord": 20,
                    "FactionID": 0,
                    "Flags": 17
                },
                {
                    "Position": 0,
                    "XPos": 74,
                    "YPos": 0,
                    "ZPos": 106,
                    "TextureArchive": 199,
                    "TextureRecord": 20,
                    "FactionID": 0,
                    "Flags": 17
                },
                {
                    "Position": 0,
                    "XPos": -414,
                    "YPos": 0,
                    "ZPos": 286,
                    "TextureArchive": 199,
                    "TextureRecord": 20,
                    "FactionID": 0,
                    "Flags": 17
                },
                {
                    "Position": 0,
                    "XPos": 2,
                    "YPos": 0,
                    "ZPos": 206,
                    "TextureArchive": 199,
                    "TextureRecord": 20,
                    "FactionID": 0,
                    "Flags": 17
                },
                {
                    "Position": 0,
                    "XPos": -94,
                    "YPos": 0,
                    "ZPos": 184,
                    "TextureArchive": 199,
                    "TextureRecord": 20,
                    "FactionID": 0,
                    "Flags": 17
                },
                {
                    "Position": 0,
                    "XPos": -232,
                    "YPos": -129,
                    "ZPos": 200,
                    "TextureArchive": 199,
                    "TextureRecord": 22,
                    "FactionID": 0,
                    "Flags": 17
                },
                {
                    "Position": 0,
                    "XPos": -408,
                    "YPos": 0,
                    "ZPos": 256,
                    "TextureArchive": 199,
                    "TextureRecord": 21,
                    "FactionID": 0,
                    "Flags": 17
                },
                {
                    "Position": 0,
                    "XPos": -256,
                    "YPos": 0,
                    "ZPos": 0,
                    "TextureArchive": 199,
                    "TextureRecord": 8,
                    "FactionID": 0,
                    "Flags": 0
                },
                {
                    "Position": 0,
                    "XPos": 194,
                    "YPos": 0,
                    "ZPos": 218,
                    "TextureArchive": 199,
                    "TextureRecord": 18,
                    "FactionID": 0,
                    "Flags": 0
                },
                {
                    "Position": 0,
                    "XPos": -384,
                    "YPos": -129,
                    "ZPos": 128,
                    "TextureArchive": 199,
                    "TextureRecord": 8,
                    "FactionID": 0,
                    "Flags": 0
                },
                {
                    "Position": 0,
                    "XPos": 256,
                    "YPos": -129,
                    "ZPos": -256,
                    "TextureArchive": 199,
                    "TextureRecord": 8,
                    "FactionID": 0,
                    "Flags": 0
                },
                {
                    "Position": 0,
                    "XPos": 226,
                    "YPos": -27,
                    "ZPos": -272,
                    "TextureArchive": 213,
                    "TextureRecord": 2,
                    "FactionID": 0,
                    "Flags": 0
                },
                {
                    "Position": 0,
                    "XPos": 282,
                    "YPos": -27,
                    "ZPos": -276,
                    "TextureArchive": 254,
                    "TextureRecord": 31,
                    "FactionID": 0,
                    "Flags": 0
                },
                {
                    "Position": 0,
                    "XPos": -128,
                    "YPos": -80,
                    "ZPos": 0,
                    "TextureArchive": 210,
                    "TextureRecord": 13,
                    "FactionID": 6168,
                    "Flags": 17
                },
                {
                    "Position": 0,
                    "XPos": -320,
                    "YPos": -89,
                    "ZPos": 126,
                    "TextureArchive": 210,
                    "TextureRecord": 27,
                    "FactionID": 0,
                    "Flags": 0
                },
                {
                    "Position": 0,
                    "XPos": -216,
                    "YPos": -1,
                    "ZPos": 168,
                    "TextureArchive": 205,
                    "TextureRecord": 0,
                    "FactionID": 0,
                    "Flags": 0
                },
                {
                    "Position": 0,
                    "XPos": 284,
                    "YPos": -33,
                    "ZPos": 158,
                    "TextureArchive": 56790,
                    "TextureRecord": 2,
                    "FactionID": 0,
                    "Flags": 0
                },
                {
                    "Position": 0,
                    "XPos": 260,
                    "YPos": -33,
                    "ZPos": 168,
                    "TextureArchive": 56790,
                    "TextureRecord": 21,
                    "FactionID": 0,
                    "Flags": 0
                },
                {
                    "Position": 0,
                    "XPos": -244,
                    "YPos": -34,
                    "ZPos": 214,
                    "TextureArchive": 210,
                    "TextureRecord": 4,
                    "FactionID": 0,
                    "Flags": 0
                },
                {
                    "Position": 0,
                    "XPos": 382,
                    "YPos": -18,
                    "ZPos": -228,
                    "TextureArchive": 201,
                    "TextureRecord": 8,
                    "FactionID": 0,
                    "Flags": 0
                },
                {
                    "Position": 0,
                    "XPos": -388,
                    "YPos": -1,
                    "ZPos": 124,
                    "TextureArchive": 199,
                    "TextureRecord": 11,
                    "FactionID": 0,
                    "Flags": 0
                },
                {
                    "Position": 0,
                    "XPos": 208,
                    "YPos": -1,
                    "ZPos": -86,
                    "TextureArchive": 199,
                    "TextureRecord": 4,
                    "FactionID": 0,
                    "Flags": 0
                }
            ],
            "BlockSection3Records": [
                {
                    "XPos": -128,
                    "YPos": 0,
                    "ZPos": 0
                },
                {
                    "XPos": 0,
                    "YPos": 0,
                    "ZPos": 0
                },
                {
                    "XPos": -128,
                    "YPos": 0,
                    "ZPos": 128
                },
                {
                    "XPos": -256,
                    "YPos": 0,
                    "ZPos": 128
                },
                {
                    "XPos": -384,
                    "YPos": 0,
                    "ZPos": 128
                },
                {
                    "XPos": -128,
                    "YPos": 0,
                    "ZPos": 256
                },
                {
                    "XPos": -256,
                    "YPos": 0,
                    "ZPos": 256
                },
                {
                    "XPos": 0,
                    "YPos": 0,
                    "ZPos": 256
                },
                {
                    "XPos": 128,
                    "YPos": 0,
                    "ZPos": 256
                },
                {
                    "XPos": 256,
                    "YPos": 0,
                    "ZPos": 256
                },
                {
                    "XPos": 384,
                    "YPos": 0,
                    "ZPos": 256
                },
                {
                    "XPos": 384,
                    "YPos": 0,
                    "ZPos": 128
                },
                {
                    "XPos": 256,
                    "YPos": 0,
                    "ZPos": 128
                },
                {
                    "XPos": 128,
                    "YPos": 0,
                    "ZPos": 128
                },
                {
                    "XPos": 128,
                    "YPos": 0,
                    "ZPos": 0
                },
                {
                    "XPos": 256,
                    "YPos": 0,
                    "ZPos": 0
                },
                {
                    "XPos": 256,
                    "YPos": 0,
                    "ZPos": -128
                },
                {
                    "XPos": 384,
                    "YPos": 0,
                    "ZPos": -128
                },
                {
                    "XPos": 384,
                    "YPos": 0,
                    "ZPos": -256
                },
                {
                    "XPos": 384,
                    "YPos": 0,
                    "ZPos": 0
                },
                {
                    "XPos": 128,
                    "YPos": 0,
                    "ZPos": -128
                },
                {
                    "XPos": 128,
                    "YPos": 0,
                    "ZPos": -256
                },
                {
                    "XPos": 256,
                    "YPos": 0,
                    "ZPos": -256
                },
                {
                    "XPos": -384,
                    "YPos": -129,
                    "ZPos": 256
                },
                {
                    "XPos": -256,
                    "YPos": -129,
                    "ZPos": 256
                },
                {
                    "XPos": -128,
                    "YPos": -129,
                    "ZPos": 256
                },
                {
                    "XPos": 0,
                    "YPos": -129,
                    "ZPos": 256
                },
                {
                    "XPos": 128,
                    "YPos": -129,
                    "ZPos": 256
                },
                {
                    "XPos": 256,
                    "YPos": -129,
                    "ZPos": 256
                },
                {
                    "XPos": 384,
                    "YPos": -129,
                    "ZPos": 256
                },
                {
                    "XPos": 384,
                    "YPos": -129,
                    "ZPos": 0
                },
                {
                    "XPos": 128,
                    "YPos": -129,
                    "ZPos": 0
                },
                {
                    "XPos": 0,
                    "YPos": -129,
                    "ZPos": 0
                },
                {
                    "XPos": -128,
                    "YPos": -129,
                    "ZPos": 0
                },
                {
                    "XPos": -256,
                    "YPos": -129,
                    "ZPos": 0
                },
                {
                    "XPos": -384,
                    "YPos": -129,
                    "ZPos": 0
                },
                {
                    "XPos": -256,
                    "YPos": -129,
                    "ZPos": 128
                },
                {
                    "XPos": -128,
                    "YPos": -129,
                    "ZPos": 128
                },
                {
                    "XPos": 0,
                    "YPos": -129,
                    "ZPos": 128
                },
                {
                    "XPos": 128,
                    "YPos": -129,
                    "ZPos": 128
                },
                {
                    "XPos": 256,
                    "YPos": -129,
                    "ZPos": 128
                },
                {
                    "XPos": 384,
                    "YPos": -129,
                    "ZPos": 128
                },
                {
                    "XPos": 384,
                    "YPos": -129,
                    "ZPos": -256
                },
                {
                    "XPos": 384,
                    "YPos": -129,
                    "ZPos": -128
                },
                {
                    "XPos": 256,
                    "YPos": -129,
                    "ZPos": 0
                },
                {
                    "XPos": 128,
                    "YPos": -129,
                    "ZPos": -128
                },
                {
                    "XPos": 256,
                    "YPos": -129,
                    "ZPos": -128
                },
                {
                    "XPos": 128,
                    "YPos": -129,
                    "ZPos": -256
                },
                {
                    "XPos": -384,
                    "YPos": 0,
                    "ZPos": 0
                }
            ],
            "BlockPeopleRecords": [
                {
                    "Position": 7564,
                    "XPos": 272,
                    "YPos": 0,
                    "ZPos": -136,
                    "TextureArchive": 182,
                    "TextureRecord": 26,
                    "FactionID": 0,
                    "Flags": 33
                },
                {
                    "Position": 7565,
                    "XPos": 144,
                    "YPos": -2,
                    "ZPos": 146,
                    "TextureArchive": 357,
                    "TextureRecord": 1,
                    "FactionID": 0,
                    "Flags": 0
                },
                {
                    "Position": 7566,
                    "XPos": 148,
                    "YPos": -1,
                    "ZPos": -222,
                    "TextureArchive": 182,
                    "TextureRecord": 4,
                    "FactionID": 0,
                    "Flags": 0
                }
            ],
            "BlockDoorRecords": [
                {
                    "Position": 0,
                    "XPos": -71,
                    "YPos": -45,
                    "ZPos": 233,
                    "YRotation": -1536,
                    "OpenRotation": 91,
                    "DoorModelIndex": 0
                },
                {
                    "Position": 1,
                    "XPos": 57,
                    "YPos": -45,
                    "ZPos": -23,
                    "YRotation": -1536,
                    "OpenRotation": 91,
                    "DoorModelIndex": 0
                },
                {
                    "Position": 2,
                    "XPos": -361,
                    "YPos": -45,
                    "ZPos": 191,
                    "YRotation": -1024,
                    "OpenRotation": 91,
                    "DoorModelIndex": 0
                },
                {
                    "Position": 3,
                    "XPos": -313,
                    "YPos": -45,
                    "ZPos": 23,
                    "YRotation": -512,
                    "OpenRotation": 91,
                    "DoorModelIndex": 0
                }
            ]
        }
    },
    "AutoMapData": null
}