{
    "FactionId": 0,
    "BuildingType": 18,
    "Quality": 13,
    "NameSeed": 0,
    "RmbSubRecord": {
        "XPos": 2624,
        "ZPos": 2688,
        "YRotation": 0,
        "Exterior": {
            "Header": {
                "Num3dObjectRecords": 1,
                "NumFlatObjectRecords": 0,
                "NumSection3Records": 0,
                "NumPeopleRecords": 0,
                "NumDoorRecords": 0
            },
            "Block3dObjectRecords": [
                {
                    "ModelId": "151",
                    "ModelIdNum": 151,
                    "ObjectType": 4,
                    "XPos": 0,
                    "YPos": 0,
                    "ZPos": 0,
                    "XRotation": 0,
                    "YRotation": 0,
                    "ZRotation": 0
                }
            ],
            "BlockFlatObjectRecords": [],
            "BlockSection3Records": [],
            "BlockPeopleRecords": [],
            "BlockDoorRecords": []
        },
        "Interior": {
            "Header": {
                "Num3dObjectRecords": 37,
                "NumFlatObjectRecords": 22,
                "NumSection3Records": 55,
                "NumPeopleRecords": 1,
                "NumDoorRecords": 14
            },
            "Block3dObjectRecords": [
                {
                    "ModelId": "31424",
                    "ModelIdNum": 31424,
                    "ObjectType": 13,
                    "XPos": 0,
                    "YPos": -63,
                    "ZPos": 61,
                    "XRotation": 0,
                    "YRotation": -1536,
                    "ZRotation": 0
                },
                {
                    "ModelId": "31424",
                    "ModelIdNum": 31424,
                    "ObjectType": 13,
                    "XPos": 0,
                    "YPos": -63,
                    "ZPos": -189,
                    "XRotation": 0,
                    "YRotation": -512,
                    "ZRotation": 0
                },
                {
                    "ModelId": "31427",
                    "ModelIdNum": 31427,
                    "ObjectType": 13,
                    "XPos": 128,
                    "YPos": -63,
                    "ZPos": -189,
                    "XRotation": 0,
                    "YRotation": -1536,
                    "ZRotation": 0
                },
                {
                    "ModelId": "31419",
                    "ModelIdNum": 31419,
                    "ObjectType": 13,
                    "XPos": -253,
                    "YPos": -63,
                    "ZPos": -64,
                    "XRotation": 0,
                    "YRotation": -1536,
                    "ZRotation": 0
                },
                {
                    "ModelId": "31425",
                    "ModelIdNum": 31425,
                    "ObjectType": 13,
                    "XPos": -128,
                    "YPos": -63,
                    "ZPos": -64,
                    "XRotation": 0,
                    "YRotation": -1536,
                    "ZRotation": 0
                },
                {
                    "ModelId": "31425",
                    "ModelIdNum": 31425,
                    "ObjectType": 13,
                    "XPos": 0,
                    "YPos": -63,
                    "ZPos": -64,
                    "XRotation": 0,
                    "YRotation": -1536,
                    "ZRotation": 0
                },
                {
                    "ModelId": "31428",
                    "ModelIdNum": 31428,
                    "ObjectType": 13,
                    "XPos": -128,
                    "YPos": -63,
                    "ZPos": 64,
                    "XRotation": 0,
                    "YRotation": -512,
                    "ZRotation": 0
                },
                {
                    "ModelId": "31428",
                    "ModelIdNum": 31428,
                    "ObjectType": 13,
                    "XPos": -128,
                    "YPos": -63,
                    "ZPos": -191,
                    "XRotation": 0,
                    "YRotation": 0,
                    "ZRotation": 0
                },
                {
                    "ModelId": "8400",
                    "ModelIdNum": 8400,
                    "ObjectType": 13,
                    "XPos": -256,
                    "YPos": -63,
                    "ZPos": 317,
                    "XRotation": 0,
                    "YRotation": -1024,
                    "ZRotation": 0
                },
                {
                    "ModelId": "8400",
                    "ModelIdNum": 8400,
                    "ObjectType": 13,
                    "XPos": 248,
                    "YPos": -63,
                    "ZPos": 320,
                    "XRotation": 0,
                    "YRotation": -1536,
                    "ZRotation": 0
                },
                {
                    "ModelId": "31409",
                    "ModelIdNum": 31409,
                    "ObjectType": 13,
                    "XPos": 131,
                    "YPos": -63,
                    "ZPos": 192,
                    "XRotation": 0,
                    "YRotation": -1024,
                    "ZRotation": 0
                },
                {
                    "ModelId": "36400",
                    "ModelIdNum": 36400,
                    "ObjectType": 13,
                    "XPos": 252,
                    "YPos": -64,
                    "ZPos": 189,
                    "XRotation": 0,
                    "YRotation": -1536,
                    "ZRotation": 0
                },
                {
                    "ModelId": "31428",
                    "ModelIdNum": 31428,
                    "ObjectType": 13,
                    "XPos": 128,
                    "YPos": -63,
                    "ZPos": 64,
                    "XRotation": 0,
                    "YRotation": -1024,
                    "ZRotation": 0
                },
                {
                    "ModelId": "28411",
                    "ModelIdNum": 28411,
                    "ObjectType": 13,
                    "XPos": 0,
                    "YPos": -223,
                    "ZPos": 0,
                    "XRotation": 0,
                    "YRotation": -1024,
                    "ZRotation": 0
                },
                {
                    "ModelId": "31424",
                    "ModelIdNum": 31424,
                    "ObjectType": 13,
                    "XPos": 125,
                    "YPos": -63,
                    "ZPos": -64,
                    "XRotation": 0,
                    "YRotation": 0,
                    "ZRotation": 0
                },
                {
                    "ModelId": "41121",
                    "ModelIdNum": 41121,
                    "ObjectType": 3,
                    "XPos": 8,
                    "YPos": 2,
                    "ZPos": -50,
                    "XRotation": 0,
                    "YRotation": -1536,
                    "ZRotation": 0
                },
                {
                    "ModelId": "41106",
                    "ModelIdNum": 41106,
                    "ObjectType": 3,
                    "XPos": 48,
                    "YPos": 2,
                    "ZPos": -80,
                    "XRotation": 0,
                    "YRotation": -1536,
                    "ZRotation": 0
                },
                {
                    "ModelId": "41106",
                    "ModelIdNum": 41106,
                    "ObjectType": 3,
                    "XPos": -40,
                    "YPos": 2,
                    "ZPos": -48,
                    "XRotation": 0,
                    "YRotation": -1536,
                    "ZRotation": 0
                },
                {
                    "ModelId": "41106",
                    "ModelIdNum": 41106,
                    "ObjectType": 3,
                    "XPos": 102,
                    "YPos": 2,
                    "ZPos": -236,
                    "XRotation": 0,
                    "YRotation": -1024,
                    "ZRotation": 0
                },
                {
                    "ModelId": "41000",
                    "ModelIdNum": 41000,
                    "ObjectType": 3,
                    "XPos": 4,
                    "YPos": 2,
                    "ZPos": 256,
                    "XRotation": 0,
                    "YRotation": 0,
                    "ZRotation": 0
                },
                {
                    "ModelId": "41003",
                    "ModelIdNum": 41003,
                    "ObjectType": 3,
                    "XPos": -164,
                    "YPos": 2,
                    "ZPos": 330,
                    "XRotation": 0,
                    "YRotation": -512,
                    "ZRotation": 0
                },
                {
                    "ModelId": "41817",
                    "ModelIdNum": 41817,
                    "ObjectType": 3,
                    "XPos": -286,
                    "YPos": 0,
                    "ZPos": -220,
                    "XRotation": 0,
                    "YRotation": -512,
                    "ZRotation": 0
                },
                {
                    "ModelId": "41822",
                    "ModelIdNum": 41822,
                    "ObjectType": 3,
                    "XPos": 134,
                    "YPos": 129,
                    "ZPos": 258,
                    "XRotation": 0,
                    "YRotation": -186,
                    "ZRotation": 0
                },
                {
                    "ModelId": "41409",
                    "ModelIdNum": 41409,
                    "ObjectType": 3,
                    "XPos": -232,
                    "YPos": 2,
                    "ZPos": -280,
                    "XRotation": 0,
                    "YRotation": -1024,
                    "ZRotation": 0
                },
                {
                    "ModelId": "3420",
                    "ModelIdNum": 3420,
                    "ObjectType": 13,
                    "XPos": -1,
                    "YPos": -64,
                    "ZPos": -375,
                    "ZScale": 0.9949982,
                    "XRotation": 0,
                    "YRotation": -511,
                    "ZRotation": 0
                },
                {
                    "ModelId": "41116",
                    "ModelIdNum": 41116,
                    "ObjectType": 3,
                    "XPos": -2,
                    "YPos": 7,
                    "ZPos": -248,
                    "ZScale": 0.8143956,
                    "XRotation": 0,
                    "YRotation": 0,
                    "ZRotation": 0
                },
                {
                    "ModelId": "45076",
                    "ModelIdNum": 45076,
                    "ObjectType": 0,
                    "XPos": -2,
                    "YPos": -14,
                    "ZPos": -250,
                    "XScale": 1.072665,
                    "ZScale": 0.3,
                    "XRotation": 0,
                    "YRotation": 0,
                    "ZRotation": 0
                },
                {
                    "ModelId": "45081",
                    "ModelIdNum": 45081,
                    "ObjectType": 0,
                    "XPos": 40,
                    "YPos": -54,
                    "ZPos": -241,
                    "XRotation": 0,
                    "YRotation": 0,
                    "ZRotation": -512
                },
                {
                    "ModelId": "45081",
                    "ModelIdNum": 45081,
                    "ObjectType": 0,
                    "XPos": 36,
                    "YPos": -48,
                    "ZPos": -241,
                    "XScale": 0.4999999,
                    "YScale": 0.8999999,
                    "XRotation": 0,
                    "YRotation": 0,
                    "ZRotation": -512
                },
                {
                    "ModelId": "45129",
                    "ModelIdNum": 45129,
                    "ObjectType": 0,
                    "XPos": 63,
                    "YPos": -3,
                    "ZPos": -238,
                    "YScale": 1.5,
                    "ZScale": 3.0,
                    "XRotation": 0,
                    "YRotation": 0,
                    "ZRotation": -512
                },
                {
                    "ModelId": "3418",
                    "ModelIdNum": 3418,
                    "ObjectType": 13,
                    "XPos": -311,
                    "YPos": -63,
                    "ZPos": 183,
                    "ZScale": 1.0321,
                    "XRotation": 0,
                    "YRotation": -1024,
                    "ZRotation": 0
                },
                {
                    "ModelId": "3418",
                    "ModelIdNum": 3418,
                    "ObjectType": 13,
                    "XPos": -311,
                    "YPos": -63,
                    "ZPos": 69,
                    "ZScale": 0.9628401,
                    "XRotation": 0,
                    "YRotation": -1024,
                    "ZRotation": 0
                },
                {
                    "ModelId": "3418",
                    "ModelIdNum": 3418,
                    "ObjectType": 13,
                    "XPos": -310,
                    "YPos": -65,
                    "ZPos": -190,
                    "ZScale": 0.9711783,
                    "XRotation": 0,
                    "YRotation": -1024,
                    "ZRotation": 0
                },
                {
                    "ModelId": "3404",
                    "ModelIdNum": 3404,
                    "ObjectType": 13,
                    "XPos": 308,
                    "YPos": -63,
                    "ZPos": 191,
                    "ZScale": 1.0278,
                    "XRotation": 0,
                    "YRotation": 0,
                    "ZRotation": 0
                },
                {
                    "ModelId": "3419",
                    "ModelIdNum": 3419,
                    "ObjectType": 13,
                    "XPos": -60,
                    "YPos": -63,
                    "ZPos": 377,
                    "ZScale": 1.036341,
                    "XRotation": 0,
                    "YRotation": -1536,
                    "ZRotation": 0
                },
                {
                    "ModelId": "3418",
                    "ModelIdNum": 3418,
                    "ObjectType": 13,
                    "XPos": 130,
                    "YPos": -63,
                    "ZPos": 376,
                    "ZScale": 0.9472054,
                    "XRotation": 0,
                    "YRotation": -1524,
                    "ZRotation": 0
                },
                {
                    "ModelId": "45158",
                    "ModelIdNum": 45158,
                    "ObjectType": 0,
                    "XPos": 185,
                    "YPos": -81,
                    "ZPos": -4,
                    "XRotation": 0,
                    "YRotation": -512,
                    "ZRotation": 0
                },
                {
                    "ModelId": "79018",
                    "ModelIdNum": 79018,
                    "ObjectType": 0,
                    "XPos": 4,
                    "YPos": -66,
                    "ZPos": 121,
                    "XRotation": 0,
                    "YRotation": -1024,
                    "ZRotation": 0
                },
                {
                    "ModelId": "41242",
                    "ModelIdNum": 41242,
                    "ObjectType": 0,
                    "XPos": -210,
                    "YPos": -39,
                    "ZPos": 180,
                    "XScale": 1.30789,
                    "XRotation": 0,
                    "YRotation": -511,
                    "ZRotation": 0
                },
                {
                    "ModelId": "41025",
                    "ModelIdNum": 41025,
                    "ObjectType": 0,
                    "XPos": 300,
                    "YPos": -37,
                    "ZPos": 192,
                    "XRotation": 0,
                    "YRotation": -1536,
                    "ZRotation": 0
                },
                {
                    "ModelId": "41130",
                    "ModelIdNum": 41130,
                    "ObjectType": 0,
                    "XPos": 286,
                    "YPos": -13,
                    "ZPos": 234,
                    "XScale": 0.5566491,
                    "YScale": 0.5850604,
                    "ZScale": 0.7913755,
                    "XRotation": 0,
                    "YRotation": 0,
                    "ZRotation": 0
                },
                {
                    "ModelId": "41007",
                    "ModelIdNum": 41007,
                    "ObjectType": 3,
                    "XPos": 26,
                    "YPos": 3,
                    "ZPos": 184,
                    "XRotation": 0,
                    "YRotation": -1536,
                    "ZRotation": 0
                },
                {
                    "ModelId": "41035",
                    "ModelIdNum": 41035,
                    "ObjectType": 0,
                    "XPos": -172,
                    "YPos": -36,
                    "ZPos": 276,
                    "XRotation": 0,
                    "YRotation": -512,
                    "ZRotation": 0
                },
                {
                    "ModelId": "41811",
                    "ModelIdNum": 41811,
                    "ObjectType": 3,
                    "XPos": 300,
                    "YPos": 1,
                    "ZPos": -290,
                    "XRotation": 0,
                    "YRotation": -1524,
                    "ZRotation": 0
                },
                {
                    "ModelId": "41010",
                    "ModelIdNum": 41010,
                    "ObjectType": 0,
                    "XPos": 298,
                    "YPos": -38,
                    "ZPos": -337,
                    "XRotation": 0,
                    "YRotation": -1547,
                    "ZRotation": 0
                },
                {
                    "ModelId": "41108",
                    "ModelIdNum": 41108,
                    "ObjectType": 0,
                    "XPos": -2,
                    "YPos": -18,
                    "ZPos": -351,
                    "XScale": 1.402513,
                    "ZScale": 0.93631,
                    "XRotation": 0,
                    "YRotation": 0,
                    "ZRotation": 0
                },
                {
                    "ModelId": "41124",
                    "ModelIdNum": 41124,
                    "ObjectType": 0,
                    "XPos": -244,
                    "YPos": -33,
                    "ZPos": 356,
                    "XRotation": 0,
                    "YRotation": -1024,
                    "ZRotation": 0
                },
                {
                    "ModelId": "41822",
                    "ModelIdNum": 41822,
                    "ObjectType": 0,
                    "XPos": 240,
                    "YPos": -145,
                    "ZPos": -66,
                    "XRotation": 0,
                    "YRotation": -186,
                    "ZRotation": 0
                },
                {
                    "ModelId": "41834",
                    "ModelIdNum": 41834,
                    "ObjectType": 3,
                    "XPos": 214,
                    "YPos": 130,
                    "ZPos": 38,
                    "XRotation": 0,
                    "YRotation": -1496,
                    "ZRotation": 0
                },
                {
                    "ModelId": "41105",
                    "ModelIdNum": 41105,
                    "ObjectType": 0,
                    "XPos": 212,
                    "YPos": -16,
                    "ZPos": -72,
                    "XRotation": 0,
                    "YRotation": -512,
                    "ZRotation": 0
                },
                {
                    "ModelId": "41007",
                    "ModelIdNum": 41007,
                    "ObjectType": 3,
                    "XPos": 81,
                    "YPos": 46,
                    "ZPos": 277,
                    "XRotation": 0,
                    "YRotation": -512,
                    "ZRotation": 0
                },
                {
                    "ModelId": "41007",
                    "ModelIdNum": 41007,
                    "ObjectType": 0,
                    "XPos": 81,
                    "YPos": -58,
                    "ZPos": 237,
                    "XRotation": 0,
                    "YRotation": -512,
                    "ZRotation": 0
                },
                {
                    "ModelId": "1400",
                    "ModelIdNum": 1400,
                    "ObjectType": 13,
                    "XPos": -255,
                    "YPos": 0,
                    "ZPos": -189,
                    "XRotation": 0,
                    "YRotation": 0,
                    "ZRotation": 0
                },
                {
                    "ModelId": "3404",
                    "ModelIdNum": 3404,
                    "ObjectType": 13,
                    "XPos": -252,
                    "YPos": -65,
                    "ZPos": -134,
                    "XRotation": 0,
                    "YRotation": -1536,
                    "ZRotation": 0
                },
                {
                    "ModelId": "3400",
                    "ModelIdNum": 3400,
                    "ObjectType": 13,
                    "XPos": -193,
                    "YPos": -64,
                    "ZPos": -191,
                    "XRotation": 0,
                    "YRotation": 0,
                    "ZRotation": 0
                },
                {
                    "ModelId": "3404",
                    "ModelIdNum": 3404,
                    "ObjectType": 13,
                    "XPos": -252,
                    "YPos": -65,
                    "ZPos": -245,
                    "XRotation": 0,
                    "YRotation": -512,
                    "ZRotation": 0
                },
                {
                    "ModelId": "2400",
                    "ModelIdNum": 2400,
                    "ObjectType": 13,
                    "XPos": -251,
                    "YPos": -127,
                    "ZPos": -191,
                    "XRotation": 0,
                    "YRotation": 0,
                    "ZRotation": 0
                },
                {
                    "ModelId": "1402",
                    "ModelIdNum": 1402,
                    "ObjectType": 13,
                    "XPos": 256,
                    "YPos": -1,
                    "ZPos": -192,
                    "XRotation": 0,
                    "YRotation": 0,
                    "ZRotation": 0
                },
                {
                    "ModelId": "2402",
                    "ModelIdNum": 2402,
                    "ObjectType": 13,
                    "XPos": 253,
                    "YPos": 4,
                    "ZPos": -190,
                    "XRotation": 0,
                    "YRotation": 0,
                    "ZRotation": 0
                },
                {
                    "ModelId": "3400",
                    "ModelIdNum": 3400,
                    "ObjectType": 13,
                    "XPos": 256,
                    "YPos": -65,
                    "ZPos": -249,
                    "XRotation": 0,
                    "YRotation": -512,
                    "ZRotation": 0
                },
                {
                    "ModelId": "3400",
                    "ModelIdNum": 3400,
                    "ObjectType": 13,
                    "XPos": 194,
                    "YPos": -65,
                    "ZPos": -191,
                    "XRotation": 0,
                    "YRotation": -1024,
                    "ZRotation": 0
                },
                {
                    "ModelId": "4406",
                    "ModelIdNum": 4406,
                    "ObjectType": 13,
                    "XPos": 203,
                    "YPos": -65,
                    "ZPos": -246,
                    "XRotation": 0,
                    "YRotation": -1536,
                    "ZRotation": 0
                },
                {
                    "ModelId": "3400",
                    "ModelIdNum": 3400,
                    "ObjectType": 13,
                    "XPos": 194,
                    "YPos": -65,
                    "ZPos": 64,
                    "XRotation": 0,
                    "YRotation": -1024,
                    "ZRotation": 0
                },
                {
                    "ModelId": "3405",
                    "ModelIdNum": 3405,
                    "ObjectType": 13,
                    "XPos": 198,
                    "YPos": -65,
                    "ZPos": -63,
                    "ZScale": 0.8140124,
                    "XRotation": 0,
                    "YRotation": -1024,
                    "ZRotation": 0
                },
                {
                    "ModelId": "3400",
                    "ModelIdNum": 3400,
                    "ObjectType": 13,
                    "XPos": 257,
                    "YPos": -65,
                    "ZPos": 122,
                    "XRotation": 0,
                    "YRotation": -1536,
                    "ZRotation": 0
                },
                {
                    "ModelId": "4406",
                    "ModelIdNum": 4406,
                    "ObjectType": 13,
                    "XPos": 203,
                    "YPos": -65,
                    "ZPos": 119,
                    "XRotation": 0,
                    "YRotation": 0,
                    "ZRotation": 0
                },
                {
                    "ModelId": "3417",
                    "ModelIdNum": 3417,
                    "ObjectType": 13,
                    "XPos": 258,
                    "YPos": 0,
                    "ZPos": 120,
                    "ZScale": 0.9711783,
                    "XRotation": 0,
                    "YRotation": 0,
                    "ZRotation": 0
                },
                {
                    "ModelId": "3416",
                    "ModelIdNum": 3416,
                    "ObjectType": 13,
                    "XPos": 255,
                    "YPos": 0,
                    "ZPos": -245,
                    "ZScale": 0.9711783,
                    "XRotation": 0,
                    "YRotation": 0,
                    "ZRotation": 0
                },
                {
                    "ModelId": "3418",
                    "ModelIdNum": 3418,
                    "ObjectType": 13,
                    "XPos": 316,
                    "YPos": -64,
                    "ZPos": 8,
                    "ZScale": 0.9711783,
                    "XRotation": 0,
                    "YRotation": 0,
                    "ZRotation": 0
                },
                {
                    "ModelId": "3418",
                    "ModelIdNum": 3418,
                    "ObjectType": 13,
                    "XPos": 313,
                    "YPos": -64,
                    "ZPos": -133,
                    "ZScale": 0.9711783,
                    "XRotation": 0,
                    "YRotation": 0,
                    "ZRotation": 0
                },
                {
                    "ModelId": "4402",
                    "ModelIdNum": 4402,
                    "ObjectType": 13,
                    "XPos": 250,
                    "YPos": 0,
                    "ZPos": -125,
                    "XRotation": 0,
                    "YRotation": -512,
                    "ZRotation": 0
                },
                {
                    "ModelId": "4400",
                    "ModelIdNum": 4400,
                    "ObjectType": 13,
                    "XPos": 312,
                    "YPos": -64,
                    "ZPos": -72,
                    "XScale": 0.8156149,
                    "XRotation": 0,
                    "YRotation": -511,
                    "ZRotation": 0
                },
                {
                    "ModelId": "4400",
                    "ModelIdNum": 4400,
                    "ObjectType": 13,
                    "XPos": 315,
                    "YPos": -64,
                    "ZPos": -52,
                    "XScale": 0.7495773,
                    "XRotation": 0,
                    "YRotation": -511,
                    "ZRotation": 0
                },
                {
                    "ModelId": "1407",
                    "ModelIdNum": 1407,
                    "ObjectType": 13,
                    "XPos": -123,
                    "YPos": 0,
                    "ZPos": 192,
                    "XRotation": 0,
                    "YRotation": 0,
                    "ZRotation": 0
                },
                {
                    "ModelId": "2407",
                    "ModelIdNum": 2407,
                    "ObjectType": 13,
                    "XPos": -124,
                    "YPos": 5,
                    "ZPos": 190,
                    "XScale": 0.98714,
                    "XRotation": 0,
                    "YRotation": 0,
                    "ZRotation": 0
                },
                {
                    "ModelId": "3405",
                    "ModelIdNum": 3405,
                    "ObjectType": 13,
                    "XPos": -185,
                    "YPos": -63,
                    "ZPos": 257,
                    "XRotation": 0,
                    "YRotation": -1024,
                    "ZRotation": 0
                },
                {
                    "ModelId": "3400",
                    "ModelIdNum": 3400,
                    "ObjectType": 13,
                    "XPos": -128,
                    "YPos": -63,
                    "ZPos": 130,
                    "XRotation": 0,
                    "YRotation": -512,
                    "ZRotation": 0
                },
                {
                    "ModelId": "3404",
                    "ModelIdNum": 3404,
                    "ObjectType": 13,
                    "XPos": -12,
                    "YPos": -63,
                    "ZPos": 133,
                    "ZScale": 1.0387,
                    "XRotation": 0,
                    "YRotation": -511,
                    "ZRotation": 0
                },
                {
                    "ModelId": "3405",
                    "ModelIdNum": 3405,
                    "ObjectType": 13,
                    "XPos": 48,
                    "YPos": -63,
                    "ZPos": 254,
                    "XRotation": 0,
                    "YRotation": 0,
                    "ZRotation": 0
                },
                {
                    "ModelId": "4402",
                    "ModelIdNum": 4402,
                    "ObjectType": 13,
                    "XPos": 118,
                    "YPos": 1,
                    "ZPos": 195,
                    "XRotation": 0,
                    "YRotation": -512,
                    "ZRotation": 0
                },
                {
                    "ModelId": "1400",
                    "ModelIdNum": 1400,
                    "ObjectType": 13,
                    "XPos": 123,
                    "YPos": 0,
                    "ZPos": 320,
                    "XRotation": 0,
                    "YRotation": 0,
                    "ZRotation": 0
                },
                {
                    "ModelId": "3400",
                    "ModelIdNum": 3400,
                    "ObjectType": 13,
                    "XPos": 184,
                    "YPos": -64,
                    "ZPos": 320,
                    "XRotation": 0,
                    "YRotation": 0,
                    "ZRotation": 0
                },
                {
                    "ModelId": "3404",
                    "ModelIdNum": 3404,
                    "ObjectType": 13,
                    "XPos": 70,
                    "YPos": -63,
                    "ZPos": 313,
                    "XRotation": 0,
                    "YRotation": -1024,
                    "ZRotation": 0
                },
                {
                    "ModelId": "4402",
                    "ModelIdNum": 4402,
                    "ObjectType": 13,
                    "XPos": 134,
                    "YPos": 1,
                    "ZPos": 309,
                    "XRotation": 0,
                    "YRotation": 0,
                    "ZRotation": 0
                },
                {
                    "ModelId": "3400",
                    "ModelIdNum": 3400,
                    "ObjectType": 13,
                    "XPos": -194,
                    "YPos": -62,
                    "ZPos": 64,
                    "XRotation": 0,
                    "YRotation": 0,
                    "ZRotation": 0
                },
                {
                    "ModelId": "3405",
                    "ModelIdNum": 3405,
                    "ObjectType": 13,
                    "XPos": -197,
                    "YPos": -62,
                    "ZPos": 243,
                    "XRotation": 0,
                    "YRotation": 0,
                    "ZRotation": 0
                },
                {
                    "ModelId": "3400",
                    "ModelIdNum": 3400,
                    "ObjectType": 13,
                    "XPos": -256,
                    "YPos": -62,
                    "ZPos": 256,
                    "XRotation": 0,
                    "YRotation": -1536,
                    "ZRotation": 0
                },
                {
                    "ModelId": "1401",
                    "ModelIdNum": 1401,
                    "ObjectType": 13,
                    "XPos": -255,
                    "YPos": 0,
                    "ZPos": 64,
                    "XRotation": 0,
                    "YRotation": 0,
                    "ZRotation": 0
                },
                {
                    "ModelId": "2401",
                    "ModelIdNum": 2401,
                    "ObjectType": 13,
                    "XPos": -251,
                    "YPos": 5,
                    "ZPos": 63,
                    "XRotation": 0,
                    "YRotation": 0,
                    "ZRotation": 0
                },
                {
                    "ModelId": "3404",
                    "ModelIdNum": 3404,
                    "ObjectType": 13,
                    "XPos": -255,
                    "YPos": -62,
                    "ZPos": 12,
                    "ZScale": 1.01234,
                    "XRotation": 0,
                    "YRotation": -511,
                    "ZRotation": 0
                },
                {
                    "ModelId": "4402",
                    "ModelIdNum": 4402,
                    "ObjectType": 13,
                    "XPos": -245,
                    "YPos": 1,
                    "ZPos": 183,
                    "XRotation": 0,
                    "YRotation": 0,
                    "ZRotation": 0
                },
                {
                    "ModelId": "1402",
                    "ModelIdNum": 1402,
                    "ObjectType": 13,
                    "XPos": -128,
                    "YPos": -1,
                    "ZPos": -319,
                    "XRotation": 0,
                    "YRotation": -512,
                    "ZRotation": 0
                },
                {
                    "ModelId": "3400",
                    "ModelIdNum": 3400,
                    "ObjectType": 13,
                    "XPos": -128,
                    "YPos": -64,
                    "ZPos": -259,
                    "XRotation": 0,
                    "YRotation": -1536,
                    "ZRotation": 0
                },
                {
                    "ModelId": "3400",
                    "ModelIdNum": 3400,
                    "ObjectType": 13,
                    "XPos": -189,
                    "YPos": -64,
                    "ZPos": -320,
                    "XRotation": 0,
                    "YRotation": -1024,
                    "ZRotation": 0
                },
                {
                    "ModelId": "3405",
                    "ModelIdNum": 3405,
                    "ObjectType": 13,
                    "XPos": 52,
                    "YPos": -64,
                    "ZPos": -262,
                    "XRotation": 0,
                    "YRotation": -1536,
                    "ZRotation": 0
                },
                {
                    "ModelId": "4402",
                    "ModelIdNum": 4402,
                    "ObjectType": 13,
                    "XPos": 114,
                    "YPos": 0,
                    "ZPos": -332,
                    "XRotation": 0,
                    "YRotation": -512,
                    "ZRotation": 0
                },
                {
                    "ModelId": "4402",
                    "ModelIdNum": 4402,
                    "ObjectType": 13,
                    "XPos": 126,
                    "YPos": 0,
                    "ZPos": -437,
                    "XRotation": 0,
                    "YRotation": -512,
                    "ZRotation": 0
                },
                {
                    "ModelId": "3400",
                    "ModelIdNum": 3400,
                    "ObjectType": 13,
                    "XPos": 186,
                    "YPos": -64,
                    "ZPos": -320,
                    "XRotation": 0,
                    "YRotation": 0,
                    "ZRotation": 0
                },
                {
                    "ModelId": "2400",
                    "ModelIdNum": 2400,
                    "ObjectType": 13,
                    "XPos": 128,
                    "YPos": 2,
                    "ZPos": 319,
                    "XScale": 0.9871398,
                    "XRotation": 0,
                    "YRotation": -511,
                    "ZRotation": 0
                },
                {
                    "ModelId": "2402",
                    "ModelIdNum": 2402,
                    "ObjectType": 13,
                    "XPos": -128,
                    "YPos": 2,
                    "ZPos": -318,
                    "XScale": 0.9871398,
                    "XRotation": 0,
                    "YRotation": -511,
                    "ZRotation": 0
                },
                {
                    "ModelId": "2400",
                    "ModelIdNum": 2400,
                    "ObjectType": 13,
                    "XPos": -253,
                    "YPos": 5,
                    "ZPos": -191,
                    "XRotation": 0,
                    "YRotation": 0,
                    "ZRotation": 0
                },
                {
                    "ModelId": "41040",
                    "ModelIdNum": 41040,
                    "ObjectType": 0,
                    "XPos": 114,
                    "YPos": -37,
                    "ZPos": -268,
                    "XRotation": 0,
                    "YRotation": -1024,
                    "ZRotation": 0
                },
                {
                    "ModelId": "4402",
                    "ModelIdNum": 4402,
                    "ObjectType": 13,
                    "XPos": 263,
                    "YPos": -1,
                    "ZPos": 71,
                    "XRotation": 0,
                    "YRotation": -1536,
                    "ZRotation": 0
                },
                {
                    "ModelId": "69463",
                    "ModelIdNum": 69463,
                    "ObjectType": 0,
                    "XPos": 200,
                    "YPos": -70,
                    "ZPos": -72,
                    "XScale": 1.5,
                    "YScale": 1.5,
                    "XRotation": 0,
                    "YRotation": -512,
                    "ZRotation": 0
                },
                {
                    "ModelId": "3400",
                    "ModelIdNum": 3400,
                    "ObjectType": 13,
                    "XPos": 256,
                    "YPos": -65,
                    "ZPos": -254,
                    "XRotation": 0,
                    "YRotation": -1536,
                    "ZRotation": 0
                },
                {
                    "ModelId": "3400",
                    "ModelIdNum": 3400,
                    "ObjectType": 13,
                    "XPos": 192,
                    "YPos": -64,
                    "ZPos": -320,
                    "XRotation": 0,
                    "YRotation": -1024,
                    "ZRotation": 0
                },
                {
                    "ModelId": "15414",
                    "ModelIdNum": 15414,
                    "ObjectType": 13,
                    "XPos": 253,
                    "YPos": -64,
                    "ZPos": -316,
                    "XRotation": 0,
                    "YRotation": 0,
                    "ZRotation": 0
                },
                {
                    "ModelId": "41106",
                    "ModelIdNum": 41106,
                    "ObjectType": 0,
                    "XPos": -268,
                    "YPos": -15,
                    "ZPos": -106,
                    "XRotation": 0,
                    "YRotation": 0,
                    "ZRotation": 0
                },
                {
                    "ModelId": "42083",
                    "ModelIdNum": 42083,
                    "ObjectType": 0,
                    "XPos": 276,
                    "YPos": -44,
                    "ZPos": 316,
                    "XRotation": 0,
                    "YRotation": -1536,
                    "ZRotation": 0
                },
                {
                    "ModelId": "69465",
                    "ModelIdNum": 69465,
                    "ObjectType": 0,
                    "XPos": -2,
                    "YPos": 2,
                    "ZPos": -250,
                    "XScale": 0.3074034,
                    "YScale": 0.6,
                    "ZScale": 0.8776345,
                    "XRotation": 0,
                    "YRotation": -511,
                    "ZRotation": 0
                },
                {
                    "ModelId": "69424",
                    "ModelIdNum": 69424,
                    "ObjectType": 0,
                    "XPos": -22,
                    "YPos": -66,
                    "ZPos": 134,
                    "XRotation": 0,
                    "YRotation": 0,
                    "ZRotation": 0
                },
                {
                    "ModelId": "45110",
                    "ModelIdNum": 45110,
                    "ObjectType": 0,
                    "XPos": 118,
                    "YPos": -338,
                    "ZPos": -122,
                    "YScale": 2.78978,
                    "ZScale": 1.3,
                    "XRotation": 0,
                    "YRotation": 0,
                    "ZRotation": -511
                },
                {
                    "ModelId": "45110",
                    "ModelIdNum": 45110,
                    "ObjectType": 0,
                    "XPos": 118,
                    "YPos": -338,
                    "ZPos": 2,
                    "YScale": 2.78978,
                    "ZScale": 1.3,
                    "XRotation": 0,
                    "YRotation": 0,
                    "ZRotation": -511
                },
                {
                    "ModelId": "45110",
                    "ModelIdNum": 45110,
                    "ObjectType": 0,
                    "XPos": 118,
                    "YPos": -338,
                    "ZPos": 124,
                    "YScale": 2.78978,
                    "ZScale": 1.3,
                    "XRotation": 0,
                    "YRotation": 0,
                    "ZRotation": -511
                },
                {
                    "ModelId": "45110",
                    "ModelIdNum": 45110,
                    "ObjectType": 0,
                    "XPos": 118,
                    "YPos": -338,
                    "ZPos": 252,
                    "YScale": 2.78978,
                    "ZScale": 1.3,
                    "XRotation": 0,
                    "YRotation": 0,
                    "ZRotation": -511
                },
                {
                    "ModelId": "45110",
                    "ModelIdNum": 45110,
                    "ObjectType": 0,
                    "XPos": 56,
                    "YPos": -274,
                    "ZPos": -190,
                    "YScale": 1.03741,
                    "XRotation": 0,
                    "YRotation": -1024,
                    "ZRotation": -170
                },
                {
                    "ModelId": "45110",
                    "ModelIdNum": 45110,
                    "ObjectType": 0,
                    "XPos": 50,
                    "YPos": -272,
                    "ZPos": -190,
                    "YScale": 2.33488,
                    "ZScale": 1.2,
                    "XRotation": 0,
                    "YRotation": 0,
                    "ZRotation": -84
                },
                {
                    "ModelId": "45110",
                    "ModelIdNum": 45110,
                    "ObjectType": 0,
                    "XPos": 118,
                    "YPos": -338,
                    "ZPos": -252,
                    "YScale": 2.78978,
                    "ZScale": 1.3,
                    "XRotation": 0,
                    "YRotation": 0,
                    "ZRotation": -511
                },
                {
                    "ModelId": "45110",
                    "ModelIdNum": 45110,
                    "ObjectType": 0,
                    "XPos": -54,
                    "YPos": -276,
                    "ZPos": -190,
                    "YScale": 1.11605,
                    "ZScale": 1.2,
                    "XRotation": 0,
                    "YRotation": 0,
                    "ZRotation": -169
                },
                {
                    "ModelId": "45110",
                    "ModelIdNum": 45110,
                    "ObjectType": 0,
                    "XPos": -50,
                    "YPos": -276,
                    "ZPos": -190,
                    "YScale": 2.15046,
                    "XRotation": 0,
                    "YRotation": -1024,
                    "ZRotation": -85
                },
                {
                    "ModelId": "45110",
                    "ModelIdNum": 45110,
                    "ObjectType": 0,
                    "XPos": 184,
                    "YPos": -274,
                    "ZPos": -58,
                    "YScale": 4.501309,
                    "ZScale": 1.3,
                    "XRotation": 0,
                    "YRotation": 0,
                    "ZRotation": -511
                },
                {
                    "ModelId": "45110",
                    "ModelIdNum": 45110,
                    "ObjectType": 0,
                    "XPos": 184,
                    "YPos": -274,
                    "ZPos": 66,
                    "YScale": 4.501309,
                    "ZScale": 1.3,
                    "XRotation": 0,
                    "YRotation": 0,
                    "ZRotation": -511
                },
                {
                    "ModelId": "45110",
                    "ModelIdNum": 45110,
                    "ObjectType": 0,
                    "XPos": 184,
                    "YPos": -274,
                    "ZPos": 188,
                    "YScale": 4.501309,
                    "ZScale": 1.3,
                    "XRotation": 0,
                    "YRotation": 0,
                    "ZRotation": -511
                },
                {
                    "ModelId": "45110",
                    "ModelIdNum": 45110,
                    "ObjectType": 0,
                    "XPos": 184,
                    "YPos": -274,
                    "ZPos": -188,
                    "YScale": 4.501309,
                    "ZScale": 1.3,
                    "XRotation": 0,
                    "YRotation": 0,
                    "ZRotation": -511
                },
                {
                    "ModelId": "45110",
                    "ModelIdNum": 45110,
                    "ObjectType": 0,
                    "XPos": 188,
                    "YPos": -274,
                    "ZPos": -122,
                    "YScale": 4.501309,
                    "ZScale": 1.3,
                    "XRotation": 0,
                    "YRotation": 0,
                    "ZRotation": -511
                },
                {
                    "ModelId": "45110",
                    "ModelIdNum": 45110,
                    "ObjectType": 0,
                    "XPos": 188,
                    "YPos": -274,
                    "ZPos": 2,
                    "YScale": 4.501309,
                    "ZScale": 1.3,
                    "XRotation": 0,
                    "YRotation": 0,
                    "ZRotation": -511
                },
                {
                    "ModelId": "45110",
                    "ModelIdNum": 45110,
                    "ObjectType": 0,
                    "XPos": 188,
                    "YPos": -274,
                    "ZPos": 124,
                    "YScale": 4.501309,
                    "ZScale": 1.3,
                    "XRotation": 0,
                    "YRotation": 0,
                    "ZRotation": -511
                },
                {
                    "ModelId": "45110",
                    "ModelIdNum": 45110,
                    "ObjectType": 0,
                    "XPos": 188,
                    "YPos": -274,
                    "ZPos": 252,
                    "YScale": 4.501309,
                    "ZScale": 1.3,
                    "XRotation": 0,
                    "YRotation": 0,
                    "ZRotation": -511
                },
                {
                    "ModelId": "45110",
                    "ModelIdNum": 45110,
                    "ObjectType": 0,
                    "XPos": 188,
                    "YPos": -274,
                    "ZPos": -252,
                    "YScale": 4.501309,
                    "ZScale": 1.3,
                    "XRotation": 0,
                    "YRotation": 0,
                    "ZRotation": -511
                },
                {
                    "ModelId": "45110",
                    "ModelIdNum": 45110,
                    "ObjectType": 0,
                    "XPos": 56,
                    "YPos": -274,
                    "ZPos": -58,
                    "YScale": 1.03741,
                    "XRotation": 0,
                    "YRotation": -1024,
                    "ZRotation": -170
                },
                {
                    "ModelId": "45110",
                    "ModelIdNum": 45110,
                    "ObjectType": 0,
                    "XPos": 50,
                    "YPos": -272,
                    "ZPos": -58,
                    "YScale": 2.33488,
                    "ZScale": 1.2,
                    "XRotation": 0,
                    "YRotation": 0,
                    "ZRotation": -84
                },
                {
                    "ModelId": "45110",
                    "ModelIdNum": 45110,
                    "ObjectType": 0,
                    "XPos": -54,
                    "YPos": -276,
                    "ZPos": -58,
                    "YScale": 1.11605,
                    "ZScale": 1.2,
                    "XRotation": 0,
                    "YRotation": 0,
                    "ZRotation": -169
                },
                {
                    "ModelId": "45110",
                    "ModelIdNum": 45110,
                    "ObjectType": 0,
                    "XPos": -50,
                    "YPos": -276,
                    "ZPos": -58,
                    "YScale": 2.15046,
                    "XRotation": 0,
                    "YRotation": -1024,
                    "ZRotation": -85
                },
                {
                    "ModelId": "45110",
                    "ModelIdNum": 45110,
                    "ObjectType": 0,
                    "XPos": 56,
                    "YPos": -274,
                    "ZPos": 188,
                    "YScale": 1.03741,
                    "XRotation": 0,
                    "YRotation": -1024,
                    "ZRotation": -170
                },
                {
                    "ModelId": "45110",
                    "ModelIdNum": 45110,
                    "ObjectType": 0,
                    "XPos": 50,
                    "YPos": -272,
                    "ZPos": 188,
                    "YScale": 2.33488,
                    "ZScale": 1.2,
                    "XRotation": 0,
                    "YRotation": 0,
                    "ZRotation": -84
                },
                {
                    "ModelId": "45110",
                    "ModelIdNum": 45110,
                    "ObjectType": 0,
                    "XPos": -54,
                    "YPos": -276,
                    "ZPos": 188,
                    "YScale": 1.11605,
                    "ZScale": 1.2,
                    "XRotation": 0,
                    "YRotation": 0,
                    "ZRotation": -169
                },
                {
                    "ModelId": "45110",
                    "ModelIdNum": 45110,
                    "ObjectType": 0,
                    "XPos": -50,
                    "YPos": -276,
                    "ZPos": 188,
                    "YScale": 2.15046,
                    "XRotation": 0,
                    "YRotation": -1024,
                    "ZRotation": -85
                },
                {
                    "ModelId": "45110",
                    "ModelIdNum": 45110,
                    "ObjectType": 0,
                    "XPos": 174,
                    "YPos": -126,
                    "ZPos": 124,
                    "YScale": 2.02244,
                    "ZScale": 1.3,
                    "XRotation": 0,
                    "YRotation": 0,
                    "ZRotation": 0
                },
                {
                    "ModelId": "45110",
                    "ModelIdNum": 45110,
                    "ObjectType": 0,
                    "XPos": -170,
                    "YPos": -126,
                    "ZPos": 124,
                    "YScale": 2.02244,
                    "ZScale": 1.3,
                    "XRotation": 0,
                    "YRotation": 0,
                    "ZRotation": 0
                },
                {
                    "ModelId": "45110",
                    "ModelIdNum": 45110,
                    "ObjectType": 0,
                    "XPos": 174,
                    "YPos": -128,
                    "ZPos": -122,
                    "YScale": 2.02244,
                    "ZScale": 1.3,
                    "XRotation": 0,
                    "YRotation": 0,
                    "ZRotation": 0
                },
                {
                    "ModelId": "45110",
                    "ModelIdNum": 45110,
                    "ObjectType": 0,
                    "XPos": -170,
                    "YPos": -128,
                    "ZPos": -122,
                    "YScale": 2.02244,
                    "ZScale": 1.3,
                    "XRotation": 0,
                    "YRotation": 0,
                    "ZRotation": 0
                },
                {
                    "ModelId": "45110",
                    "ModelIdNum": 45110,
                    "ObjectType": 0,
                    "XPos": 56,
                    "YPos": -274,
                    "ZPos": 66,
                    "YScale": 1.03741,
                    "XRotation": 0,
                    "YRotation": -1024,
                    "ZRotation": -170
                },
                {
                    "ModelId": "45110",
                    "ModelIdNum": 45110,
                    "ObjectType": 0,
                    "XPos": 50,
                    "YPos": -272,
                    "ZPos": 66,
                    "YScale": 2.33488,
                    "ZScale": 1.2,
                    "XRotation": 0,
                    "YRotation": 0,
                    "ZRotation": -84
                },
                {
                    "ModelId": "45110",
                    "ModelIdNum": 45110,
                    "ObjectType": 0,
                    "XPos": -54,
                    "YPos": -276,
                    "ZPos": 66,
                    "YScale": 1.11605,
                    "ZScale": 1.2,
                    "XRotation": 0,
                    "YRotation": 0,
                    "ZRotation": -169
                },
                {
                    "ModelId": "45110",
                    "ModelIdNum": 45110,
                    "ObjectType": 0,
                    "XPos": -50,
                    "YPos": -276,
                    "ZPos": 66,
                    "YScale": 2.15046,
                    "XRotation": 0,
                    "YRotation": -1024,
                    "ZRotation": -85
                },
                {
                    "ModelId": "45110",
                    "ModelIdNum": 45110,
                    "ObjectType": 0,
                    "XPos": 56,
                    "YPos": -274,
                    "ZPos": -319,
                    "YScale": 1.03741,
                    "XRotation": 0,
                    "YRotation": -1024,
                    "ZRotation": -170
                },
                {
                    "ModelId": "45110",
                    "ModelIdNum": 45110,
                    "ObjectType": 0,
                    "XPos": 50,
                    "YPos": -272,
                    "ZPos": -319,
                    "YScale": 2.33488,
                    "ZScale": 1.2,
                    "XRotation": 0,
                    "YRotation": 0,
                    "ZRotation": -84
                },
                {
                    "ModelId": "45110",
                    "ModelIdNum": 45110,
                    "ObjectType": 0,
                    "XPos": -54,
                    "YPos": -276,
                    "ZPos": -319,
                    "YScale": 1.11605,
                    "ZScale": 1.2,
                    "XRotation": 0,
                    "YRotation": 0,
                    "ZRotation": -169
                },
                {
                    "ModelId": "45110",
                    "ModelIdNum": 45110,
                    "ObjectType": 0,
                    "XPos": -50,
                    "YPos": -276,
                    "ZPos": -319,
                    "YScale": 2.15046,
                    "XRotation": 0,
                    "YRotation": -1024,
                    "ZRotation": -85
                },
                {
                    "ModelId": "45110",
                    "ModelIdNum": 45110,
                    "ObjectType": 0,
                    "XPos": 184,
                    "YPos": -274,
                    "ZPos": -317,
                    "YScale": 4.501309,
                    "ZScale": 1.3,
                    "XRotation": 0,
                    "YRotation": 0,
                    "ZRotation": -511
                },
                {
                    "ModelId": "45110",
                    "ModelIdNum": 45110,
                    "ObjectType": 0,
                    "XPos": 56,
                    "YPos": -274,
                    "ZPos": 313,
                    "YScale": 1.03741,
                    "XRotation": 0,
                    "YRotation": -1024,
                    "ZRotation": -170
                },
                {
                    "ModelId": "45110",
                    "ModelIdNum": 45110,
                    "ObjectType": 0,
                    "XPos": 50,
                    "YPos": -272,
                    "ZPos": 313,
                    "YScale": 2.33488,
                    "ZScale": 1.2,
                    "XRotation": 0,
                    "YRotation": 0,
                    "ZRotation": -84
                },
                {
                    "ModelId": "45110",
                    "ModelIdNum": 45110,
                    "ObjectType": 0,
                    "XPos": -54,
                    "YPos": -276,
                    "ZPos": 313,
                    "YScale": 1.11605,
                    "ZScale": 1.2,
                    "XRotation": 0,
                    "YRotation": 0,
                    "ZRotation": -169
                },
                {
                    "ModelId": "45110",
                    "ModelIdNum": 45110,
                    "ObjectType": 0,
                    "XPos": -50,
                    "YPos": -276,
                    "ZPos": 313,
                    "YScale": 2.15046,
                    "XRotation": 0,
                    "YRotation": -1024,
                    "ZRotation": -85
                },
                {
                    "ModelId": "45110",
                    "ModelIdNum": 45110,
                    "ObjectType": 0,
                    "XPos": 184,
                    "YPos": -274,
                    "ZPos": 315,
                    "YScale": 4.501309,
                    "ZScale": 1.3,
                    "XRotation": 0,
                    "YRotation": 0,
                    "ZRotation": -511
                },
                {
                    "ModelId": "41810",
                    "ModelIdNum": 41810,
                    "ObjectType": 0,
                    "XPos": -56,
                    "YPos": -60,
                    "ZPos": 118,
                    "XRotation": 0,
                    "YRotation": -1024,
                    "ZRotation": 0
                },
                {
                    "ModelId": "41810",
                    "ModelIdNum": 41810,
                    "ObjectType": 0,
                    "XPos": 64,
                    "YPos": -58,
                    "ZPos": 118,
                    "XRotation": 0,
                    "YRotation": -1024,
                    "ZRotation": 0
                },
                {
                    "ModelId": "41124",
                    "ModelIdNum": 41124,
                    "ObjectType": 0,
                    "XPos": 168,
                    "YPos": -34,
                    "ZPos": -110,
                    "XRotation": 0,
                    "YRotation": -1536,
                    "ZRotation": 0
                },
                {
                    "ModelId": "41100",
                    "ModelIdNum": 41100,
                    "ObjectType": 0,
                    "XPos": 162,
                    "YPos": -15,
                    "ZPos": -53,
                    "XRotation": 0,
                    "YRotation": -1649,
                    "ZRotation": 0
                }
            ],
            "BlockFlatObjectRecords": [
                {
                    "Position": 0,
                    "XPos": 250,
                    "YPos": 0,
                    "ZPos": 189,
                    "TextureArchive": 199,
                    "TextureRecord": 20,
                    "FactionID": 0,
                    "Flags": 17
                },
                {
                    "Position": 0,
                    "XPos": 14,
                    "YPos": 0,
                    "ZPos": 348,
                    "TextureArchive": 199,
                    "TextureRecord": 20,
                    "FactionID": 0,
                    "Flags": 17
                },
                {
                    "Position": 0,
                    "XPos": -285,
                    "YPos": -1,
                    "ZPos": -355,
                    "TextureArchive": 199,
                    "TextureRecord": 20,
                    "FactionID": 0,
                    "Flags": 17
                },
                {
                    "Position": 0,
                    "XPos": -255,
                    "YPos": 0,
                    "ZPos": 176,
                    "TextureArchive": 199,
                    "TextureRecord": 20,
                    "FactionID": 0,
                    "Flags": 17
                },
                {
                    "Position": 0,
                    "XPos": -82,
                    "YPos": 0,
                    "ZPos": -350,
                    "TextureArchive": 199,
                    "TextureRecord": 20,
                    "FactionID": 0,
                    "Flags": 17
                },
                {
                    "Position": 0,
                    "XPos": 152,
                    "YPos": 0,
                    "ZPos": 33,
                    "TextureArchive": 199,
                    "TextureRecord": 20,
                    "FactionID": 0,
                    "Flags": 17
                },
                {
                    "Position": 0,
                    "XPos": -128,
                    "YPos": 0,
                    "ZPos": -208,
                    "TextureArchive": 199,
                    "TextureRecord": 20,
                    "FactionID": 0,
                    "Flags": 17
                },
                {
                    "Position": 0,
                    "XPos": 119,
                    "YPos": 0,
                    "ZPos": -122,
                    "TextureArchive": 199,
                    "TextureRecord": 20,
                    "FactionID": 0,
                    "Flags": 17
                },
                {
                    "Position": 0,
                    "XPos": 186,
                    "YPos": -130,
                    "ZPos": -293,
                    "TextureArchive": 199,
                    "TextureRecord": 20,
                    "FactionID": 0,
                    "Flags": 17
                },
                {
                    "Position": 0,
                    "XPos": 220,
                    "YPos": 0,
                    "ZPos": -130,
                    "TextureArchive": 199,
                    "TextureRecord": 20,
                    "FactionID": 0,
                    "Flags": 17
                },
                {
                    "Position": 0,
                    "XPos": -184,
                    "YPos": -129,
                    "ZPos": 232,
                    "TextureArchive": 199,
                    "TextureRecord": 20,
                    "FactionID": 0,
                    "Flags": 17
                },
                {
                    "Position": 0,
                    "XPos": -72,
                    "YPos": -129,
                    "ZPos": 120,
                    "TextureArchive": 199,
                    "TextureRecord": 20,
                    "FactionID": 0,
                    "Flags": 17
                },
                {
                    "Position": 0,
                    "XPos": 64,
                    "YPos": -80,
                    "ZPos": -318,
                    "TextureArchive": 210,
                    "TextureRecord": 13,
                    "FactionID": 28680,
                    "Flags": 17
                },
                {
                    "Position": 0,
                    "XPos": -62,
                    "YPos": -76,
                    "ZPos": 256,
                    "TextureArchive": 210,
                    "TextureRecord": 13,
                    "FactionID": -32752,
                    "Flags": 17
                },
                {
                    "Position": 0,
                    "XPos": -120,
                    "YPos": -80,
                    "ZPos": -128,
                    "TextureArchive": 210,
                    "TextureRecord": 13,
                    "FactionID": -32752,
                    "Flags": 17
                },
                {
                    "Position": 0,
                    "XPos": -152,
                    "YPos": -129,
                    "ZPos": -208,
                    "TextureArchive": 199,
                    "TextureRecord": 22,
                    "FactionID": 0,
                    "Flags": 17
                },
                {
                    "Position": 0,
                    "XPos": -264,
                    "YPos": 0,
                    "ZPos": -320,
                    "TextureArchive": 199,
                    "TextureRecord": 21,
                    "FactionID": 0,
                    "Flags": 17
                },
                {
                    "Position": 0,
                    "XPos": -256,
                    "YPos": 0,
                    "ZPos": -64,
                    "TextureArchive": 199,
                    "TextureRecord": 8,
                    "FactionID": 0,
                    "Flags": 0
                },
                {
                    "Position": 0,
                    "XPos": -256,
                    "YPos": 0,
                    "ZPos": 320,
                    "TextureArchive": 199,
                    "TextureRecord": 18,
                    "FactionID": 0,
                    "Flags": 0
                },
                {
                    "Position": 0,
                    "XPos": 0,
                    "YPos": -129,
                    "ZPos": 320,
                    "TextureArchive": 199,
                    "TextureRecord": 8,
                    "FactionID": 0,
                    "Flags": 0
                },
                {
                    "Position": 0,
                    "XPos": 0,
                    "YPos": -129,
                    "ZPos": -320,
                    "TextureArchive": 199,
                    "TextureRecord": 8,
                    "FactionID": 0,
                    "Flags": 0
                },
                {
                    "Position": 0,
                    "XPos": 212,
                    "YPos": -1,
                    "ZPos": -24,
                    "TextureArchive": 205,
                    "TextureRecord": 41,
                    "FactionID": 0,
                    "Flags": 0
                },
                {
                    "Position": 0,
                    "XPos": 128,
                    "YPos": -82,
                    "ZPos": 256,
                    "TextureArchive": 210,
                    "TextureRecord": 22,
                    "FactionID": 0,
                    "Flags": 0
                },
                {
                    "Position": 0,
                    "XPos": 270,
                    "YPos": -16,
                    "ZPos": 242,
                    "TextureArchive": 210,
                    "TextureRecord": 4,
                    "FactionID": 0,
                    "Flags": 0
                },
                {
                    "Position": 0,
                    "XPos": 288,
                    "YPos": -14,
                    "ZPos": 231,
                    "TextureArchive": 209,
                    "TextureRecord": 3,
                    "FactionID": 0,
                    "Flags": 0
                },
                {
                    "Position": 0,
                    "XPos": -293,
                    "YPos": 0,
                    "ZPos": -166,
                    "TextureArchive": 205,
                    "TextureRecord": 0,
                    "FactionID": 0,
                    "Flags": 0
                },
                {
                    "Position": 0,
                    "XPos": -278,
                    "YPos": 0,
                    "ZPos": -180,
                    "TextureArchive": 205,
                    "TextureRecord": 0,
                    "FactionID": 0,
                    "Flags": 0
                },
                {
                    "Position": 0,
                    "XPos": -280,
                    "YPos": 0,
                    "ZPos": -152,
                    "TextureArchive": 205,
                    "TextureRecord": 20,
                    "FactionID": 0,
                    "Flags": 0
                },
                {
                    "Position": 0,
                    "XPos": -184,
                    "YPos": -130,
                    "ZPos": 346,
                    "TextureArchive": 205,
                    "TextureRecord": 29,
                    "FactionID": 0,
                    "Flags": 0
                },
                {
                    "Position": 0,
                    "XPos": -212,
                    "YPos": -131,
                    "ZPos": 364,
                    "TextureArchive": 214,
                    "TextureRecord": 10,
                    "FactionID": 0,
                    "Flags": 0
                },
                {
                    "Position": 0,
                    "XPos": -15,
                    "YPos": -32,
                    "ZPos": -352,
                    "TextureArchive": 213,
                    "TextureRecord": 4,
                    "FactionID": 0,
                    "Flags": 0
                },
                {
                    "Position": 0,
                    "XPos": -291,
                    "YPos": -1,
                    "ZPos": 364,
                    "TextureArchive": 205,
                    "TextureRecord": 11,
                    "FactionID": 0,
                    "Flags": 0
                },
                {
                    "Position": 0,
                    "XPos": -285,
                    "YPos": -1,
                    "ZPos": 360,
                    "TextureArchive": 205,
                    "TextureRecord": 14,
                    "FactionID": 0,
                    "Flags": 0
                },
                {
                    "Position": 0,
                    "XPos": 254,
                    "YPos": -72,
                    "ZPos": -64,
                    "TextureArchive": 210,
                    "TextureRecord": 22,
                    "FactionID": 0,
                    "Flags": 0
                },
                {
                    "Position": 0,
                    "XPos": 0,
                    "YPos": -33,
                    "ZPos": -77,
                    "TextureArchive": 10021,
                    "TextureRecord": 0,
                    "FactionID": 0,
                    "Flags": 0
                },
                {
                    "Position": 0,
                    "XPos": 14,
                    "YPos": -33,
                    "ZPos": -56,
                    "TextureArchive": 10021,
                    "TextureRecord": 1,
                    "FactionID": 0,
                    "Flags": 0
                },
                {
                    "Position": 0,
                    "XPos": -198,
                    "YPos": 0,
                    "ZPos": -97,
                    "TextureArchive": 204,
                    "TextureRecord": 1,
                    "FactionID": 0,
                    "Flags": 0
                },
                {
                    "Position": 0,
                    "XPos": 32,
                    "YPos": -31,
                    "ZPos": -362,
                    "TextureArchive": 254,
                    "TextureRecord": 9,
                    "FactionID": 0,
                    "Flags": 0
                },
                {
                    "Position": 0,
                    "XPos": 18,
                    "YPos": -31,
                    "ZPos": -342,
                    "TextureArchive": 254,
                    "TextureRecord": 15,
                    "FactionID": 0,
                    "Flags": 0
                },
                {
                    "Position": 0,
                    "XPos": 276,
                    "YPos": -19,
                    "ZPos": 324,
                    "TextureArchive": 200,
                    "TextureRecord": 11,
                    "FactionID": 0,
                    "Flags": 0
                },
                {
                    "Position": 0,
                    "XPos": 248,
                    "YPos": -2,
                    "ZPos": -332,
                    "TextureArchive": 199,
                    "TextureRecord": 11,
                    "FactionID": 0,
                    "Flags": 0
                },
                {
                    "Position": 0,
                    "XPos": -86,
                    "YPos": -1,
                    "ZPos": 240,
                    "TextureArchive": 199,
                    "TextureRecord": 4,
                    "FactionID": 0,
                    "Flags": 0
                },
                {
                    "Position": 0,
                    "XPos": 0,
                    "YPos": -33,
                    "ZPos": -42,
                    "TextureArchive": 1210,
                    "TextureRecord": 17,
                    "FactionID": 0,
                    "Flags": 0
                },
                {
                    "Position": 0,
                    "XPos": 14,
                    "YPos": -34,
                    "ZPos": -31,
                    "TextureArchive": 56790,
                    "TextureRecord": 25,
                    "FactionID": 0,
                    "Flags": 0
                },
                {
                    "Position": 0,
                    "XPos": 26,
                    "YPos": -28,
                    "ZPos": 184,
                    "TextureArchive": 56790,
                    "TextureRecord": 19,
                    "FactionID": 0,
                    "Flags": 0
                }
            ],
            "BlockSection3Records": [
                {
                    "XPos": -128,
                    "YPos": 0,
                    "ZPos": -64
                },
                {
                    "XPos": -128,
                    "YPos": 0,
                    "ZPos": 64
                },
                {
                    "XPos": 0,
                    "YPos": 0,
                    "ZPos": 64
                },
                {
                    "XPos": 128,
                    "YPos": 0,
                    "ZPos": 64
                },
                {
                    "XPos": 128,
                    "YPos": 0,
                    "ZPos": -64
                },
                {
                    "XPos": 128,
                    "YPos": 0,
                    "ZPos": -192
                },
                {
                    "XPos": 0,
                    "YPos": 0,
                    "ZPos": -192
                },
                {
                    "XPos": -128,
                    "YPos": 0,
                    "ZPos": -192
                },
                {
                    "XPos": 0,
                    "YPos": 0,
                    "ZPos": -64
                },
                {
                    "XPos": -128,
                    "YPos": 0,
                    "ZPos": -320
                },
                {
                    "XPos": 0,
                    "YPos": 0,
                    "ZPos": -320
                },
                {
                    "XPos": 128,
                    "YPos": 0,
                    "ZPos": -320
                },
                {
                    "XPos": 256,
                    "YPos": 0,
                    "ZPos": -320
                },
                {
                    "XPos": 256,
                    "YPos": 0,
                    "ZPos": -192
                },
                {
                    "XPos": 256,
                    "YPos": 0,
                    "ZPos": -64
                },
                {
                    "XPos": 256,
                    "YPos": 0,
                    "ZPos": 64
                },
                {
                    "XPos": -256,
                    "YPos": 0,
                    "ZPos": 64
                },
                {
                    "XPos": -256,
                    "YPos": 0,
                    "ZPos": 192
                },
                {
                    "XPos": 128,
                    "YPos": 0,
                    "ZPos": 192
                },
                {
                    "XPos": 128,
                    "YPos": 0,
                    "ZPos": 320
                },
                {
                    "XPos": 256,
                    "YPos": 0,
                    "ZPos": 192
                },
                {
                    "XPos": 256,
                    "YPos": 0,
                    "ZPos": 320
                },
                {
                    "XPos": -128,
                    "YPos": 0,
                    "ZPos": 320
                },
                {
                    "XPos": 0,
                    "YPos": 0,
                    "ZPos": 320
                },
                {
                    "XPos": 0,
                    "YPos": 0,
                    "ZPos": 192
                },
                {
                    "XPos": -128,
                    "YPos": 0,
                    "ZPos": 192
                },
                {
                    "XPos": -256,
                    "YPos": 0,
                    "ZPos": -192
                },
                {
                    "XPos": -256,
                    "YPos": -129,
                    "ZPos": 320
                },
                {
                    "XPos": -128,
                    "YPos": -129,
                    "ZPos": 320
                },
                {
                    "XPos": 128,
                    "YPos": -129,
                    "ZPos": 320
                },
                {
                    "XPos": 128,
                    "YPos": -129,
                    "ZPos": 192
                },
                {
                    "XPos": 256,
                    "YPos": -129,
                    "ZPos": 192
                },
                {
                    "XPos": 128,
                    "YPos": -129,
                    "ZPos": 64
                },
                {
                    "XPos": 0,
                    "YPos": -129,
                    "ZPos": 64
                },
                {
                    "XPos": -128,
                    "YPos": -129,
                    "ZPos": 64
                },
                {
                    "XPos": -256,
                    "YPos": -129,
                    "ZPos": 64
                },
                {
                    "XPos": -256,
                    "YPos": -129,
                    "ZPos": 192
                },
                {
                    "XPos": -128,
                    "YPos": -129,
                    "ZPos": 192
                },
                {
                    "XPos": 0,
                    "YPos": -129,
                    "ZPos": 192
                },
                {
                    "XPos": 256,
                    "YPos": -129,
                    "ZPos": 320
                },
                {
                    "XPos": 256,
                    "YPos": -129,
                    "ZPos": 64
                },
                {
                    "XPos": 128,
                    "YPos": -129,
                    "ZPos": -64
                },
                {
                    "XPos": 0,
                    "YPos": -129,
                    "ZPos": -64
                },
                {
                    "XPos": -128,
                    "YPos": -129,
                    "ZPos": -64
                },
                {
                    "XPos": -256,
                    "YPos": -129,
                    "ZPos": -64
                },
                {
                    "XPos": 0,
                    "YPos": -129,
                    "ZPos": -192
                },
                {
                    "XPos": 128,
                    "YPos": -129,
                    "ZPos": -192
                },
                {
                    "XPos": 256,
                    "YPos": -129,
                    "ZPos": -192
                },
                {
                    "XPos": -128,
                    "YPos": -129,
                    "ZPos": -192
                },
                {
                    "XPos": -256,
                    "YPos": -129,
                    "ZPos": -192
                },
                {
                    "XPos": 256,
                    "YPos": -129,
                    "ZPos": -64
                },
                {
                    "XPos": 256,
                    "YPos": -129,
                    "ZPos": -320
                },
                {
                    "XPos": 128,
                    "YPos": -129,
                    "ZPos": -320
                },
                {
                    "XPos": -128,
                    "YPos": -129,
                    "ZPos": -320
                },
                {
                    "XPos": -256,
                    "YPos": -129,
                    "ZPos": -320
                }
            ],
            "BlockPeopleRecords": [
                {
                    "Position": 5325,
                    "XPos": -120,
                    "YPos": 0,
                    "ZPos": -72,
                    "TextureArchive": 184,
                    "TextureRecord": 26,
                    "FactionID": 0,
                    "Flags": 33
                },
                {
                    "Position": 5326,
                    "XPos": -98,
                    "YPos": -2,
                    "ZPos": 306,
                    "TextureArchive": 182,
                    "TextureRecord": 19,
                    "FactionID": 0,
                    "Flags": 0
                },
                {
                    "Position": 5327,
                    "XPos": 126,
                    "YPos": -1,
                    "ZPos": 306,
                    "TextureArchive": 182,
                    "TextureRecord": 53,
                    "FactionID": 0,
                    "Flags": 0
                }
            ],
            "BlockDoorRecords": [
                {
                    "Position": 0,
                    "XPos": -105,
                    "YPos": -46,
                    "ZPos": 125,
                    "YRotation": -1024,
                    "OpenRotation": 94,
                    "DoorModelIndex": 0
                },
                {
                    "Position": 1,
                    "XPos": -233,
                    "YPos": -44,
                    "ZPos": 255,
                    "YRotation": -1024,
                    "OpenRotation": 94,
                    "DoorModelIndex": 0
                },
                {
                    "Position": 2,
                    "XPos": -186,
                    "YPos": -46,
                    "ZPos": -297,
                    "YRotation": -512,
                    "OpenRotation": 94,
                    "DoorModelIndex": 0
                },
                {
                    "Position": 3,
                    "XPos": -151,
                    "YPos": -46,
                    "ZPos": -255,
                    "YRotation": 0,
                    "OpenRotation": 94,
                    "DoorModelIndex": 0
                },
                {
                    "Position": 4,
                    "XPos": 188,
                    "YPos": -46,
                    "ZPos": 40,
                    "YRotation": -1536,
                    "OpenRotation": 94,
                    "DoorModelIndex": 0
                },
                {
                    "Position": 5,
                    "XPos": 189,
                    "YPos": -46,
                    "ZPos": -216,
                    "YRotation": -1536,
                    "OpenRotation": 94,
                    "DoorModelIndex": 0
                },
                {
                    "Position": 6,
                    "XPos": 152,
                    "YPos": -46,
                    "ZPos": 127,
                    "YRotation": -1024,
                    "OpenRotation": 94,
                    "DoorModelIndex": 0
                },
                {
                    "Position": 7,
                    "XPos": 234,
                    "YPos": -46,
                    "ZPos": 129,
                    "YRotation": 0,
                    "OpenRotation": 94,
                    "DoorModelIndex": 0
                }
            ]
        }
    },
    "AutoMapData": null
}