{
    "FactionId": 0,
    "BuildingType": 18,
    "Quality": 6,
    "NameSeed": 0,
    "RmbSubRecord": {
        "XPos": 3008,
        "ZPos": 3712,
        "YRotation": 1024,
        "Exterior": {
            "Header": {
                "Num3dObjectRecords": 1,
                "NumFlatObjectRecords": 0,
                "NumSection3Records": 0,
                "NumPeopleRecords": 0,
                "NumDoorRecords": 0
            },
            "Block3dObjectRecords": [
                {
                    "ModelId": "160",
                    "ModelIdNum": 160,
                    "ObjectType": 4,
                    "XPos": 0,
                    "YPos": 0,
                    "ZPos": 0,
                    "XRotation": 0,
                    "YRotation": 0,
                    "ZRotation": 0
                }
            ],
            "BlockFlatObjectRecords": [],
            "BlockSection3Records": [],
            "BlockPeopleRecords": [],
            "BlockDoorRecords": []
        },
        "Interior": {
            "Header": {
                "Num3dObjectRecords": 13,
                "NumFlatObjectRecords": 8,
                "NumSection3Records": 5,
                "NumPeopleRecords": 1,
                "NumDoorRecords": 2
            },
            "Block3dObjectRecords": [
                {
                    "ModelId": "8712",
                    "ModelIdNum": 8712,
                    "ObjectType": 13,
                    "XPos": 0,
                    "YPos": -63,
                    "ZPos": 189,
                    "XRotation": 0,
                    "YRotation": -1024,
                    "ZRotation": 0
                },
                {
                    "ModelId": "31714",
                    "ModelIdNum": 31714,
                    "ObjectType": 13,
                    "XPos": -128,
                    "YPos": -63,
                    "ZPos": 64,
                    "XRotation": 0,
                    "YRotation": -512,
                    "ZRotation": 0
                },
                {
                    "ModelId": "41001",
                    "ModelIdNum": 41001,
                    "ObjectType": 3,
                    "XPos": -68,
                    "YPos": 2,
                    "ZPos": 214,
                    "XRotation": 0,
                    "YRotation": -1544,
                    "ZRotation": 0
                },
                {
                    "ModelId": "41023",
                    "ModelIdNum": 41023,
                    "ObjectType": 3,
                    "XPos": 96,
                    "YPos": 2,
                    "ZPos": 152,
                    "XRotation": 0,
                    "YRotation": 0,
                    "ZRotation": 0
                },
                {
                    "ModelId": "41034",
                    "ModelIdNum": 41034,
                    "ObjectType": 3,
                    "XPos": -18,
                    "YPos": 2,
                    "ZPos": 240,
                    "XRotation": 0,
                    "YRotation": -1024,
                    "ZRotation": 0
                },
                {
                    "ModelId": "41113",
                    "ModelIdNum": 41113,
                    "ObjectType": 3,
                    "XPos": 96,
                    "YPos": 2,
                    "ZPos": 184,
                    "XRotation": 0,
                    "YRotation": 0,
                    "ZRotation": 0
                },
                {
                    "ModelId": "41108",
                    "ModelIdNum": 41108,
                    "ObjectType": 3,
                    "XPos": -96,
                    "YPos": 2,
                    "ZPos": -120,
                    "XRotation": 0,
                    "YRotation": -512,
                    "ZRotation": 0
                },
                {
                    "ModelId": "41102",
                    "ModelIdNum": 41102,
                    "ObjectType": 3,
                    "XPos": -98,
                    "YPos": 2,
                    "ZPos": -66,
                    "XRotation": 0,
                    "YRotation": -1024,
                    "ZRotation": 0
                },
                {
                    "ModelId": "45081",
                    "ModelIdNum": 45081,
                    "ObjectType": 0,
                    "XPos": 168,
                    "YPos": -55,
                    "ZPos": 187,
                    "XScale": 0.4999999,
                    "YScale": 0.7999998,
                    "XRotation": 0,
                    "YRotation": -256,
                    "ZRotation": -512
                },
                {
                    "ModelId": "41117",
                    "ModelIdNum": 41117,
                    "ObjectType": 3,
                    "XPos": -147,
                    "YPos": 8,
                    "ZPos": -212,
                    "XRotation": 0,
                    "YRotation": -256,
                    "ZRotation": 0
                },
                {
                    "ModelId": "45076",
                    "ModelIdNum": 45076,
                    "ObjectType": 0,
                    "XPos": -152,
                    "YPos": -55,
                    "ZPos": -218,
                    "ZScale": 0.7296547,
                    "XRotation": 0,
                    "YRotation": -260,
                    "ZRotation": 0
                },
                {
                    "ModelId": "45129",
                    "ModelIdNum": 45129,
                    "ObjectType": 0,
                    "XPos": -70,
                    "YPos": -4,
                    "ZPos": -266,
                    "XScale": 0.8481783,
                    "YScale": 2.0,
                    "ZScale": 3.0,
                    "XRotation": 0,
                    "YRotation": -256,
                    "ZRotation": -512
                },
                {
                    "ModelId": "45081",
                    "ModelIdNum": 45081,
                    "ObjectType": 0,
                    "XPos": -108,
                    "YPos": -63,
                    "ZPos": -234,
                    "YScale": 1.02,
                    "XRotation": 0,
                    "YRotation": -256,
                    "ZRotation": -512
                },
                {
                    "ModelId": "45081",
                    "ModelIdNum": 45081,
                    "ObjectType": 0,
                    "XPos": -116,
                    "YPos": -57,
                    "ZPos": -228,
                    "XScale": 0.4999999,
                    "YScale": 0.7999998,
                    "XRotation": 0,
                    "YRotation": -256,
                    "ZRotation": -512
                },
                {
                    "ModelId": "41117",
                    "ModelIdNum": 41117,
                    "ObjectType": 3,
                    "XPos": 154,
                    "YPos": 7,
                    "ZPos": 218,
                    "ZScale": 0.85629,
                    "XRotation": 0,
                    "YRotation": -1279,
                    "ZRotation": 0
                },
                {
                    "ModelId": "45076",
                    "ModelIdNum": 45076,
                    "ObjectType": 0,
                    "XPos": 162,
                    "YPos": -12,
                    "ZPos": 224,
                    "XScale": 0.95936,
                    "ZScale": 0.7671279,
                    "XRotation": 0,
                    "YRotation": -256,
                    "ZRotation": 0
                },
                {
                    "ModelId": "45081",
                    "ModelIdNum": 45081,
                    "ObjectType": 0,
                    "XPos": 176,
                    "YPos": -60,
                    "ZPos": 178,
                    "YScale": 1.03,
                    "XRotation": 0,
                    "YRotation": -256,
                    "ZRotation": -512
                },
                {
                    "ModelId": "45129",
                    "ModelIdNum": 45129,
                    "ObjectType": 0,
                    "XPos": 193,
                    "YPos": -1,
                    "ZPos": 152,
                    "XScale": 1.2,
                    "YScale": 1.99,
                    "ZScale": 2.0,
                    "XRotation": 0,
                    "YRotation": -256,
                    "ZRotation": -512
                },
                {
                    "ModelId": "3719",
                    "ModelIdNum": 3719,
                    "ObjectType": 13,
                    "XPos": -71,
                    "YPos": -63,
                    "ZPos": -124,
                    "XRotation": 0,
                    "YRotation": 0,
                    "ZRotation": 0
                },
                {
                    "ModelId": "1701",
                    "ModelIdNum": 1701,
                    "ObjectType": 13,
                    "XPos": -122,
                    "YPos": 0,
                    "ZPos": -127,
                    "XRotation": 0,
                    "YRotation": 0,
                    "ZRotation": 0
                },
                {
                    "ModelId": "3700",
                    "ModelIdNum": 3700,
                    "ObjectType": 13,
                    "XPos": -128,
                    "YPos": -64,
                    "ZPos": 0,
                    "XRotation": 0,
                    "YRotation": -1536,
                    "ZRotation": 0
                },
                {
                    "ModelId": "3705",
                    "ModelIdNum": 3705,
                    "ObjectType": 13,
                    "XPos": -180,
                    "YPos": -63,
                    "ZPos": -124,
                    "XRotation": 0,
                    "YRotation": -1024,
                    "ZRotation": 0
                },
                {
                    "ModelId": "3704",
                    "ModelIdNum": 3704,
                    "ObjectType": 13,
                    "XPos": -128,
                    "YPos": -63,
                    "ZPos": -246,
                    "XRotation": 0,
                    "YRotation": -512,
                    "ZRotation": 0
                },
                {
                    "ModelId": "2706",
                    "ModelIdNum": 2706,
                    "ObjectType": 13,
                    "XPos": -128,
                    "YPos": -121,
                    "ZPos": -126,
                    "XRotation": 0,
                    "YRotation": -512,
                    "ZRotation": 0
                },
                {
                    "ModelId": "79015",
                    "ModelIdNum": 79015,
                    "ObjectType": 0,
                    "XPos": -20,
                    "YPos": -76,
                    "ZPos": 137,
                    "XRotation": -1536,
                    "YRotation": -511,
                    "ZRotation": 0
                },
                {
                    "ModelId": "42079",
                    "ModelIdNum": 42079,
                    "ObjectType": 0,
                    "XPos": 32,
                    "YPos": -10,
                    "ZPos": 212,
                    "XRotation": 0,
                    "YRotation": -511,
                    "ZRotation": 0
                },
                {
                    "ModelId": "69465",
                    "ModelIdNum": 69465,
                    "ObjectType": 0,
                    "XPos": -146,
                    "YPos": 10,
                    "ZPos": -212,
                    "XScale": 0.39664,
                    "YScale": 0.7029,
                    "ZScale": 0.9176742,
                    "XRotation": 0,
                    "YRotation": -1792,
                    "ZRotation": 0
                },
                {
                    "ModelId": "69465",
                    "ModelIdNum": 69465,
                    "ObjectType": 0,
                    "XPos": 155,
                    "YPos": 10,
                    "ZPos": 218,
                    "XScale": 0.39664,
                    "YScale": 0.7029,
                    "ZScale": 0.8689902,
                    "XRotation": 0,
                    "YRotation": -1792,
                    "ZRotation": 0
                },
                {
                    "ModelId": "160",
                    "ModelIdNum": 160,
                    "ObjectType": 0,
                    "XPos": 0,
                    "YPos": -2,
                    "ZPos": 2,
                    "XRotation": 0,
                    "YRotation": 0,
                    "ZRotation": 0
                }
            ],
            "BlockFlatObjectRecords": [
                {
                    "Position": 0,
                    "XPos": -144,
                    "YPos": -80,
                    "ZPos": -80,
                    "TextureArchive": 210,
                    "TextureRecord": 22,
                    "FactionID": 28688,
                    "Flags": 17
                },
                {
                    "Position": 0,
                    "XPos": 62,
                    "YPos": -74,
                    "ZPos": 192,
                    "TextureArchive": 210,
                    "TextureRecord": 22,
                    "FactionID": 28688,
                    "Flags": 17
                },
                {
                    "Position": 0,
                    "XPos": -128,
                    "YPos": 0,
                    "ZPos": 64,
                    "TextureArchive": 199,
                    "TextureRecord": 8,
                    "FactionID": 0,
                    "Flags": 0
                },
                {
                    "Position": 0,
                    "XPos": -100,
                    "YPos": -33,
                    "ZPos": -122,
                    "TextureArchive": 10021,
                    "TextureRecord": 4,
                    "FactionID": 0,
                    "Flags": 0
                },
                {
                    "Position": 0,
                    "XPos": -87,
                    "YPos": -33,
                    "ZPos": -106,
                    "TextureArchive": 205,
                    "TextureRecord": 12,
                    "FactionID": 0,
                    "Flags": 0
                },
                {
                    "Position": 0,
                    "XPos": -20,
                    "YPos": -1,
                    "ZPos": 184,
                    "TextureArchive": 199,
                    "TextureRecord": 11,
                    "FactionID": 0,
                    "Flags": 0
                },
                {
                    "Position": 0,
                    "XPos": -148,
                    "YPos": -1,
                    "ZPos": -52,
                    "TextureArchive": 199,
                    "TextureRecord": 18,
                    "FactionID": 0,
                    "Flags": 0
                },
                {
                    "Position": 0,
                    "XPos": -158,
                    "YPos": 1,
                    "ZPos": 222,
                    "TextureArchive": 199,
                    "TextureRecord": 4,
                    "FactionID": 0,
                    "Flags": 0
                }
            ],
            "BlockSection3Records": [
                {
                    "XPos": -128,
                    "YPos": 0,
                    "ZPos": 192
                },
                {
                    "XPos": 0,
                    "YPos": 0,
                    "ZPos": 192
                },
                {
                    "XPos": 128,
                    "YPos": 0,
                    "ZPos": 192
                },
                {
                    "XPos": -128,
                    "YPos": 0,
                    "ZPos": -64
                },
                {
                    "XPos": -128,
                    "YPos": 0,
                    "ZPos": -192
                }
            ],
            "BlockPeopleRecords": [
                {
                    "Position": 7750,
                    "XPos": -154,
                    "YPos": -2,
                    "ZPos": -86,
                    "TextureArchive": 184,
                    "TextureRecord": 24,
                    "FactionID": 0,
                    "Flags": 1
                },
                {
                    "Position": 7751,
                    "XPos": -114,
                    "YPos": -1,
                    "ZPos": 224,
                    "TextureArchive": 182,
                    "TextureRecord": 4,
                    "FactionID": 0,
                    "Flags": 0
                }
            ],
            "BlockDoorRecords": [
                {
                    "Position": 0,
                    "XPos": -105,
                    "YPos": -45,
                    "ZPos": -2,
                    "YRotation": -1024,
                    "OpenRotation": 97,
                    "DoorModelIndex": 0
                },
                {
                    "Position": 1,
                    "XPos": -105,
                    "YPos": -45,
                    "ZPos": 127,
                    "YRotation": -1024,
                    "OpenRotation": 97,
                    "DoorModelIndex": 0
                }
            ]
        }
    },
    "AutoMapData": null
}