{
    "FactionId": 0,
    "BuildingType": 18,
    "Quality": 5,
    "NameSeed": 0,
    "RmbSubRecord": {
        "XPos": 3712,
        "ZPos": 3456,
        "YRotation": 0,
        "Exterior": {
            "Header": {
                "Num3dObjectRecords": 1,
                "NumFlatObjectRecords": 0,
                "NumSection3Records": 0,
                "NumPeopleRecords": 0,
                "NumDoorRecords": 0
            },
            "Block3dObjectRecords": [
                {
                    "ModelId": "157",
                    "ModelIdNum": 157,
                    "ObjectType": 4,
                    "XPos": 0,
                    "YPos": 0,
                    "ZPos": 0,
                    "XRotation": 0,
                    "YRotation": 0,
                    "ZRotation": 0
                }
            ],
            "BlockFlatObjectRecords": [],
            "BlockSection3Records": [],
            "BlockPeopleRecords": [],
            "BlockDoorRecords": []
        },
        "Interior": {
            "Header": {
                "Num3dObjectRecords": 9,
                "NumFlatObjectRecords": 5,
                "NumSection3Records": 4,
                "NumPeopleRecords": 1,
                "NumDoorRecords": 0
            },
            "Block3dObjectRecords": [
                {
                    "ModelId": "31714",
                    "ModelIdNum": 31714,
                    "ObjectType": 13,
                    "XPos": 64,
                    "YPos": -63,
                    "ZPos": 64,
                    "XRotation": 0,
                    "YRotation": -1536,
                    "ZRotation": 0
                },
                {
                    "ModelId": "41111",
                    "ModelIdNum": 41111,
                    "ObjectType": 3,
                    "XPos": 24,
                    "YPos": -1,
                    "ZPos": 224,
                    "XRotation": 0,
                    "YRotation": -1018,
                    "ZRotation": 0
                },
                {
                    "ModelId": "41104",
                    "ModelIdNum": 41104,
                    "ObjectType": 3,
                    "XPos": -50,
                    "YPos": 3,
                    "ZPos": 230,
                    "XRotation": 0,
                    "YRotation": -1848,
                    "ZRotation": 0
                },
                {
                    "ModelId": "41002",
                    "ModelIdNum": 41002,
                    "ObjectType": 3,
                    "XPos": 72,
                    "YPos": 4,
                    "ZPos": -204,
                    "XRotation": 0,
                    "YRotation": -2042,
                    "ZRotation": 0
                },
                {
                    "ModelId": "45078",
                    "ModelIdNum": 45078,
                    "ObjectType": 0,
                    "XPos": 24,
                    "YPos": 1,
                    "ZPos": 229,
                    "XScale": 0.84,
                    "YScale": 0.5,
                    "ZScale": 0.7499995,
                    "XRotation": 0,
                    "YRotation": -1018,
                    "ZRotation": 0
                },
                {
                    "ModelId": "45081",
                    "ModelIdNum": 45081,
                    "ObjectType": 0,
                    "XPos": -58,
                    "YPos": -54,
                    "ZPos": 150,
                    "XScale": 0.4999999,
                    "YScale": 0.7999998,
                    "XRotation": 0,
                    "YRotation": -256,
                    "ZRotation": -512
                },
                {
                    "ModelId": "41117",
                    "ModelIdNum": 41117,
                    "ObjectType": 3,
                    "XPos": -92,
                    "YPos": 6,
                    "ZPos": 164,
                    "ZScale": 1.118822,
                    "XRotation": 0,
                    "YRotation": -256,
                    "ZRotation": 0
                },
                {
                    "ModelId": "45081",
                    "ModelIdNum": 45081,
                    "ObjectType": 0,
                    "XPos": -50,
                    "YPos": -60,
                    "ZPos": 144,
                    "YScale": 1.02,
                    "XRotation": 0,
                    "YRotation": -256,
                    "ZRotation": -512
                },
                {
                    "ModelId": "3718",
                    "ModelIdNum": 3718,
                    "ObjectType": 13,
                    "XPos": 121,
                    "YPos": -64,
                    "ZPos": -58,
                    "YScale": 1.00103,
                    "ZScale": 1.0403,
                    "XRotation": 0,
                    "YRotation": -2042,
                    "ZRotation": 0
                },
                {
                    "ModelId": "3718",
                    "ModelIdNum": 3718,
                    "ObjectType": 13,
                    "XPos": 7,
                    "YPos": -64,
                    "ZPos": -60,
                    "ZScale": 1.0573,
                    "XRotation": 0,
                    "YRotation": -1029,
                    "ZRotation": 0
                },
                {
                    "ModelId": "3719",
                    "ModelIdNum": 3719,
                    "ObjectType": 13,
                    "XPos": 0,
                    "YPos": -64,
                    "ZPos": 249,
                    "XRotation": 0,
                    "YRotation": -1536,
                    "ZRotation": 0
                },
                {
                    "ModelId": "41111",
                    "ModelIdNum": 41111,
                    "ObjectType": 0,
                    "XPos": 22,
                    "YPos": -15,
                    "ZPos": 32,
                    "XScale": 0.6463462,
                    "YScale": 0.8084,
                    "ZScale": 0.6319611,
                    "XRotation": 0,
                    "YRotation": -511,
                    "ZRotation": 0
                },
                {
                    "ModelId": "41005",
                    "ModelIdNum": 41005,
                    "ObjectType": 3,
                    "XPos": 112,
                    "YPos": 3,
                    "ZPos": 36,
                    "XRotation": 0,
                    "YRotation": -512,
                    "ZRotation": 0
                },
                {
                    "ModelId": "3700",
                    "ModelIdNum": 3700,
                    "ObjectType": 13,
                    "XPos": 64,
                    "YPos": -64,
                    "ZPos": 2,
                    "XRotation": 0,
                    "YRotation": -1536,
                    "ZRotation": 0
                },
                {
                    "ModelId": "3704",
                    "ModelIdNum": 3704,
                    "ObjectType": 13,
                    "XPos": 122,
                    "YPos": -64,
                    "ZPos": -174,
                    "XRotation": 0,
                    "YRotation": 0,
                    "ZRotation": 0
                },
                {
                    "ModelId": "3704",
                    "ModelIdNum": 3704,
                    "ObjectType": 13,
                    "XPos": 6,
                    "YPos": -64,
                    "ZPos": -180,
                    "ZScale": 1.0573,
                    "XRotation": 0,
                    "YRotation": -1024,
                    "ZRotation": 0
                },
                {
                    "ModelId": "3704",
                    "ModelIdNum": 3704,
                    "ObjectType": 13,
                    "XPos": 64,
                    "YPos": -64,
                    "ZPos": -231,
                    "XRotation": 0,
                    "YRotation": -512,
                    "ZRotation": 0
                },
                {
                    "ModelId": "2701",
                    "ModelIdNum": 2701,
                    "ObjectType": 13,
                    "XPos": 64,
                    "YPos": -126,
                    "ZPos": -123,
                    "XRotation": 0,
                    "YRotation": 0,
                    "ZRotation": 0
                },
                {
                    "ModelId": "3700",
                    "ModelIdNum": 3700,
                    "ObjectType": 13,
                    "XPos": 64,
                    "YPos": -64,
                    "ZPos": 131,
                    "XRotation": 0,
                    "YRotation": -512,
                    "ZRotation": 0
                },
                {
                    "ModelId": "3704",
                    "ModelIdNum": 3704,
                    "ObjectType": 13,
                    "XPos": -52,
                    "YPos": -64,
                    "ZPos": 134,
                    "XRotation": 0,
                    "YRotation": -512,
                    "ZRotation": 0
                },
                {
                    "ModelId": "3704",
                    "ModelIdNum": 3704,
                    "ObjectType": 13,
                    "XPos": -122,
                    "YPos": -64,
                    "ZPos": 193,
                    "XRotation": 0,
                    "YRotation": -1024,
                    "ZRotation": 0
                },
                {
                    "ModelId": "2706",
                    "ModelIdNum": 2706,
                    "ObjectType": 13,
                    "XPos": -3,
                    "YPos": -125,
                    "ZPos": 188,
                    "XRotation": 0,
                    "YRotation": 0,
                    "ZRotation": 0
                },
                {
                    "ModelId": "3704",
                    "ModelIdNum": 3704,
                    "ObjectType": 13,
                    "XPos": 120,
                    "YPos": -64,
                    "ZPos": 191,
                    "XRotation": 0,
                    "YRotation": 0,
                    "ZRotation": 0
                },
                {
                    "ModelId": "45076",
                    "ModelIdNum": 45076,
                    "ObjectType": 0,
                    "XPos": -90,
                    "YPos": -55,
                    "ZPos": 164,
                    "XScale": 0.931181,
                    "ZScale": 0.4817516,
                    "XRotation": 0,
                    "YRotation": -261,
                    "ZRotation": 0
                },
                {
                    "ModelId": "45129",
                    "ModelIdNum": 45129,
                    "ObjectType": 0,
                    "XPos": -36,
                    "YPos": -3,
                    "ZPos": 124,
                    "XScale": 0.6999992,
                    "YScale": 1.66614,
                    "ZScale": 3.0,
                    "XRotation": 0,
                    "YRotation": -256,
                    "ZRotation": -512
                },
                {
                    "ModelId": "69465",
                    "ModelIdNum": 69465,
                    "ObjectType": 0,
                    "XPos": -86,
                    "YPos": -2,
                    "ZPos": 170,
                    "XScale": 0.20702,
                    "YScale": 0.6,
                    "ZScale": 0.8414301,
                    "XRotation": 0,
                    "YRotation": -768,
                    "ZRotation": 0
                },
                {
                    "ModelId": "41050",
                    "ModelIdNum": 41050,
                    "ObjectType": 0,
                    "XPos": 100,
                    "YPos": -15,
                    "ZPos": -150,
                    "ZScale": 1.5,
                    "XRotation": 0,
                    "YRotation": -1536,
                    "ZRotation": 0
                },
                {
                    "ModelId": "41105",
                    "ModelIdNum": 41105,
                    "ObjectType": 0,
                    "XPos": 22,
                    "YPos": -18,
                    "ZPos": -60,
                    "XRotation": 0,
                    "YRotation": -512,
                    "ZRotation": 0
                },
                {
                    "ModelId": "157",
                    "ModelIdNum": 157,
                    "ObjectType": 0,
                    "XPos": 0,
                    "YPos": -2,
                    "ZPos": -2,
                    "XRotation": 0,
                    "YRotation": 0,
                    "ZRotation": 0
                },
                {
                    "ModelId": "41007",
                    "ModelIdNum": 41007,
                    "ObjectType": 3,
                    "XPos": 116,
                    "YPos": 42,
                    "ZPos": 92,
                    "XRotation": 0,
                    "YRotation": -1536,
                    "ZRotation": 0
                },
                {
                    "ModelId": "41003",
                    "ModelIdNum": 41003,
                    "ObjectType": 0,
                    "XPos": 104,
                    "YPos": -64,
                    "ZPos": 206,
                    "XRotation": 0,
                    "YRotation": -1545,
                    "ZRotation": 0
                },
                {
                    "ModelId": "41113",
                    "ModelIdNum": 41113,
                    "ObjectType": 0,
                    "XPos": 92,
                    "YPos": -16,
                    "ZPos": 154,
                    "XScale": 1.3,
                    "YScale": 1.3,
                    "ZScale": 1.3,
                    "XRotation": 0,
                    "YRotation": 0,
                    "ZRotation": 0
                },
                {
                    "ModelId": "69462",
                    "ModelIdNum": 69462,
                    "ObjectType": 0,
                    "XPos": 7,
                    "YPos": -60,
                    "ZPos": 136,
                    "XRotation": -1536,
                    "YRotation": 0,
                    "ZRotation": 0
                },
                {
                    "ModelId": "41815",
                    "ModelIdNum": 41815,
                    "ObjectType": 0,
                    "XPos": -34,
                    "YPos": -8,
                    "ZPos": 210,
                    "XRotation": 0,
                    "YRotation": -1846,
                    "ZRotation": 0
                },
                {
                    "ModelId": "1700",
                    "ModelIdNum": 1700,
                    "ObjectType": 13,
                    "XPos": -70,
                    "YPos": -2,
                    "ZPos": 192,
                    "XRotation": 0,
                    "YRotation": 0,
                    "ZRotation": 0
                },
                {
                    "ModelId": "1703",
                    "ModelIdNum": 1703,
                    "ObjectType": 13,
                    "XPos": 58,
                    "YPos": -2,
                    "ZPos": -190,
                    "XRotation": 0,
                    "YRotation": 0,
                    "ZRotation": 0
                }
            ],
            "BlockFlatObjectRecords": [
                {
                    "Position": 0,
                    "XPos": 22,
                    "YPos": -26,
                    "ZPos": 224,
                    "TextureArchive": 199,
                    "TextureRecord": 20,
                    "FactionID": 0,
                    "Flags": 17
                },
                {
                    "Position": 0,
                    "XPos": 30,
                    "YPos": 0,
                    "ZPos": -144,
                    "TextureArchive": 199,
                    "TextureRecord": 20,
                    "FactionID": 0,
                    "Flags": 17
                },
                {
                    "Position": 0,
                    "XPos": 64,
                    "YPos": 0,
                    "ZPos": 64,
                    "TextureArchive": 199,
                    "TextureRecord": 8,
                    "FactionID": 0,
                    "Flags": 0
                },
                {
                    "Position": 0,
                    "XPos": 98,
                    "YPos": -1,
                    "ZPos": 97,
                    "TextureArchive": 205,
                    "TextureRecord": 44,
                    "FactionID": 0,
                    "Flags": 0
                },
                {
                    "Position": 0,
                    "XPos": 26,
                    "YPos": -23,
                    "ZPos": 38,
                    "TextureArchive": 210,
                    "TextureRecord": 4,
                    "FactionID": 0,
                    "Flags": 0
                },
                {
                    "Position": 0,
                    "XPos": 108,
                    "YPos": 0,
                    "ZPos": -14,
                    "TextureArchive": 205,
                    "TextureRecord": 41,
                    "FactionID": 0,
                    "Flags": 0
                },
                {
                    "Position": 0,
                    "XPos": 64,
                    "YPos": -80,
                    "ZPos": -58,
                    "TextureArchive": 210,
                    "TextureRecord": 13,
                    "FactionID": 0,
                    "Flags": 0
                },
                {
                    "Position": 0,
                    "XPos": 100,
                    "YPos": -28,
                    "ZPos": -150,
                    "TextureArchive": 56790,
                    "TextureRecord": 23,
                    "FactionID": 0,
                    "Flags": 0
                },
                {
                    "Position": 0,
                    "XPos": 30,
                    "YPos": -86,
                    "ZPos": 190,
                    "TextureArchive": 210,
                    "TextureRecord": 13,
                    "FactionID": 0,
                    "Flags": 0
                },
                {
                    "Position": 0,
                    "XPos": 86,
                    "YPos": -1,
                    "ZPos": -42,
                    "TextureArchive": 199,
                    "TextureRecord": 11,
                    "FactionID": 0,
                    "Flags": 0
                },
                {
                    "Position": 0,
                    "XPos": 48,
                    "YPos": -1,
                    "ZPos": 160,
                    "TextureArchive": 199,
                    "TextureRecord": 18,
                    "FactionID": 0,
                    "Flags": 0
                },
                {
                    "Position": 0,
                    "XPos": 18,
                    "YPos": -24,
                    "ZPos": 28,
                    "TextureArchive": 1210,
                    "TextureRecord": 11,
                    "FactionID": 0,
                    "Flags": 0
                },
                {
                    "Position": 0,
                    "XPos": 70,
                    "YPos": -3,
                    "ZPos": -92,
                    "TextureArchive": 199,
                    "TextureRecord": 4,
                    "FactionID": 0,
                    "Flags": 0
                }
            ],
            "BlockSection3Records": [
                {
                    "XPos": 64,
                    "YPos": 0,
                    "ZPos": -64
                },
                {
                    "XPos": 64,
                    "YPos": 0,
                    "ZPos": 192
                },
                {
                    "XPos": -64,
                    "YPos": 0,
                    "ZPos": 192
                },
                {
                    "XPos": 64,
                    "YPos": 0,
                    "ZPos": -192
                }
            ],
            "BlockPeopleRecords": [
                {
                    "Position": 7173,
                    "XPos": 0,
                    "YPos": -1,
                    "ZPos": 170,
                    "TextureArchive": 182,
                    "TextureRecord": 43,
                    "FactionID": 0,
                    "Flags": 9
                }
            ],
            "BlockDoorRecords": []
        }
    },
    "AutoMapData": null
}