{
    "FactionId": 0,
    "BuildingType": 18,
    "Quality": 8,
    "NameSeed": 0,
    "RmbSubRecord": {
        "XPos": 2688,
        "ZPos": 2240,
        "YRotation": 1024,
        "Exterior": {
            "Header": {
                "Num3dObjectRecords": 1,
                "NumFlatObjectRecords": 0,
                "NumSection3Records": 0,
                "NumPeopleRecords": 0,
                "NumDoorRecords": 0
            },
            "Block3dObjectRecords": [
                {
                    "ModelId": "602",
                    "ModelIdNum": 602,
                    "ObjectType": 4,
                    "XPos": 0,
                    "YPos": 0,
                    "ZPos": 0,
                    "XRotation": 0,
                    "YRotation": 0,
                    "ZRotation": 0
                }
            ],
            "BlockFlatObjectRecords": [],
            "BlockSection3Records": [],
            "BlockPeopleRecords": [],
            "BlockDoorRecords": []
        },
        "Interior": {
            "Header": {
                "Num3dObjectRecords": 50,
                "NumFlatObjectRecords": 17,
                "NumSection3Records": 28,
                "NumPeopleRecords": 1,
                "NumDoorRecords": 4
            },
            "Block3dObjectRecords": [
                {
                    "ModelId": "31429",
                    "ModelIdNum": 31429,
                    "ObjectType": 13,
                    "XPos": -64,
                    "YPos": -63,
                    "ZPos": -128,
                    "XRotation": 0,
                    "YRotation": -512,
                    "ZRotation": 0
                },
                {
                    "ModelId": "31424",
                    "ModelIdNum": 31424,
                    "ObjectType": 13,
                    "XPos": -64,
                    "YPos": -63,
                    "ZPos": -3,
                    "XRotation": 0,
                    "YRotation": -1536,
                    "ZRotation": 0
                },
                {
                    "ModelId": "31403",
                    "ModelIdNum": 31403,
                    "ObjectType": 13,
                    "XPos": -189,
                    "YPos": -63,
                    "ZPos": 253,
                    "XRotation": 0,
                    "YRotation": -1024,
                    "ZRotation": 0
                },
                {
                    "ModelId": "8400",
                    "ModelIdNum": 8400,
                    "ObjectType": 13,
                    "XPos": 192,
                    "YPos": -63,
                    "ZPos": 253,
                    "XRotation": 0,
                    "YRotation": -1024,
                    "ZRotation": 0
                },
                {
                    "ModelId": "31400",
                    "ModelIdNum": 31400,
                    "ObjectType": 13,
                    "XPos": 64,
                    "YPos": -63,
                    "ZPos": 0,
                    "XRotation": 0,
                    "YRotation": -1536,
                    "ZRotation": 0
                },
                {
                    "ModelId": "31422",
                    "ModelIdNum": 31422,
                    "ObjectType": 13,
                    "XPos": -186,
                    "YPos": -128,
                    "ZPos": -256,
                    "XRotation": 0,
                    "YRotation": -1024,
                    "ZRotation": 0
                },
                {
                    "ModelId": "31406",
                    "ModelIdNum": 31406,
                    "ObjectType": 13,
                    "XPos": 189,
                    "YPos": -192,
                    "ZPos": -253,
                    "XRotation": 0,
                    "YRotation": 0,
                    "ZRotation": 0
                },
                {
                    "ModelId": "31406",
                    "ModelIdNum": 31406,
                    "ObjectType": 13,
                    "XPos": 189,
                    "YPos": -192,
                    "ZPos": 253,
                    "XRotation": 0,
                    "YRotation": -1536,
                    "ZRotation": 0
                },
                {
                    "ModelId": "31406",
                    "ModelIdNum": 31406,
                    "ObjectType": 13,
                    "XPos": -189,
                    "YPos": -192,
                    "ZPos": 253,
                    "XRotation": 0,
                    "YRotation": -1024,
                    "ZRotation": 0
                },
                {
                    "ModelId": "31425",
                    "ModelIdNum": 31425,
                    "ObjectType": 13,
                    "XPos": -64,
                    "YPos": -192,
                    "ZPos": 128,
                    "XRotation": 0,
                    "YRotation": -1024,
                    "ZRotation": 0
                },
                {
                    "ModelId": "31425",
                    "ModelIdNum": 31425,
                    "ObjectType": 13,
                    "XPos": 64,
                    "YPos": -192,
                    "ZPos": 128,
                    "XRotation": 0,
                    "YRotation": -1024,
                    "ZRotation": 0
                },
                {
                    "ModelId": "31425",
                    "ModelIdNum": 31425,
                    "ObjectType": 13,
                    "XPos": 64,
                    "YPos": -192,
                    "ZPos": 0,
                    "XRotation": 0,
                    "YRotation": -1024,
                    "ZRotation": 0
                },
                {
                    "ModelId": "31425",
                    "ModelIdNum": 31425,
                    "ObjectType": 13,
                    "XPos": -64,
                    "YPos": -192,
                    "ZPos": 0,
                    "XRotation": 0,
                    "YRotation": -1024,
                    "ZRotation": 0
                },
                {
                    "ModelId": "31425",
                    "ModelIdNum": 31425,
                    "ObjectType": 13,
                    "XPos": -64,
                    "YPos": -192,
                    "ZPos": -128,
                    "XRotation": 0,
                    "YRotation": -1024,
                    "ZRotation": 0
                },
                {
                    "ModelId": "31425",
                    "ModelIdNum": 31425,
                    "ObjectType": 13,
                    "XPos": 64,
                    "YPos": -192,
                    "ZPos": -128,
                    "XRotation": 0,
                    "YRotation": -1024,
                    "ZRotation": 0
                },
                {
                    "ModelId": "41050",
                    "ModelIdNum": 41050,
                    "ObjectType": 3,
                    "XPos": -218,
                    "YPos": 0,
                    "ZPos": -170,
                    "XRotation": 0,
                    "YRotation": 0,
                    "ZRotation": 0
                },
                {
                    "ModelId": "41108",
                    "ModelIdNum": 41108,
                    "ObjectType": 3,
                    "XPos": -11,
                    "YPos": 2,
                    "ZPos": 250,
                    "XRotation": 0,
                    "YRotation": -1536,
                    "ZRotation": 0
                },
                {
                    "ModelId": "41113",
                    "ModelIdNum": 41113,
                    "ObjectType": 3,
                    "XPos": -43,
                    "YPos": 2,
                    "ZPos": 266,
                    "XRotation": 0,
                    "YRotation": -1536,
                    "ZRotation": 0
                },
                {
                    "ModelId": "41113",
                    "ModelIdNum": 41113,
                    "ObjectType": 3,
                    "XPos": 21,
                    "YPos": 2,
                    "ZPos": 266,
                    "XRotation": 0,
                    "YRotation": -1536,
                    "ZRotation": 0
                },
                {
                    "ModelId": "41113",
                    "ModelIdNum": 41113,
                    "ObjectType": 3,
                    "XPos": 21,
                    "YPos": 2,
                    "ZPos": 226,
                    "XRotation": 0,
                    "YRotation": -1401,
                    "ZRotation": 0
                },
                {
                    "ModelId": "41113",
                    "ModelIdNum": 41113,
                    "ObjectType": 3,
                    "XPos": -43,
                    "YPos": 2,
                    "ZPos": 226,
                    "XRotation": 0,
                    "YRotation": -1598,
                    "ZRotation": 0
                },
                {
                    "ModelId": "41822",
                    "ModelIdNum": 41822,
                    "ObjectType": 3,
                    "XPos": 178,
                    "YPos": 2,
                    "ZPos": 284,
                    "XRotation": 0,
                    "YRotation": -1530,
                    "ZRotation": 0
                },
                {
                    "ModelId": "41002",
                    "ModelIdNum": 41002,
                    "ObjectType": 3,
                    "XPos": 221,
                    "YPos": 131,
                    "ZPos": 255,
                    "XRotation": 0,
                    "YRotation": -1536,
                    "ZRotation": 0
                },
                {
                    "ModelId": "41002",
                    "ModelIdNum": 41002,
                    "ObjectType": 3,
                    "XPos": -210,
                    "YPos": 131,
                    "ZPos": 263,
                    "XRotation": 0,
                    "YRotation": -1536,
                    "ZRotation": 0
                },
                {
                    "ModelId": "41002",
                    "ModelIdNum": 41002,
                    "ObjectType": 3,
                    "XPos": 148,
                    "YPos": 131,
                    "ZPos": 255,
                    "XRotation": 0,
                    "YRotation": -1536,
                    "ZRotation": 0
                },
                {
                    "ModelId": "41002",
                    "ModelIdNum": 41002,
                    "ObjectType": 3,
                    "XPos": 193,
                    "YPos": 131,
                    "ZPos": -267,
                    "XRotation": 0,
                    "YRotation": 0,
                    "ZRotation": 0
                },
                {
                    "ModelId": "41003",
                    "ModelIdNum": 41003,
                    "ObjectType": 3,
                    "XPos": -168,
                    "YPos": 131,
                    "ZPos": -168,
                    "XRotation": 0,
                    "YRotation": 0,
                    "ZRotation": 0
                },
                {
                    "ModelId": "41100",
                    "ModelIdNum": 41100,
                    "ObjectType": 3,
                    "XPos": -201,
                    "YPos": 130,
                    "ZPos": 39,
                    "XRotation": 0,
                    "YRotation": -830,
                    "ZRotation": 0
                },
                {
                    "ModelId": "41108",
                    "ModelIdNum": 41108,
                    "ObjectType": 3,
                    "XPos": -208,
                    "YPos": 130,
                    "ZPos": -23,
                    "XRotation": 0,
                    "YRotation": -504,
                    "ZRotation": 0
                },
                {
                    "ModelId": "41015",
                    "ModelIdNum": 41015,
                    "ObjectType": 3,
                    "XPos": 0,
                    "YPos": 130,
                    "ZPos": 0,
                    "XScale": 1.2798,
                    "YScale": 1.08,
                    "ZScale": 0.8,
                    "XRotation": 0,
                    "YRotation": -511,
                    "ZRotation": 0
                },
                {
                    "ModelId": "31424",
                    "ModelIdNum": 31424,
                    "ObjectType": 13,
                    "XPos": 192,
                    "YPos": -63,
                    "ZPos": 3,
                    "XRotation": 0,
                    "YRotation": -512,
                    "ZRotation": 0
                },
                {
                    "ModelId": "31425",
                    "ModelIdNum": 31425,
                    "ObjectType": 13,
                    "XPos": 192,
                    "YPos": -63,
                    "ZPos": 128,
                    "XRotation": 0,
                    "YRotation": 0,
                    "ZRotation": 0
                },
                {
                    "ModelId": "3400",
                    "ModelIdNum": 3400,
                    "ObjectType": 13,
                    "XPos": 128,
                    "YPos": -63,
                    "ZPos": 128,
                    "XRotation": 0,
                    "YRotation": -1024,
                    "ZRotation": 0
                },
                {
                    "ModelId": "3400",
                    "ModelIdNum": 3400,
                    "ObjectType": 13,
                    "XPos": 192,
                    "YPos": -63,
                    "ZPos": 192,
                    "XRotation": 0,
                    "YRotation": -1536,
                    "ZRotation": 0
                },
                {
                    "ModelId": "3417",
                    "ModelIdNum": 3417,
                    "ObjectType": 13,
                    "XPos": 196,
                    "YPos": 1,
                    "ZPos": 128,
                    "XRotation": 0,
                    "YRotation": 0,
                    "ZRotation": 0
                },
                {
                    "ModelId": "3416",
                    "ModelIdNum": 3416,
                    "ObjectType": 13,
                    "XPos": 196,
                    "YPos": 1,
                    "ZPos": 0,
                    "XRotation": 0,
                    "YRotation": 0,
                    "ZRotation": 0
                },
                {
                    "ModelId": "1407",
                    "ModelIdNum": 1407,
                    "ObjectType": 13,
                    "XPos": -64,
                    "YPos": 0,
                    "ZPos": 126,
                    "XRotation": 0,
                    "YRotation": 0,
                    "ZRotation": 0
                },
                {
                    "ModelId": "3405",
                    "ModelIdNum": 3405,
                    "ObjectType": 13,
                    "XPos": -2,
                    "YPos": -64,
                    "ZPos": 70,
                    "XRotation": 0,
                    "YRotation": -512,
                    "ZRotation": 0
                },
                {
                    "ModelId": "3400",
                    "ModelIdNum": 3400,
                    "ObjectType": 13,
                    "XPos": 122,
                    "YPos": -63,
                    "ZPos": 128,
                    "XRotation": 0,
                    "YRotation": 0,
                    "ZRotation": 0
                },
                {
                    "ModelId": "3404",
                    "ModelIdNum": 3404,
                    "ObjectType": 13,
                    "XPos": 119,
                    "YPos": -64,
                    "ZPos": 256,
                    "XRotation": 0,
                    "YRotation": 0,
                    "ZRotation": 0
                },
                {
                    "ModelId": "4404",
                    "ModelIdNum": 4404,
                    "ObjectType": 13,
                    "XPos": 63,
                    "YPos": 0,
                    "ZPos": 128,
                    "XRotation": 0,
                    "YRotation": -512,
                    "ZRotation": 0
                },
                {
                    "ModelId": "3404",
                    "ModelIdNum": 3404,
                    "ObjectType": 13,
                    "XPos": -122,
                    "YPos": -64,
                    "ZPos": 128,
                    "XRotation": 0,
                    "YRotation": -1024,
                    "ZRotation": 0
                },
                {
                    "ModelId": "3400",
                    "ModelIdNum": 3400,
                    "ObjectType": 13,
                    "XPos": -126,
                    "YPos": -64,
                    "ZPos": 256,
                    "XRotation": 0,
                    "YRotation": -1024,
                    "ZRotation": 0
                },
                {
                    "ModelId": "2407",
                    "ModelIdNum": 2407,
                    "ObjectType": 13,
                    "XPos": -68,
                    "YPos": 2,
                    "ZPos": 131,
                    "XRotation": 0,
                    "YRotation": 0,
                    "ZRotation": 0
                },
                {
                    "ModelId": "3417",
                    "ModelIdNum": 3417,
                    "ObjectType": 13,
                    "XPos": -66,
                    "YPos": 1,
                    "ZPos": 256,
                    "XRotation": 0,
                    "YRotation": -1536,
                    "ZRotation": 0
                },
                {
                    "ModelId": "3418",
                    "ModelIdNum": 3418,
                    "ObjectType": 13,
                    "XPos": 62,
                    "YPos": -64,
                    "ZPos": 314,
                    "XRotation": 0,
                    "YRotation": -1536,
                    "ZRotation": 0
                },
                {
                    "ModelId": "4404",
                    "ModelIdNum": 4404,
                    "ObjectType": 13,
                    "XPos": 62,
                    "YPos": 2,
                    "ZPos": 257,
                    "XRotation": 0,
                    "YRotation": 0,
                    "ZRotation": 0
                },
                {
                    "ModelId": "3417",
                    "ModelIdNum": 3417,
                    "ObjectType": 13,
                    "XPos": -196,
                    "YPos": 1,
                    "ZPos": 0,
                    "XRotation": 0,
                    "YRotation": -1024,
                    "ZRotation": 0
                },
                {
                    "ModelId": "3418",
                    "ModelIdNum": 3418,
                    "ObjectType": 13,
                    "XPos": -254,
                    "YPos": -64,
                    "ZPos": 128,
                    "XRotation": 0,
                    "YRotation": -1024,
                    "ZRotation": 0
                },
                {
                    "ModelId": "31425",
                    "ModelIdNum": 31425,
                    "ObjectType": 13,
                    "XPos": -192,
                    "YPos": -63,
                    "ZPos": 0,
                    "XRotation": 0,
                    "YRotation": 0,
                    "ZRotation": 0
                },
                {
                    "ModelId": "3400",
                    "ModelIdNum": 3400,
                    "ObjectType": 13,
                    "XPos": -192,
                    "YPos": -63,
                    "ZPos": -64,
                    "XRotation": 0,
                    "YRotation": -512,
                    "ZRotation": 0
                },
                {
                    "ModelId": "3400",
                    "ModelIdNum": 3400,
                    "ObjectType": 13,
                    "XPos": -192,
                    "YPos": -63,
                    "ZPos": -66,
                    "XRotation": 0,
                    "YRotation": -1536,
                    "ZRotation": 0
                },
                {
                    "ModelId": "31424",
                    "ModelIdNum": 31424,
                    "ObjectType": 13,
                    "XPos": -195,
                    "YPos": -63,
                    "ZPos": 128,
                    "XRotation": 0,
                    "YRotation": 0,
                    "ZRotation": 0
                },
                {
                    "ModelId": "31424",
                    "ModelIdNum": 31424,
                    "ObjectType": 13,
                    "XPos": -195,
                    "YPos": -63,
                    "ZPos": -128,
                    "XRotation": 0,
                    "YRotation": 0,
                    "ZRotation": 0
                },
                {
                    "ModelId": "3416",
                    "ModelIdNum": 3416,
                    "ObjectType": 13,
                    "XPos": -196,
                    "YPos": 1,
                    "ZPos": -128,
                    "XRotation": 0,
                    "YRotation": -1024,
                    "ZRotation": 0
                },
                {
                    "ModelId": "3404",
                    "ModelIdNum": 3404,
                    "ObjectType": 13,
                    "XPos": -192,
                    "YPos": -63,
                    "ZPos": -192,
                    "XRotation": 0,
                    "YRotation": -512,
                    "ZRotation": 0
                },
                {
                    "ModelId": "31425",
                    "ModelIdNum": 31425,
                    "ObjectType": 13,
                    "XPos": -192,
                    "YPos": -192,
                    "ZPos": 128,
                    "XRotation": 0,
                    "YRotation": 0,
                    "ZRotation": 0
                },
                {
                    "ModelId": "31424",
                    "ModelIdNum": 31424,
                    "ObjectType": 13,
                    "XPos": -192,
                    "YPos": -192,
                    "ZPos": -125,
                    "XRotation": 0,
                    "YRotation": -512,
                    "ZRotation": 0
                },
                {
                    "ModelId": "31425",
                    "ModelIdNum": 31425,
                    "ObjectType": 13,
                    "XPos": -192,
                    "YPos": -192,
                    "ZPos": 0,
                    "XRotation": 0,
                    "YRotation": 0,
                    "ZRotation": 0
                },
                {
                    "ModelId": "3418",
                    "ModelIdNum": 3418,
                    "ObjectType": 13,
                    "XPos": -254,
                    "YPos": -192,
                    "ZPos": 128,
                    "XRotation": 0,
                    "YRotation": -1024,
                    "ZRotation": 0
                },
                {
                    "ModelId": "3418",
                    "ModelIdNum": 3418,
                    "ObjectType": 13,
                    "XPos": -254,
                    "YPos": -192,
                    "ZPos": 0,
                    "XRotation": 0,
                    "YRotation": -1024,
                    "ZRotation": 0
                },
                {
                    "ModelId": "3418",
                    "ModelIdNum": 3418,
                    "ObjectType": 13,
                    "XPos": -254,
                    "YPos": -192,
                    "ZPos": -128,
                    "XRotation": 0,
                    "YRotation": -1024,
                    "ZRotation": 0
                },
                {
                    "ModelId": "31425",
                    "ModelIdNum": 31425,
                    "ObjectType": 13,
                    "XPos": 192,
                    "YPos": -192,
                    "ZPos": 128,
                    "XRotation": 0,
                    "YRotation": 0,
                    "ZRotation": 0
                },
                {
                    "ModelId": "31425",
                    "ModelIdNum": 31425,
                    "ObjectType": 13,
                    "XPos": 192,
                    "YPos": -192,
                    "ZPos": 0,
                    "XRotation": 0,
                    "YRotation": 0,
                    "ZRotation": 0
                },
                {
                    "ModelId": "31425",
                    "ModelIdNum": 31425,
                    "ObjectType": 13,
                    "XPos": 192,
                    "YPos": -192,
                    "ZPos": -128,
                    "XRotation": 0,
                    "YRotation": 0,
                    "ZRotation": 0
                },
                {
                    "ModelId": "3418",
                    "ModelIdNum": 3418,
                    "ObjectType": 13,
                    "XPos": 254,
                    "YPos": -192,
                    "ZPos": 128,
                    "XRotation": 0,
                    "YRotation": 0,
                    "ZRotation": 0
                },
                {
                    "ModelId": "3418",
                    "ModelIdNum": 3418,
                    "ObjectType": 13,
                    "XPos": 254,
                    "YPos": -192,
                    "ZPos": 0,
                    "XRotation": 0,
                    "YRotation": 0,
                    "ZRotation": 0
                },
                {
                    "ModelId": "3418",
                    "ModelIdNum": 3418,
                    "ObjectType": 13,
                    "XPos": 254,
                    "YPos": -192,
                    "ZPos": -128,
                    "XRotation": 0,
                    "YRotation": 0,
                    "ZRotation": 0
                },
                {
                    "ModelId": "41106",
                    "ModelIdNum": 41106,
                    "ObjectType": 0,
                    "XPos": 232,
                    "YPos": -144,
                    "ZPos": -124,
                    "XRotation": 0,
                    "YRotation": -1536,
                    "ZRotation": 0
                },
                {
                    "ModelId": "41811",
                    "ModelIdNum": 41811,
                    "ObjectType": 3,
                    "XPos": 218,
                    "YPos": 129,
                    "ZPos": -215,
                    "XRotation": 0,
                    "YRotation": -512,
                    "ZRotation": 0
                },
                {
                    "ModelId": "41010",
                    "ModelIdNum": 41010,
                    "ObjectType": 0,
                    "XPos": -150,
                    "YPos": -167,
                    "ZPos": 286,
                    "XRotation": 0,
                    "YRotation": 0,
                    "ZRotation": 0
                },
                {
                    "ModelId": "41113",
                    "ModelIdNum": 41113,
                    "ObjectType": 0,
                    "XPos": -226,
                    "YPos": -140,
                    "ZPos": -166,
                    "XRotation": 0,
                    "YRotation": 0,
                    "ZRotation": 0
                },
                {
                    "ModelId": "41050",
                    "ModelIdNum": 41050,
                    "ObjectType": 0,
                    "XPos": 120,
                    "YPos": -142,
                    "ZPos": -266,
                    "XRotation": 0,
                    "YRotation": -1536,
                    "ZRotation": 0
                },
                {
                    "ModelId": "3416",
                    "ModelIdNum": 3416,
                    "ObjectType": 13,
                    "XPos": -62,
                    "YPos": 1,
                    "ZPos": -256,
                    "XRotation": 0,
                    "YRotation": 0,
                    "ZRotation": 0
                },
                {
                    "ModelId": "31424",
                    "ModelIdNum": 31424,
                    "ObjectType": 13,
                    "XPos": -64,
                    "YPos": -63,
                    "ZPos": -253,
                    "XRotation": 0,
                    "YRotation": -512,
                    "ZRotation": 0
                },
                {
                    "ModelId": "41005",
                    "ModelIdNum": 41005,
                    "ObjectType": 0,
                    "XPos": -72,
                    "YPos": -38,
                    "ZPos": -301,
                    "XRotation": 0,
                    "YRotation": -1024,
                    "ZRotation": 0
                },
                {
                    "ModelId": "41106",
                    "ModelIdNum": 41106,
                    "ObjectType": 0,
                    "XPos": -4,
                    "YPos": -15,
                    "ZPos": 46,
                    "XRotation": 0,
                    "YRotation": 0,
                    "ZRotation": 0
                },
                {
                    "ModelId": "4404",
                    "ModelIdNum": 4404,
                    "ObjectType": 13,
                    "XPos": -67,
                    "YPos": 0,
                    "ZPos": 256,
                    "XRotation": 0,
                    "YRotation": -1536,
                    "ZRotation": 0
                },
                {
                    "ModelId": "79026",
                    "ModelIdNum": 79026,
                    "ObjectType": 0,
                    "XPos": -2,
                    "YPos": -66,
                    "ZPos": 56,
                    "XRotation": 0,
                    "YRotation": -1024,
                    "ZRotation": 0
                },
                {
                    "ModelId": "41040",
                    "ModelIdNum": 41040,
                    "ObjectType": 3,
                    "XPos": 130,
                    "YPos": 1,
                    "ZPos": -50,
                    "XRotation": 0,
                    "YRotation": 0,
                    "ZRotation": 0
                },
                {
                    "ModelId": "41817",
                    "ModelIdNum": 41817,
                    "ObjectType": 3,
                    "XPos": 222,
                    "YPos": 0,
                    "ZPos": 264,
                    "XRotation": 0,
                    "YRotation": -1530,
                    "ZRotation": 0
                },
                {
                    "ModelId": "41124",
                    "ModelIdNum": 41124,
                    "ObjectType": 0,
                    "XPos": -74,
                    "YPos": -33,
                    "ZPos": 84,
                    "XRotation": 0,
                    "YRotation": 0,
                    "ZRotation": 0
                },
                {
                    "ModelId": "41051",
                    "ModelIdNum": 41051,
                    "ObjectType": 3,
                    "XPos": -16,
                    "YPos": 1,
                    "ZPos": 80,
                    "XRotation": 0,
                    "YRotation": 0,
                    "ZRotation": 0
                },
                {
                    "ModelId": "41007",
                    "ModelIdNum": 41007,
                    "ObjectType": 0,
                    "XPos": 110,
                    "YPos": -66,
                    "ZPos": 231,
                    "XRotation": 0,
                    "YRotation": -1536,
                    "ZRotation": 0
                },
                {
                    "ModelId": "41007",
                    "ModelIdNum": 41007,
                    "ObjectType": 0,
                    "XPos": 110,
                    "YPos": -66,
                    "ZPos": 281,
                    "XRotation": 0,
                    "YRotation": -1536,
                    "ZRotation": 0
                },
                {
                    "ModelId": "41125",
                    "ModelIdNum": 41125,
                    "ObjectType": 0,
                    "XPos": -214,
                    "YPos": -13,
                    "ZPos": 272,
                    "XRotation": 0,
                    "YRotation": -113,
                    "ZRotation": 0
                },
                {
                    "ModelId": "31425",
                    "ModelIdNum": 31425,
                    "ObjectType": 13,
                    "XPos": -64,
                    "YPos": -192,
                    "ZPos": -256,
                    "XRotation": 0,
                    "YRotation": 0,
                    "ZRotation": 0
                },
                {
                    "ModelId": "31425",
                    "ModelIdNum": 31425,
                    "ObjectType": 13,
                    "XPos": 64,
                    "YPos": -192,
                    "ZPos": -256,
                    "XRotation": 0,
                    "YRotation": 0,
                    "ZRotation": 0
                },
                {
                    "ModelId": "3418",
                    "ModelIdNum": 3418,
                    "ObjectType": 13,
                    "XPos": -64,
                    "YPos": -192,
                    "ZPos": -318,
                    "XRotation": 0,
                    "YRotation": -522,
                    "ZRotation": 0
                },
                {
                    "ModelId": "3418",
                    "ModelIdNum": 3418,
                    "ObjectType": 13,
                    "XPos": 64,
                    "YPos": -192,
                    "ZPos": -318,
                    "XRotation": 0,
                    "YRotation": -522,
                    "ZRotation": 0
                },
                {
                    "ModelId": "31425",
                    "ModelIdNum": 31425,
                    "ObjectType": 13,
                    "XPos": -64,
                    "YPos": -192,
                    "ZPos": 256,
                    "XRotation": 0,
                    "YRotation": 0,
                    "ZRotation": 0
                },
                {
                    "ModelId": "31425",
                    "ModelIdNum": 31425,
                    "ObjectType": 13,
                    "XPos": 64,
                    "YPos": -192,
                    "ZPos": 256,
                    "XRotation": 0,
                    "YRotation": 0,
                    "ZRotation": 0
                },
                {
                    "ModelId": "3418",
                    "ModelIdNum": 3418,
                    "ObjectType": 13,
                    "XPos": 64,
                    "YPos": -192,
                    "ZPos": 318,
                    "XRotation": 0,
                    "YRotation": -1536,
                    "ZRotation": 0
                },
                {
                    "ModelId": "3418",
                    "ModelIdNum": 3418,
                    "ObjectType": 13,
                    "XPos": -64,
                    "YPos": -192,
                    "ZPos": 320,
                    "XRotation": 0,
                    "YRotation": -1536,
                    "ZRotation": 0
                },
                {
                    "ModelId": "41015",
                    "ModelIdNum": 41015,
                    "ObjectType": 3,
                    "XPos": 0,
                    "YPos": 130,
                    "ZPos": 128,
                    "XScale": 1.2798,
                    "YScale": 1.08,
                    "ZScale": 0.8,
                    "XRotation": 0,
                    "YRotation": -511,
                    "ZRotation": 0
                },
                {
                    "ModelId": "41015",
                    "ModelIdNum": 41015,
                    "ObjectType": 3,
                    "XPos": 0,
                    "YPos": 130,
                    "ZPos": -128,
                    "XScale": 1.2798,
                    "YScale": 1.08,
                    "ZScale": 0.8,
                    "XRotation": 0,
                    "YRotation": -511,
                    "ZRotation": 0
                },
                {
                    "ModelId": "41050",
                    "ModelIdNum": 41050,
                    "ObjectType": 3,
                    "XPos": -210,
                    "YPos": 129,
                    "ZPos": 194,
                    "XRotation": 0,
                    "YRotation": -1024,
                    "ZRotation": 0
                },
                {
                    "ModelId": "41810",
                    "ModelIdNum": 41810,
                    "ObjectType": 0,
                    "XPos": -138,
                    "YPos": -61,
                    "ZPos": 178,
                    "XRotation": 0,
                    "YRotation": -1536,
                    "ZRotation": 0
                },
                {
                    "ModelId": "41810",
                    "ModelIdNum": 41810,
                    "ObjectType": 0,
                    "XPos": -138,
                    "YPos": -61,
                    "ZPos": 120,
                    "XRotation": 0,
                    "YRotation": -1536,
                    "ZRotation": 0
                },
                {
                    "ModelId": "42532",
                    "ModelIdNum": 42532,
                    "ObjectType": 0,
                    "XPos": -120,
                    "YPos": -90,
                    "ZPos": -146,
                    "XScale": 1.1,
                    "YScale": 1.1,
                    "ZScale": 1.1,
                    "XRotation": 0,
                    "YRotation": -1536,
                    "ZRotation": 0
                },
                {
                    "ModelId": "41113",
                    "ModelIdNum": 41113,
                    "ObjectType": 0,
                    "XPos": -108,
                    "YPos": -14,
                    "ZPos": -112,
                    "XScale": 1.3,
                    "YScale": 1.3,
                    "ZScale": 1.3,
                    "XRotation": 0,
                    "YRotation": -1536,
                    "ZRotation": 0
                },
                {
                    "ModelId": "602",
                    "ModelIdNum": 602,
                    "ObjectType": 0,
                    "XPos": 0,
                    "YPos": 2,
                    "ZPos": 2,
                    "XRotation": 0,
                    "YRotation": 0,
                    "ZRotation": 0
                },
                {
                    "ModelId": "69463",
                    "ModelIdNum": 69463,
                    "ObjectType": 0,
                    "XPos": 56,
                    "YPos": -56,
                    "ZPos": 72,
                    "XScale": 1.5,
                    "YScale": 1.5,
                    "ZScale": 1.5,
                    "XRotation": 0,
                    "YRotation": 0,
                    "ZRotation": 0
                },
                {
                    "ModelId": "41027",
                    "ModelIdNum": 41027,
                    "ObjectType": 0,
                    "XPos": -70,
                    "YPos": -37,
                    "ZPos": 46,
                    "XRotation": 0,
                    "YRotation": 0,
                    "ZRotation": 0
                },
                {
                    "ModelId": "42082",
                    "ModelIdNum": 42082,
                    "ObjectType": 0,
                    "XPos": -168,
                    "YPos": -10,
                    "ZPos": -144,
                    "XRotation": 0,
                    "YRotation": -1536,
                    "ZRotation": 0
                }
            ],
            "BlockFlatObjectRecords": [
                {
                    "Position": 0,
                    "XPos": -4,
                    "YPos": -80,
                    "ZPos": 194,
                    "TextureArchive": 210,
                    "TextureRecord": 13,
                    "FactionID": -32752,
                    "Flags": 17
                },
                {
                    "Position": 0,
                    "XPos": -64,
                    "YPos": -80,
                    "ZPos": -128,
                    "TextureArchive": 210,
                    "TextureRecord": 13,
                    "FactionID": 20496,
                    "Flags": 17
                },
                {
                    "Position": 0,
                    "XPos": -192,
                    "YPos": -80,
                    "ZPos": -120,
                    "TextureArchive": 210,
                    "TextureRecord": 13,
                    "FactionID": 20496,
                    "Flags": 17
                },
                {
                    "Position": 0,
                    "XPos": 176,
                    "YPos": 0,
                    "ZPos": 20,
                    "TextureArchive": 199,
                    "TextureRecord": 20,
                    "FactionID": 0,
                    "Flags": 17
                },
                {
                    "Position": 0,
                    "XPos": -192,
                    "YPos": 0,
                    "ZPos": 152,
                    "TextureArchive": 199,
                    "TextureRecord": 20,
                    "FactionID": 0,
                    "Flags": 17
                },
                {
                    "Position": 0,
                    "XPos": -64,
                    "YPos": 0,
                    "ZPos": 112,
                    "TextureArchive": 199,
                    "TextureRecord": 20,
                    "FactionID": 0,
                    "Flags": 17
                },
                {
                    "Position": 0,
                    "XPos": 94,
                    "YPos": -129,
                    "ZPos": 268,
                    "TextureArchive": 199,
                    "TextureRecord": 20,
                    "FactionID": 0,
                    "Flags": 17
                },
                {
                    "Position": 0,
                    "XPos": -146,
                    "YPos": -129,
                    "ZPos": 250,
                    "TextureArchive": 199,
                    "TextureRecord": 20,
                    "FactionID": 0,
                    "Flags": 17
                },
                {
                    "Position": 0,
                    "XPos": 220,
                    "YPos": -129,
                    "ZPos": -62,
                    "TextureArchive": 199,
                    "TextureRecord": 20,
                    "FactionID": 0,
                    "Flags": 17
                },
                {
                    "Position": 0,
                    "XPos": -64,
                    "YPos": -209,
                    "ZPos": -254,
                    "TextureArchive": 210,
                    "TextureRecord": 13,
                    "FactionID": -32752,
                    "Flags": 17
                },
                {
                    "Position": 0,
                    "XPos": 192,
                    "YPos": -209,
                    "ZPos": 128,
                    "TextureArchive": 210,
                    "TextureRecord": 13,
                    "FactionID": -32752,
                    "Flags": 17
                },
                {
                    "Position": 0,
                    "XPos": -188,
                    "YPos": -209,
                    "ZPos": 192,
                    "TextureArchive": 210,
                    "TextureRecord": 13,
                    "FactionID": -32752,
                    "Flags": 17
                },
                {
                    "Position": 0,
                    "XPos": -58,
                    "YPos": 0,
                    "ZPos": -176,
                    "TextureArchive": 199,
                    "TextureRecord": 8,
                    "FactionID": 0,
                    "Flags": 0
                },
                {
                    "Position": 0,
                    "XPos": 64,
                    "YPos": -204,
                    "ZPos": 64,
                    "TextureArchive": 213,
                    "TextureRecord": 14,
                    "FactionID": 0,
                    "Flags": 0
                },
                {
                    "Position": 0,
                    "XPos": -112,
                    "YPos": 0,
                    "ZPos": -304,
                    "TextureArchive": 205,
                    "TextureRecord": 41,
                    "FactionID": 0,
                    "Flags": 0
                },
                {
                    "Position": 0,
                    "XPos": -230,
                    "YPos": -1,
                    "ZPos": -46,
                    "TextureArchive": 205,
                    "TextureRecord": 0,
                    "FactionID": 0,
                    "Flags": 0
                },
                {
                    "Position": 0,
                    "XPos": -238,
                    "YPos": -1,
                    "ZPos": -26,
                    "TextureArchive": 205,
                    "TextureRecord": 0,
                    "FactionID": 0,
                    "Flags": 0
                },
                {
                    "Position": 0,
                    "XPos": -194,
                    "YPos": -80,
                    "ZPos": 128,
                    "TextureArchive": 210,
                    "TextureRecord": 13,
                    "FactionID": 0,
                    "Flags": 0
                },
                {
                    "Position": 0,
                    "XPos": 128,
                    "YPos": -80,
                    "ZPos": 2,
                    "TextureArchive": 210,
                    "TextureRecord": 13,
                    "FactionID": 0,
                    "Flags": 0
                },
                {
                    "Position": 0,
                    "XPos": -208,
                    "YPos": -161,
                    "ZPos": -22,
                    "TextureArchive": 213,
                    "TextureRecord": 3,
                    "FactionID": 0,
                    "Flags": 0
                },
                {
                    "Position": 0,
                    "XPos": 196,
                    "YPos": -130,
                    "ZPos": 108,
                    "TextureArchive": 199,
                    "TextureRecord": 11,
                    "FactionID": 0,
                    "Flags": 0
                },
                {
                    "Position": 0,
                    "XPos": -164,
                    "YPos": -130,
                    "ZPos": 122,
                    "TextureArchive": 199,
                    "TextureRecord": 18,
                    "FactionID": 0,
                    "Flags": 0
                },
                {
                    "Position": 0,
                    "XPos": -18,
                    "YPos": -33,
                    "ZPos": 256,
                    "TextureArchive": 56790,
                    "TextureRecord": 25,
                    "FactionID": 0,
                    "Flags": 0
                },
                {
                    "Position": 0,
                    "XPos": -8,
                    "YPos": -33,
                    "ZPos": 242,
                    "TextureArchive": 56790,
                    "TextureRecord": 21,
                    "FactionID": 0,
                    "Flags": 0
                },
                {
                    "Position": 0,
                    "XPos": -40,
                    "YPos": -1,
                    "ZPos": 152,
                    "TextureArchive": 199,
                    "TextureRecord": 4,
                    "FactionID": 0,
                    "Flags": 0
                },
                {
                    "Position": 0,
                    "XPos": -218,
                    "YPos": -25,
                    "ZPos": -170,
                    "TextureArchive": 56790,
                    "TextureRecord": 22,
                    "FactionID": 0,
                    "Flags": 0
                }
            ],
            "BlockSection3Records": [
                {
                    "XPos": -64,
                    "YPos": 0,
                    "ZPos": -256
                },
                {
                    "XPos": -192,
                    "YPos": 0,
                    "ZPos": 256
                },
                {
                    "XPos": -192,
                    "YPos": 0,
                    "ZPos": 128
                },
                {
                    "XPos": -192,
                    "YPos": 0,
                    "ZPos": 0
                },
                {
                    "XPos": -64,
                    "YPos": 0,
                    "ZPos": 0
                },
                {
                    "XPos": 64,
                    "YPos": 0,
                    "ZPos": 0
                },
                {
                    "XPos": 192,
                    "YPos": 0,
                    "ZPos": 0
                },
                {
                    "XPos": 192,
                    "YPos": 0,
                    "ZPos": 128
                },
                {
                    "XPos": -64,
                    "YPos": 0,
                    "ZPos": 256
                },
                {
                    "XPos": 64,
                    "YPos": 0,
                    "ZPos": 256
                },
                {
                    "XPos": 192,
                    "YPos": 0,
                    "ZPos": 256
                },
                {
                    "XPos": -64,
                    "YPos": 0,
                    "ZPos": 128
                },
                {
                    "XPos": -192,
                    "YPos": 0,
                    "ZPos": -128
                },
                {
                    "XPos": -192,
                    "YPos": -129,
                    "ZPos": -256
                },
                {
                    "XPos": -192,
                    "YPos": -129,
                    "ZPos": 256
                },
                {
                    "XPos": -64,
                    "YPos": -129,
                    "ZPos": 256
                },
                {
                    "XPos": 64,
                    "YPos": -129,
                    "ZPos": 256
                },
                {
                    "XPos": 192,
                    "YPos": -129,
                    "ZPos": 256
                },
                {
                    "XPos": 192,
                    "YPos": -129,
                    "ZPos": 128
                },
                {
                    "XPos": 64,
                    "YPos": -129,
                    "ZPos": 128
                },
                {
                    "XPos": -64,
                    "YPos": -129,
                    "ZPos": 128
                },
                {
                    "XPos": -192,
                    "YPos": -129,
                    "ZPos": 128
                },
                {
                    "XPos": -64,
                    "YPos": -129,
                    "ZPos": 0
                },
                {
                    "XPos": 64,
                    "YPos": -129,
                    "ZPos": 0
                },
                {
                    "XPos": 192,
                    "YPos": -129,
                    "ZPos": 0
                },
                {
                    "XPos": -192,
                    "YPos": -129,
                    "ZPos": -128
                },
                {
                    "XPos": -64,
                    "YPos": -129,
                    "ZPos": -128
                },
                {
                    "XPos": -64,
                    "YPos": -129,
                    "ZPos": -256
                }
            ],
            "BlockPeopleRecords": [
                {
                    "Position": 5960,
                    "XPos": 38,
                    "YPos": -2,
                    "ZPos": 178,
                    "TextureArchive": 182,
                    "TextureRecord": 17,
                    "FactionID": 372,
                    "Flags": 9
                }
            ],
            "BlockDoorRecords": [
                {
                    "Position": 0,
                    "XPos": -215,
                    "YPos": -45,
                    "ZPos": -60,
                    "YRotation": 0,
                    "OpenRotation": 94,
                    "DoorModelIndex": 0
                },
                {
                    "Position": 1,
                    "XPos": 122,
                    "YPos": -45,
                    "ZPos": 105,
                    "YRotation": -1536,
                    "OpenRotation": 94,
                    "DoorModelIndex": 0
                },
                {
                    "Position": 2,
                    "XPos": 215,
                    "YPos": -45,
                    "ZPos": 190,
                    "YRotation": -1024,
                    "OpenRotation": 94,
                    "DoorModelIndex": 0
                },
                {
                    "Position": 3,
                    "XPos": -135,
                    "YPos": -45,
                    "ZPos": 233,
                    "YRotation": -1536,
                    "OpenRotation": 94,
                    "DoorModelIndex": 0
                }
            ]
        }
    },
    "AutoMapData": null
}