{
    "FactionId": 0,
    "BuildingType": 18,
    "Quality": 5,
    "NameSeed": 0,
    "RmbSubRecord": {
        "XPos": 3392,
        "ZPos": 1792,
        "YRotation": 1024,
        "Exterior": {
            "Header": {
                "Num3dObjectRecords": 1,
                "NumFlatObjectRecords": 0,
                "NumSection3Records": 0,
                "NumPeopleRecords": 0,
                "NumDoorRecords": 0
            },
            "Block3dObjectRecords": [
                {
                    "ModelId": "130",
                    "ModelIdNum": 130,
                    "ObjectType": 4,
                    "XPos": 0,
                    "YPos": 0,
                    "ZPos": 0,
                    "XRotation": 0,
                    "YRotation": 0,
                    "ZRotation": 0
                }
            ],
            "BlockFlatObjectRecords": [],
            "BlockSection3Records": [],
            "BlockPeopleRecords": [],
            "BlockDoorRecords": []
        },
        "Interior": {
            "Header": {
                "Num3dObjectRecords": 24,
                "NumFlatObjectRecords": 10,
                "NumSection3Records": 9,
                "NumPeopleRecords": 1,
                "NumDoorRecords": 3
            },
            "Block3dObjectRecords": [
                {
                    "ModelId": "3005",
                    "ModelIdNum": 3005,
                    "ObjectType": 13,
                    "XPos": 186,
                    "YPos": -64,
                    "ZPos": -128,
                    "XRotation": 0,
                    "YRotation": 0,
                    "ZRotation": 0
                },
                {
                    "ModelId": "3004",
                    "ModelIdNum": 3004,
                    "ObjectType": 13,
                    "XPos": -58,
                    "YPos": -64,
                    "ZPos": -64,
                    "XRotation": 0,
                    "YRotation": -1024,
                    "ZRotation": 0
                },
                {
                    "ModelId": "3031",
                    "ModelIdNum": 3031,
                    "ObjectType": 13,
                    "XPos": 64,
                    "YPos": -64,
                    "ZPos": -6,
                    "XRotation": 0,
                    "YRotation": -1536,
                    "ZRotation": 0
                },
                {
                    "ModelId": "1007",
                    "ModelIdNum": 1007,
                    "ObjectType": 13,
                    "XPos": 64,
                    "YPos": 0,
                    "ZPos": -128,
                    "XRotation": 0,
                    "YRotation": 0,
                    "ZRotation": 0
                },
                {
                    "ModelId": "4000",
                    "ModelIdNum": 4000,
                    "ObjectType": 13,
                    "XPos": -57,
                    "YPos": -64,
                    "ZPos": -128,
                    "XRotation": 0,
                    "YRotation": -1536,
                    "ZRotation": 0
                },
                {
                    "ModelId": "2007",
                    "ModelIdNum": 2007,
                    "ObjectType": 13,
                    "XPos": 64,
                    "YPos": -128,
                    "ZPos": -129,
                    "XRotation": 0,
                    "YRotation": 0,
                    "ZRotation": 0
                },
                {
                    "ModelId": "1000",
                    "ModelIdNum": 1000,
                    "ObjectType": 5,
                    "XPos": -128,
                    "YPos": 0,
                    "ZPos": -192,
                    "XRotation": 0,
                    "YRotation": 0,
                    "ZRotation": 0
                },
                {
                    "ModelId": "2000",
                    "ModelIdNum": 2000,
                    "ObjectType": 13,
                    "XPos": -128,
                    "YPos": -128,
                    "ZPos": -193,
                    "XRotation": 0,
                    "YRotation": 0,
                    "ZRotation": 0
                },
                {
                    "ModelId": "3000",
                    "ModelIdNum": 3000,
                    "ObjectType": 13,
                    "XPos": -61,
                    "YPos": -64,
                    "ZPos": -192,
                    "XRotation": 0,
                    "YRotation": -1024,
                    "ZRotation": 0
                },
                {
                    "ModelId": "3000",
                    "ModelIdNum": 3000,
                    "ObjectType": 13,
                    "XPos": -67,
                    "YPos": -64,
                    "ZPos": -192,
                    "XRotation": 0,
                    "YRotation": 0,
                    "ZRotation": 0
                },
                {
                    "ModelId": "3000",
                    "ModelIdNum": 3000,
                    "ObjectType": 13,
                    "XPos": -128,
                    "YPos": -64,
                    "ZPos": -131,
                    "XRotation": 0,
                    "YRotation": -1536,
                    "ZRotation": 0
                },
                {
                    "ModelId": "3004",
                    "ModelIdNum": 3004,
                    "ObjectType": 13,
                    "XPos": -186,
                    "YPos": -64,
                    "ZPos": -192,
                    "XRotation": 0,
                    "YRotation": -1024,
                    "ZRotation": 0
                },
                {
                    "ModelId": "3004",
                    "ModelIdNum": 3004,
                    "ObjectType": 13,
                    "XPos": -128,
                    "YPos": -64,
                    "ZPos": -250,
                    "XRotation": 0,
                    "YRotation": -512,
                    "ZRotation": 0
                },
                {
                    "ModelId": "41106",
                    "ModelIdNum": 41106,
                    "ObjectType": 3,
                    "XPos": 107,
                    "YPos": 2,
                    "ZPos": -211,
                    "XRotation": 0,
                    "YRotation": -895,
                    "ZRotation": 0
                },
                {
                    "ModelId": "41105",
                    "ModelIdNum": 41105,
                    "ObjectType": 3,
                    "XPos": 52,
                    "YPos": 2,
                    "ZPos": -120,
                    "XRotation": 0,
                    "YRotation": -1657,
                    "ZRotation": 0
                },
                {
                    "ModelId": "41106",
                    "ModelIdNum": 41106,
                    "ObjectType": 3,
                    "XPos": 92,
                    "YPos": 2,
                    "ZPos": -48,
                    "XRotation": 0,
                    "YRotation": -38,
                    "ZRotation": 0
                },
                {
                    "ModelId": "41000",
                    "ModelIdNum": 41000,
                    "ObjectType": 3,
                    "XPos": -142,
                    "YPos": 2,
                    "ZPos": 200,
                    "XRotation": 0,
                    "YRotation": -1021,
                    "ZRotation": 0
                },
                {
                    "ModelId": "41034",
                    "ModelIdNum": 41034,
                    "ObjectType": 3,
                    "XPos": -173,
                    "YPos": 2,
                    "ZPos": 136,
                    "XRotation": 0,
                    "YRotation": -507,
                    "ZRotation": 0
                },
                {
                    "ModelId": "41039",
                    "ModelIdNum": 41039,
                    "ObjectType": 3,
                    "XPos": -51,
                    "YPos": 2,
                    "ZPos": -63,
                    "XRotation": 0,
                    "YRotation": -512,
                    "ZRotation": 0
                },
                {
                    "ModelId": "1013",
                    "ModelIdNum": 1013,
                    "ObjectType": 13,
                    "XPos": -120,
                    "YPos": 0,
                    "ZPos": 60,
                    "XRotation": 0,
                    "YRotation": 0,
                    "ZRotation": 0
                },
                {
                    "ModelId": "3000",
                    "ModelIdNum": 3000,
                    "ObjectType": 13,
                    "XPos": 67,
                    "YPos": -63,
                    "ZPos": 64,
                    "XRotation": 0,
                    "YRotation": 0,
                    "ZRotation": 0
                },
                {
                    "ModelId": "3000",
                    "ModelIdNum": 3000,
                    "ObjectType": 13,
                    "XPos": -128,
                    "YPos": -63,
                    "ZPos": -3,
                    "XRotation": 0,
                    "YRotation": -512,
                    "ZRotation": 0
                },
                {
                    "ModelId": "3004",
                    "ModelIdNum": 3004,
                    "ObjectType": 13,
                    "XPos": 125,
                    "YPos": -63,
                    "ZPos": 129,
                    "XRotation": 0,
                    "YRotation": -512,
                    "ZRotation": 0
                },
                {
                    "ModelId": "4004",
                    "ModelIdNum": 4004,
                    "ObjectType": 13,
                    "XPos": 58,
                    "YPos": -63,
                    "ZPos": 5,
                    "XRotation": 0,
                    "YRotation": -512,
                    "ZRotation": 0
                },
                {
                    "ModelId": "3005",
                    "ModelIdNum": 3005,
                    "ObjectType": 13,
                    "XPos": -182,
                    "YPos": -63,
                    "ZPos": 124,
                    "XRotation": 0,
                    "YRotation": -1024,
                    "ZRotation": 0
                },
                {
                    "ModelId": "62319",
                    "ModelIdNum": 62319,
                    "ObjectType": 0,
                    "XPos": 66,
                    "YPos": -64,
                    "ZPos": 123,
                    "XRotation": 0,
                    "YRotation": 0,
                    "ZRotation": -512
                },
                {
                    "ModelId": "3006",
                    "ModelIdNum": 3006,
                    "ObjectType": 13,
                    "XPos": 4,
                    "YPos": -63,
                    "ZPos": 239,
                    "XRotation": 0,
                    "YRotation": -1536,
                    "ZRotation": 0
                },
                {
                    "ModelId": "3005",
                    "ModelIdNum": 3005,
                    "ObjectType": 13,
                    "XPos": 183,
                    "YPos": -63,
                    "ZPos": 118,
                    "XRotation": 0,
                    "YRotation": 0,
                    "ZRotation": 0
                },
                {
                    "ModelId": "3004",
                    "ModelIdNum": 3004,
                    "ObjectType": 13,
                    "XPos": 125,
                    "YPos": -63,
                    "ZPos": 117,
                    "XRotation": 0,
                    "YRotation": -1536,
                    "ZRotation": 0
                },
                {
                    "ModelId": "3000",
                    "ModelIdNum": 3000,
                    "ObjectType": 13,
                    "XPos": 73,
                    "YPos": -63,
                    "ZPos": 64,
                    "XRotation": 0,
                    "YRotation": -1024,
                    "ZRotation": 0
                },
                {
                    "ModelId": "4004",
                    "ModelIdNum": 4004,
                    "ObjectType": 13,
                    "XPos": 79,
                    "YPos": -63,
                    "ZPos": 8,
                    "XRotation": 0,
                    "YRotation": -1536,
                    "ZRotation": 0
                },
                {
                    "ModelId": "2008",
                    "ModelIdNum": 2008,
                    "ObjectType": 13,
                    "XPos": -4,
                    "YPos": -126,
                    "ZPos": 122,
                    "XRotation": 0,
                    "YRotation": -1536,
                    "ZRotation": 0
                },
                {
                    "ModelId": "45081",
                    "ModelIdNum": 45081,
                    "ObjectType": 0,
                    "XPos": 164,
                    "YPos": -54,
                    "ZPos": -160,
                    "XScale": 0.5,
                    "YScale": 0.8,
                    "XRotation": 0,
                    "YRotation": -512,
                    "ZRotation": -511
                },
                {
                    "ModelId": "41117",
                    "ModelIdNum": 41117,
                    "ObjectType": 3,
                    "XPos": 170,
                    "YPos": 7,
                    "ZPos": -127,
                    "ZScale": 0.4706843,
                    "XRotation": 0,
                    "YRotation": -1536,
                    "ZRotation": 0
                },
                {
                    "ModelId": "45076",
                    "ModelIdNum": 45076,
                    "ObjectType": 0,
                    "XPos": 175,
                    "YPos": -52,
                    "ZPos": -127,
                    "ZScale": 0.39866,
                    "XRotation": 0,
                    "YRotation": -511,
                    "ZRotation": 0
                },
                {
                    "ModelId": "45081",
                    "ModelIdNum": 45081,
                    "ObjectType": 0,
                    "XPos": 162,
                    "YPos": -60,
                    "ZPos": -171,
                    "YScale": 1.03,
                    "XRotation": 0,
                    "YRotation": -512,
                    "ZRotation": -512
                },
                {
                    "ModelId": "45129",
                    "ModelIdNum": 45129,
                    "ObjectType": 0,
                    "XPos": 171,
                    "YPos": -2,
                    "ZPos": -210,
                    "XScale": 1.2,
                    "YScale": 1.92392,
                    "ZScale": 4.22892,
                    "XRotation": 0,
                    "YRotation": -512,
                    "ZRotation": -512
                },
                {
                    "ModelId": "3016",
                    "ModelIdNum": 3016,
                    "ObjectType": 13,
                    "XPos": -185,
                    "YPos": -63,
                    "ZPos": -123,
                    "XRotation": 0,
                    "YRotation": 0,
                    "ZRotation": 0
                },
                {
                    "ModelId": "3002",
                    "ModelIdNum": 3002,
                    "ObjectType": 13,
                    "XPos": -186,
                    "YPos": -29,
                    "ZPos": -16,
                    "XRotation": 0,
                    "YRotation": 0,
                    "ZRotation": -1024
                },
                {
                    "ModelId": "3030",
                    "ModelIdNum": 3030,
                    "ObjectType": 13,
                    "XPos": -187,
                    "YPos": -63,
                    "ZPos": -16,
                    "XRotation": 0,
                    "YRotation": -1024,
                    "ZRotation": 0
                },
                {
                    "ModelId": "4000",
                    "ModelIdNum": 4000,
                    "ObjectType": 13,
                    "XPos": -185,
                    "YPos": -63,
                    "ZPos": -10,
                    "XRotation": 0,
                    "YRotation": -1536,
                    "ZRotation": 0
                },
                {
                    "ModelId": "4000",
                    "ModelIdNum": 4000,
                    "ObjectType": 13,
                    "XPos": -191,
                    "YPos": -63,
                    "ZPos": -64,
                    "XRotation": 0,
                    "YRotation": -1024,
                    "ZRotation": 0
                },
                {
                    "ModelId": "3019",
                    "ModelIdNum": 3019,
                    "ObjectType": 13,
                    "XPos": 64,
                    "YPos": -64,
                    "ZPos": -247,
                    "ZScale": 1.0121,
                    "XRotation": 0,
                    "YRotation": -511,
                    "ZRotation": 0
                },
                {
                    "ModelId": "3005",
                    "ModelIdNum": 3005,
                    "ObjectType": 13,
                    "XPos": 56,
                    "YPos": -63,
                    "ZPos": 0,
                    "ZScale": 1.0391,
                    "XRotation": 0,
                    "YRotation": -511,
                    "ZRotation": 0
                },
                {
                    "ModelId": "1000",
                    "ModelIdNum": 1000,
                    "ObjectType": 13,
                    "XPos": -128,
                    "YPos": 0,
                    "ZPos": -64,
                    "XRotation": 0,
                    "YRotation": 0,
                    "ZRotation": 0
                },
                {
                    "ModelId": "3000",
                    "ModelIdNum": 3000,
                    "ObjectType": 13,
                    "XPos": -128,
                    "YPos": -64,
                    "ZPos": -126,
                    "XRotation": 0,
                    "YRotation": -512,
                    "ZRotation": 0
                },
                {
                    "ModelId": "3000",
                    "ModelIdNum": 3000,
                    "ObjectType": 13,
                    "XPos": -128,
                    "YPos": -63,
                    "ZPos": -8,
                    "XRotation": 0,
                    "YRotation": -1536,
                    "ZRotation": 0
                },
                {
                    "ModelId": "2000",
                    "ModelIdNum": 2000,
                    "ObjectType": 13,
                    "XPos": -127,
                    "YPos": -126,
                    "ZPos": -74,
                    "XRotation": 0,
                    "YRotation": -1536,
                    "ZRotation": 0
                },
                {
                    "ModelId": "3004",
                    "ModelIdNum": 3004,
                    "ObjectType": 13,
                    "XPos": -72,
                    "YPos": -63,
                    "ZPos": -68,
                    "XRotation": 0,
                    "YRotation": 0,
                    "ZRotation": 0
                },
                {
                    "ModelId": "79013",
                    "ModelIdNum": 79013,
                    "ObjectType": 0,
                    "XPos": -39,
                    "YPos": -69,
                    "ZPos": 3,
                    "XRotation": -1536,
                    "YRotation": -511,
                    "ZRotation": 0
                },
                {
                    "ModelId": "41007",
                    "ModelIdNum": 41007,
                    "ObjectType": 0,
                    "XPos": -82,
                    "YPos": -69,
                    "ZPos": -95,
                    "XRotation": 0,
                    "YRotation": -1525,
                    "ZRotation": 0
                },
                {
                    "ModelId": "41100",
                    "ModelIdNum": 41100,
                    "ObjectType": 0,
                    "XPos": -91,
                    "YPos": -15,
                    "ZPos": -46,
                    "XRotation": 0,
                    "YRotation": -1318,
                    "ZRotation": 0
                },
                {
                    "ModelId": "74802",
                    "ModelIdNum": 74802,
                    "ObjectType": 0,
                    "XPos": 78,
                    "YPos": 3,
                    "ZPos": -128,
                    "XScale": 1.14,
                    "YScale": 1.14,
                    "ZScale": 1.14,
                    "XRotation": -1536,
                    "YRotation": -1536,
                    "ZRotation": 0
                },
                {
                    "ModelId": "41041",
                    "ModelIdNum": 41041,
                    "ObjectType": 0,
                    "XPos": -53,
                    "YPos": -38,
                    "ZPos": -112,
                    "XRotation": 0,
                    "YRotation": -512,
                    "ZRotation": 0
                },
                {
                    "ModelId": "41005",
                    "ModelIdNum": 41005,
                    "ObjectType": 0,
                    "XPos": 171,
                    "YPos": -38,
                    "ZPos": 78,
                    "XRotation": 0,
                    "YRotation": -512,
                    "ZRotation": 0
                },
                {
                    "ModelId": "41003",
                    "ModelIdNum": 41003,
                    "ObjectType": 0,
                    "XPos": 152,
                    "YPos": -62,
                    "ZPos": 180,
                    "XRotation": 0,
                    "YRotation": -1536,
                    "ZRotation": 0
                },
                {
                    "ModelId": "69465",
                    "ModelIdNum": 69465,
                    "ObjectType": 0,
                    "XPos": 174,
                    "YPos": -2,
                    "ZPos": -128,
                    "XScale": 0.32871,
                    "YScale": 0.6,
                    "ZScale": 0.86921,
                    "XRotation": 0,
                    "YRotation": 0,
                    "ZRotation": 0
                },
                {
                    "ModelId": "69467",
                    "ModelIdNum": 69467,
                    "ObjectType": 0,
                    "XPos": 4,
                    "YPos": -90,
                    "ZPos": -8,
                    "XScale": 0.5,
                    "YScale": 0.5,
                    "ZScale": 0.5,
                    "XRotation": 0,
                    "YRotation": 0,
                    "ZRotation": 0
                }
            ],
            "BlockFlatObjectRecords": [
                {
                    "Position": 0,
                    "XPos": 16,
                    "YPos": -80,
                    "ZPos": -88,
                    "TextureArchive": 210,
                    "TextureRecord": 13,
                    "FactionID": -32752,
                    "Flags": 17
                },
                {
                    "Position": 0,
                    "XPos": 0,
                    "YPos": -80,
                    "ZPos": 216,
                    "TextureArchive": 210,
                    "TextureRecord": 13,
                    "FactionID": -32752,
                    "Flags": 17
                },
                {
                    "Position": 0,
                    "XPos": 16,
                    "YPos": 0,
                    "ZPos": 16,
                    "TextureArchive": 199,
                    "TextureRecord": 20,
                    "FactionID": 0,
                    "Flags": 17
                },
                {
                    "Position": 0,
                    "XPos": 92,
                    "YPos": 0,
                    "ZPos": 156,
                    "TextureArchive": 199,
                    "TextureRecord": 20,
                    "FactionID": 0,
                    "Flags": 17
                },
                {
                    "Position": 0,
                    "XPos": -136,
                    "YPos": 0,
                    "ZPos": -200,
                    "TextureArchive": 199,
                    "TextureRecord": 20,
                    "FactionID": 0,
                    "Flags": 17
                },
                {
                    "Position": 0,
                    "XPos": 10,
                    "YPos": 0,
                    "ZPos": -77,
                    "TextureArchive": 199,
                    "TextureRecord": 20,
                    "FactionID": 0,
                    "Flags": 17
                },
                {
                    "Position": 0,
                    "XPos": -48,
                    "YPos": 0,
                    "ZPos": 202,
                    "TextureArchive": 199,
                    "TextureRecord": 20,
                    "FactionID": 0,
                    "Flags": 17
                },
                {
                    "Position": 0,
                    "XPos": -128,
                    "YPos": 0,
                    "ZPos": -64,
                    "TextureArchive": 199,
                    "TextureRecord": 8,
                    "FactionID": 0,
                    "Flags": 0
                },
                {
                    "Position": 0,
                    "XPos": 0,
                    "YPos": 0,
                    "ZPos": 192,
                    "TextureArchive": 199,
                    "TextureRecord": 8,
                    "FactionID": 0,
                    "Flags": 0
                },
                {
                    "Position": 0,
                    "XPos": 114,
                    "YPos": 0,
                    "ZPos": -94,
                    "TextureArchive": 199,
                    "TextureRecord": 18,
                    "FactionID": 0,
                    "Flags": 0
                },
                {
                    "Position": 0,
                    "XPos": -95,
                    "YPos": -1,
                    "ZPos": -95,
                    "TextureArchive": 204,
                    "TextureRecord": 1,
                    "FactionID": 0,
                    "Flags": 0
                },
                {
                    "Position": 0,
                    "XPos": 94,
                    "YPos": -1,
                    "ZPos": -153,
                    "TextureArchive": 10010,
                    "TextureRecord": 78,
                    "FactionID": 0,
                    "Flags": 0
                },
                {
                    "Position": 0,
                    "XPos": 134,
                    "YPos": -1,
                    "ZPos": 58,
                    "TextureArchive": 199,
                    "TextureRecord": 11,
                    "FactionID": 0,
                    "Flags": 0
                },
                {
                    "Position": 0,
                    "XPos": -138,
                    "YPos": -1,
                    "ZPos": 116,
                    "TextureArchive": 199,
                    "TextureRecord": 4,
                    "FactionID": 0,
                    "Flags": 0
                }
            ],
            "BlockSection3Records": [
                {
                    "XPos": -128,
                    "YPos": 0,
                    "ZPos": 64
                },
                {
                    "XPos": -128,
                    "YPos": 0,
                    "ZPos": 192
                },
                {
                    "XPos": 128,
                    "YPos": 0,
                    "ZPos": 192
                },
                {
                    "XPos": 0,
                    "YPos": 0,
                    "ZPos": 64
                },
                {
                    "XPos": -128,
                    "YPos": 0,
                    "ZPos": -192
                },
                {
                    "XPos": 0,
                    "YPos": 0,
                    "ZPos": -192
                },
                {
                    "XPos": 0,
                    "YPos": 0,
                    "ZPos": -64
                },
                {
                    "XPos": 128,
                    "YPos": 0,
                    "ZPos": -64
                },
                {
                    "XPos": 128,
                    "YPos": 0,
                    "ZPos": -192
                }
            ],
            "BlockPeopleRecords": [
                {
                    "Position": 6213,
                    "XPos": -130,
                    "YPos": -18,
                    "ZPos": 204,
                    "TextureArchive": 182,
                    "TextureRecord": 18,
                    "FactionID": 0,
                    "Flags": 9
                }
            ],
            "BlockDoorRecords": [
                {
                    "Position": 0,
                    "XPos": 71,
                    "YPos": -45,
                    "ZPos": 87,
                    "YRotation": -512,
                    "OpenRotation": 90,
                    "DoorModelIndex": 0
                }
            ]
        }
    },
    "AutoMapData": null
}