{
    "FactionId": 0,
    "BuildingType": 18,
    "Quality": 8,
    "NameSeed": 0,
    "RmbSubRecord": {
        "XPos": 1472,
        "ZPos": 2752,
        "YRotation": 1024,
        "Exterior": {
            "Header": {
                "Num3dObjectRecords": 1,
                "NumFlatObjectRecords": 0,
                "NumSection3Records": 0,
                "NumPeopleRecords": 0,
                "NumDoorRecords": 0
            },
            "Block3dObjectRecords": [
                {
                    "ModelId": "201",
                    "ModelIdNum": 201,
                    "ObjectType": 4,
                    "XPos": 0,
                    "YPos": 0,
                    "ZPos": 0,
                    "XRotation": 0,
                    "YRotation": 0,
                    "ZRotation": 0
                }
            ],
            "BlockFlatObjectRecords": [],
            "BlockSection3Records": [],
            "BlockPeopleRecords": [],
            "BlockDoorRecords": []
        },
        "Interior": {
            "Header": {
                "Num3dObjectRecords": 13,
                "NumFlatObjectRecords": 11,
                "NumSection3Records": 10,
                "NumPeopleRecords": 1,
                "NumDoorRecords": 3
            },
            "Block3dObjectRecords": [
                {
                    "ModelId": "31026",
                    "ModelIdNum": 31026,
                    "ObjectType": 13,
                    "XPos": 125,
                    "YPos": -63,
                    "ZPos": 0,
                    "XRotation": 0,
                    "YRotation": 0,
                    "ZRotation": 0
                },
                {
                    "ModelId": "31019",
                    "ModelIdNum": 31019,
                    "ObjectType": 13,
                    "XPos": 3,
                    "YPos": -63,
                    "ZPos": 0,
                    "XRotation": 0,
                    "YRotation": -1536,
                    "ZRotation": 0
                },
                {
                    "ModelId": "36001",
                    "ModelIdNum": 36001,
                    "ObjectType": 13,
                    "XPos": 0,
                    "YPos": -63,
                    "ZPos": 128,
                    "XRotation": 0,
                    "YRotation": -1536,
                    "ZRotation": 0
                },
                {
                    "ModelId": "41007",
                    "ModelIdNum": 41007,
                    "ObjectType": 3,
                    "XPos": -40,
                    "YPos": 2,
                    "ZPos": -174,
                    "XRotation": 0,
                    "YRotation": -512,
                    "ZRotation": 0
                },
                {
                    "ModelId": "41002",
                    "ModelIdNum": 41002,
                    "ObjectType": 3,
                    "XPos": -16,
                    "YPos": 2,
                    "ZPos": -224,
                    "XRotation": 0,
                    "YRotation": -1024,
                    "ZRotation": 0
                },
                {
                    "ModelId": "3018",
                    "ModelIdNum": 3018,
                    "ObjectType": 13,
                    "XPos": -57,
                    "YPos": -63,
                    "ZPos": -131,
                    "ZScale": 1.0515,
                    "XRotation": 0,
                    "YRotation": -1029,
                    "ZRotation": 0
                },
                {
                    "ModelId": "3018",
                    "ModelIdNum": 3018,
                    "ObjectType": 13,
                    "XPos": 185,
                    "YPos": -63,
                    "ZPos": -130,
                    "ZScale": 1.0515,
                    "XRotation": 0,
                    "YRotation": -2042,
                    "ZRotation": 0
                },
                {
                    "ModelId": "3019",
                    "ModelIdNum": 3019,
                    "ObjectType": 13,
                    "XPos": 61,
                    "YPos": -63,
                    "ZPos": -313,
                    "ZScale": 1.0515,
                    "XRotation": 0,
                    "YRotation": -511,
                    "ZRotation": 0
                },
                {
                    "ModelId": "3006",
                    "ModelIdNum": 3006,
                    "ObjectType": 13,
                    "XPos": 185,
                    "YPos": -63,
                    "ZPos": 137,
                    "ZScale": 1.0515,
                    "XRotation": 0,
                    "YRotation": 0,
                    "ZRotation": 0
                },
                {
                    "ModelId": "3019",
                    "ModelIdNum": 3019,
                    "ObjectType": 13,
                    "XPos": -184,
                    "YPos": -63,
                    "ZPos": 192,
                    "ZScale": 1.0515,
                    "XRotation": 0,
                    "YRotation": -1024,
                    "ZRotation": 0
                },
                {
                    "ModelId": "3019",
                    "ModelIdNum": 3019,
                    "ObjectType": 13,
                    "XPos": 56,
                    "YPos": -63,
                    "ZPos": 313,
                    "ZScale": 1.0515,
                    "XRotation": 0,
                    "YRotation": -1536,
                    "ZRotation": 0
                },
                {
                    "ModelId": "41101",
                    "ModelIdNum": 41101,
                    "ObjectType": 0,
                    "XPos": -163,
                    "YPos": -15,
                    "ZPos": 94,
                    "XRotation": 0,
                    "YRotation": -181,
                    "ZRotation": 0
                },
                {
                    "ModelId": "51116",
                    "ModelIdNum": 51116,
                    "ObjectType": 0,
                    "XPos": -144,
                    "YPos": -17,
                    "ZPos": 256,
                    "XScale": 0.9665382,
                    "YScale": 0.8962988,
                    "XRotation": -512,
                    "YRotation": -1536,
                    "ZRotation": 0
                },
                {
                    "ModelId": "79016",
                    "ModelIdNum": 79016,
                    "ObjectType": 0,
                    "XPos": -162,
                    "YPos": -18,
                    "ZPos": 285,
                    "XScale": 1.0709,
                    "XRotation": -1763,
                    "YRotation": -512,
                    "ZRotation": -1536
                },
                {
                    "ModelId": "79010",
                    "ModelIdNum": 79010,
                    "ObjectType": 0,
                    "XPos": -74,
                    "YPos": -20,
                    "ZPos": 178,
                    "XScale": 0.6864905,
                    "YScale": 0.6864905,
                    "ZScale": 0.7190986,
                    "XRotation": -1588,
                    "YRotation": -510,
                    "ZRotation": -1536
                },
                {
                    "ModelId": "41105",
                    "ModelIdNum": 41105,
                    "ObjectType": 0,
                    "XPos": 167,
                    "YPos": -16,
                    "ZPos": 4,
                    "XRotation": 0,
                    "YRotation": -512,
                    "ZRotation": 0
                },
                {
                    "ModelId": "51117",
                    "ModelIdNum": 51117,
                    "ObjectType": 0,
                    "XPos": -41,
                    "YPos": -6,
                    "ZPos": 164,
                    "XScale": 0.515938,
                    "YScale": 0.6086401,
                    "ZScale": 0.6086401,
                    "XRotation": -118,
                    "YRotation": -512,
                    "ZRotation": 0
                },
                {
                    "ModelId": "1007",
                    "ModelIdNum": 1007,
                    "ObjectType": 13,
                    "XPos": 65,
                    "YPos": 0,
                    "ZPos": -192,
                    "XRotation": 0,
                    "YRotation": 0,
                    "ZRotation": 0
                },
                {
                    "ModelId": "3000",
                    "ModelIdNum": 3000,
                    "ObjectType": 13,
                    "XPos": 128,
                    "YPos": -63,
                    "ZPos": -66,
                    "ZScale": 0.9620398,
                    "XRotation": 0,
                    "YRotation": -1536,
                    "ZRotation": 0
                },
                {
                    "ModelId": "3004",
                    "ModelIdNum": 3004,
                    "ObjectType": 13,
                    "XPos": 14,
                    "YPos": -63,
                    "ZPos": -69,
                    "ZScale": 1.0389,
                    "XRotation": 0,
                    "YRotation": -1536,
                    "ZRotation": 0
                },
                {
                    "ModelId": "4002",
                    "ModelIdNum": 4002,
                    "ObjectType": 13,
                    "XPos": 12,
                    "YPos": 1,
                    "ZPos": -137,
                    "XRotation": 0,
                    "YRotation": 0,
                    "ZRotation": 0
                },
                {
                    "ModelId": "3000",
                    "ModelIdNum": 3000,
                    "ObjectType": 13,
                    "XPos": 66,
                    "YPos": -64,
                    "ZPos": 128,
                    "ZScale": 0.9620399,
                    "XRotation": 0,
                    "YRotation": -1024,
                    "ZRotation": 0
                },
                {
                    "ModelId": "3000",
                    "ModelIdNum": 3000,
                    "ObjectType": 13,
                    "XPos": -64,
                    "YPos": -63,
                    "ZPos": 128,
                    "ZScale": 0.9620399,
                    "XRotation": 0,
                    "YRotation": 0,
                    "ZRotation": 0
                },
                {
                    "ModelId": "1001",
                    "ModelIdNum": 1001,
                    "ObjectType": 13,
                    "XPos": -128,
                    "YPos": 0,
                    "ZPos": 193,
                    "XRotation": 0,
                    "YRotation": 0,
                    "ZRotation": 0
                },
                {
                    "ModelId": "3004",
                    "ModelIdNum": 3004,
                    "ObjectType": 13,
                    "XPos": -125,
                    "YPos": -63,
                    "ZPos": 312,
                    "ZScale": 1.0389,
                    "XRotation": 0,
                    "YRotation": -1536,
                    "ZRotation": 0
                },
                {
                    "ModelId": "4002",
                    "ModelIdNum": 4002,
                    "ObjectType": 13,
                    "XPos": -133,
                    "YPos": 1,
                    "ZPos": 134,
                    "XRotation": 0,
                    "YRotation": -512,
                    "ZRotation": 0
                },
                {
                    "ModelId": "3004",
                    "ModelIdNum": 3004,
                    "ObjectType": 13,
                    "XPos": -125,
                    "YPos": -63,
                    "ZPos": 73,
                    "ZScale": 1.0389,
                    "XRotation": 0,
                    "YRotation": -511,
                    "ZRotation": 0
                },
                {
                    "ModelId": "2007",
                    "ModelIdNum": 2007,
                    "ObjectType": 13,
                    "XPos": 62,
                    "YPos": -126,
                    "ZPos": -188,
                    "XRotation": 0,
                    "YRotation": 0,
                    "ZRotation": 0
                },
                {
                    "ModelId": "2001",
                    "ModelIdNum": 2001,
                    "ObjectType": 13,
                    "XPos": -124,
                    "YPos": -126,
                    "ZPos": 195,
                    "XRotation": 0,
                    "YRotation": 0,
                    "ZRotation": 0
                },
                {
                    "ModelId": "1000",
                    "ModelIdNum": 1000,
                    "ObjectType": 13,
                    "XPos": 128,
                    "YPos": 0,
                    "ZPos": 128,
                    "XRotation": 0,
                    "YRotation": 0,
                    "ZRotation": 0
                },
                {
                    "ModelId": "4002",
                    "ModelIdNum": 4002,
                    "ObjectType": 13,
                    "XPos": 135,
                    "YPos": 1,
                    "ZPos": 132,
                    "XRotation": 0,
                    "YRotation": -1536,
                    "ZRotation": 0
                },
                {
                    "ModelId": "4002",
                    "ModelIdNum": 4002,
                    "ObjectType": 13,
                    "XPos": 135,
                    "YPos": 1,
                    "ZPos": 251,
                    "XRotation": 0,
                    "YRotation": -1536,
                    "ZRotation": 0
                },
                {
                    "ModelId": "1006",
                    "ModelIdNum": 1006,
                    "ObjectType": 13,
                    "XPos": 64,
                    "YPos": 0,
                    "ZPos": 256,
                    "XRotation": 0,
                    "YRotation": 0,
                    "ZRotation": 0
                },
                {
                    "ModelId": "3000",
                    "ModelIdNum": 3000,
                    "ObjectType": 13,
                    "XPos": -64,
                    "YPos": -63,
                    "ZPos": 257,
                    "ZScale": 0.9620399,
                    "XRotation": 0,
                    "YRotation": 0,
                    "ZRotation": 0
                },
                {
                    "ModelId": "2001",
                    "ModelIdNum": 2001,
                    "ObjectType": 13,
                    "XPos": 125,
                    "YPos": -126,
                    "ZPos": 190,
                    "XRotation": 0,
                    "YRotation": 0,
                    "ZRotation": 0
                },
                {
                    "ModelId": "2000",
                    "ModelIdNum": 2000,
                    "ObjectType": 13,
                    "XPos": -1,
                    "YPos": -126,
                    "ZPos": 254,
                    "XRotation": 0,
                    "YRotation": 0,
                    "ZRotation": 0
                },
                {
                    "ModelId": "3004",
                    "ModelIdNum": 3004,
                    "ObjectType": 13,
                    "XPos": 7,
                    "YPos": -63,
                    "ZPos": 192,
                    "ZScale": 1.0389,
                    "XRotation": 0,
                    "YRotation": -511,
                    "ZRotation": 0
                },
                {
                    "ModelId": "3004",
                    "ModelIdNum": 3004,
                    "ObjectType": 13,
                    "XPos": 186,
                    "YPos": -63,
                    "ZPos": -255,
                    "ZScale": 1.106636,
                    "XRotation": 0,
                    "YRotation": 0,
                    "ZRotation": 0
                },
                {
                    "ModelId": "3004",
                    "ModelIdNum": 3004,
                    "ObjectType": 13,
                    "XPos": -58,
                    "YPos": -63,
                    "ZPos": -253,
                    "ZScale": 1.06508,
                    "XRotation": 0,
                    "YRotation": -1024,
                    "ZRotation": 0
                },
                {
                    "ModelId": "4000",
                    "ModelIdNum": 4000,
                    "ObjectType": 13,
                    "XPos": -68,
                    "YPos": -63,
                    "ZPos": 189,
                    "XRotation": 0,
                    "YRotation": -512,
                    "ZRotation": 0
                },
                {
                    "ModelId": "3000",
                    "ModelIdNum": 3000,
                    "ObjectType": 13,
                    "XPos": -59,
                    "YPos": -63,
                    "ZPos": 257,
                    "ZScale": 0.98619,
                    "XRotation": 0,
                    "YRotation": -1024,
                    "ZRotation": 0
                },
                {
                    "ModelId": "4002",
                    "ModelIdNum": 4002,
                    "ObjectType": 13,
                    "XPos": 10,
                    "YPos": 1,
                    "ZPos": 261,
                    "XRotation": 0,
                    "YRotation": -1536,
                    "ZRotation": 0
                },
                {
                    "ModelId": "41018",
                    "ModelIdNum": 41018,
                    "ObjectType": 0,
                    "XPos": 2,
                    "YPos": -38,
                    "ZPos": 202,
                    "XRotation": 0,
                    "YRotation": 0,
                    "ZRotation": 0
                },
                {
                    "ModelId": "41032",
                    "ModelIdNum": 41032,
                    "ObjectType": 0,
                    "XPos": 176,
                    "YPos": -36,
                    "ZPos": 274,
                    "XRotation": 0,
                    "YRotation": -1536,
                    "ZRotation": 0
                },
                {
                    "ModelId": "41024",
                    "ModelIdNum": 41024,
                    "ObjectType": 0,
                    "XPos": 176,
                    "YPos": -32,
                    "ZPos": 240,
                    "XRotation": 0,
                    "YRotation": -1536,
                    "ZRotation": 0
                },
                {
                    "ModelId": "201",
                    "ModelIdNum": 201,
                    "ObjectType": 0,
                    "XPos": 0,
                    "YPos": 0,
                    "ZPos": -2,
                    "XRotation": 0,
                    "YRotation": 0,
                    "ZRotation": 0
                },
                {
                    "ModelId": "69466",
                    "ModelIdNum": 69466,
                    "ObjectType": 0,
                    "XPos": 16,
                    "YPos": -26,
                    "ZPos": 114,
                    "XRotation": -482,
                    "YRotation": -974,
                    "ZRotation": -1024
                },
                {
                    "ModelId": "69464",
                    "ModelIdNum": 69464,
                    "ObjectType": 0,
                    "XPos": 34,
                    "YPos": -70,
                    "ZPos": -56,
                    "XRotation": 0,
                    "YRotation": 0,
                    "ZRotation": 0
                },
                {
                    "ModelId": "41113",
                    "ModelIdNum": 41113,
                    "ObjectType": 0,
                    "XPos": 28,
                    "YPos": -11,
                    "ZPos": 138,
                    "XRotation": 0,
                    "YRotation": -440,
                    "ZRotation": 0
                },
                {
                    "ModelId": "45081",
                    "ModelIdNum": 45081,
                    "ObjectType": 0,
                    "XPos": 155,
                    "YPos": -54,
                    "ZPos": -279,
                    "XScale": 0.4999999,
                    "YScale": 0.7999998,
                    "XRotation": 0,
                    "YRotation": -512,
                    "ZRotation": -512
                },
                {
                    "ModelId": "41117",
                    "ModelIdNum": 41117,
                    "ObjectType": 3,
                    "XPos": 167,
                    "YPos": 6,
                    "ZPos": -246,
                    "ZScale": 0.8323699,
                    "XRotation": 0,
                    "YRotation": -1536,
                    "ZRotation": 0
                },
                {
                    "ModelId": "45076",
                    "ModelIdNum": 45076,
                    "ObjectType": 0,
                    "XPos": 170,
                    "YPos": -52,
                    "ZPos": -246,
                    "XScale": 1.01225,
                    "ZScale": 0.49562,
                    "XRotation": 0,
                    "YRotation": -512,
                    "ZRotation": 0
                },
                {
                    "ModelId": "45081",
                    "ModelIdNum": 45081,
                    "ObjectType": 0,
                    "XPos": 153,
                    "YPos": -60,
                    "ZPos": -290,
                    "YScale": 1.03,
                    "XRotation": 0,
                    "YRotation": -512,
                    "ZRotation": -512
                },
                {
                    "ModelId": "45129",
                    "ModelIdNum": 45129,
                    "ObjectType": 0,
                    "XPos": 162,
                    "YPos": -1,
                    "ZPos": -318,
                    "XScale": 1.2,
                    "YScale": 1.64538,
                    "ZScale": 5.438458,
                    "XRotation": 0,
                    "YRotation": -512,
                    "ZRotation": -511
                },
                {
                    "ModelId": "69465",
                    "ModelIdNum": 69465,
                    "ObjectType": 0,
                    "XPos": 170,
                    "YPos": 14,
                    "ZPos": -246,
                    "XScale": 0.46603,
                    "YScale": 0.73705,
                    "ZScale": 0.8998,
                    "XRotation": 0,
                    "YRotation": 0,
                    "ZRotation": 0
                },
                {
                    "ModelId": "41113",
                    "ModelIdNum": 41113,
                    "ObjectType": 0,
                    "XPos": -14,
                    "YPos": -14,
                    "ZPos": -276,
                    "XScale": 1.3,
                    "YScale": 1.3,
                    "ZScale": 1.3,
                    "XRotation": 0,
                    "YRotation": 0,
                    "ZRotation": 0
                },
                {
                    "ModelId": "45136",
                    "ModelIdNum": 45136,
                    "ObjectType": 0,
                    "XPos": 44,
                    "YPos": -86,
                    "ZPos": -70,
                    "XRotation": 0,
                    "YRotation": 0,
                    "ZRotation": 0
                }
            ],
            "BlockFlatObjectRecords": [
                {
                    "Position": 0,
                    "XPos": 60,
                    "YPos": -80,
                    "ZPos": -188,
                    "TextureArchive": 210,
                    "TextureRecord": 13,
                    "FactionID": 30736,
                    "Flags": 17
                },
                {
                    "Position": 0,
                    "XPos": 126,
                    "YPos": -80,
                    "ZPos": 4,
                    "TextureArchive": 210,
                    "TextureRecord": 13,
                    "FactionID": 20496,
                    "Flags": 17
                },
                {
                    "Position": 0,
                    "XPos": -128,
                    "YPos": -80,
                    "ZPos": 208,
                    "TextureArchive": 210,
                    "TextureRecord": 13,
                    "FactionID": 26640,
                    "Flags": 17
                },
                {
                    "Position": 0,
                    "XPos": 162,
                    "YPos": 0,
                    "ZPos": 56,
                    "TextureArchive": 199,
                    "TextureRecord": 20,
                    "FactionID": 0,
                    "Flags": 17
                },
                {
                    "Position": 0,
                    "XPos": -26,
                    "YPos": 0,
                    "ZPos": 286,
                    "TextureArchive": 199,
                    "TextureRecord": 20,
                    "FactionID": 0,
                    "Flags": 17
                },
                {
                    "Position": 0,
                    "XPos": 158,
                    "YPos": 0,
                    "ZPos": -152,
                    "TextureArchive": 199,
                    "TextureRecord": 20,
                    "FactionID": 0,
                    "Flags": 17
                },
                {
                    "Position": 0,
                    "XPos": -24,
                    "YPos": 0,
                    "ZPos": -96,
                    "TextureArchive": 199,
                    "TextureRecord": 20,
                    "FactionID": 0,
                    "Flags": 17
                },
                {
                    "Position": 0,
                    "XPos": 0,
                    "YPos": 0,
                    "ZPos": 0,
                    "TextureArchive": 199,
                    "TextureRecord": 8,
                    "FactionID": 0,
                    "Flags": 0
                },
                {
                    "Position": 0,
                    "XPos": -108,
                    "YPos": 0,
                    "ZPos": 186,
                    "TextureArchive": 199,
                    "TextureRecord": 18,
                    "FactionID": 0,
                    "Flags": 0
                },
                {
                    "Position": 0,
                    "XPos": -104,
                    "YPos": 1,
                    "ZPos": 102,
                    "TextureArchive": 10022,
                    "TextureRecord": 4,
                    "FactionID": 0,
                    "Flags": 0
                },
                {
                    "Position": 0,
                    "XPos": -134,
                    "YPos": 0,
                    "ZPos": 123,
                    "TextureArchive": 198,
                    "TextureRecord": 2,
                    "FactionID": 0,
                    "Flags": 0
                },
                {
                    "Position": 0,
                    "XPos": -22,
                    "YPos": -1,
                    "ZPos": -28,
                    "TextureArchive": 205,
                    "TextureRecord": 44,
                    "FactionID": 0,
                    "Flags": 0
                },
                {
                    "Position": 0,
                    "XPos": -36,
                    "YPos": 0,
                    "ZPos": 114,
                    "TextureArchive": 10025,
                    "TextureRecord": 0,
                    "FactionID": 0,
                    "Flags": 0
                },
                {
                    "Position": 0,
                    "XPos": 136,
                    "YPos": -1,
                    "ZPos": 136,
                    "TextureArchive": 199,
                    "TextureRecord": 11,
                    "FactionID": 0,
                    "Flags": 0
                },
                {
                    "Position": 0,
                    "XPos": 28,
                    "YPos": -1,
                    "ZPos": -148,
                    "TextureArchive": 199,
                    "TextureRecord": 4,
                    "FactionID": 0,
                    "Flags": 0
                }
            ],
            "BlockSection3Records": [
                {
                    "XPos": 128,
                    "YPos": 0,
                    "ZPos": 0
                },
                {
                    "XPos": 128,
                    "YPos": 0,
                    "ZPos": 128
                },
                {
                    "XPos": 128,
                    "YPos": 0,
                    "ZPos": 256
                },
                {
                    "XPos": 0,
                    "YPos": 0,
                    "ZPos": 256
                },
                {
                    "XPos": 0,
                    "YPos": 0,
                    "ZPos": 128
                },
                {
                    "XPos": 0,
                    "YPos": 0,
                    "ZPos": -128
                },
                {
                    "XPos": 128,
                    "YPos": 0,
                    "ZPos": -128
                },
                {
                    "XPos": 128,
                    "YPos": 0,
                    "ZPos": -256
                },
                {
                    "XPos": -128,
                    "YPos": 0,
                    "ZPos": 256
                },
                {
                    "XPos": -128,
                    "YPos": 0,
                    "ZPos": 128
                }
            ],
            "BlockPeopleRecords": [
                {
                    "Position": 5256,
                    "XPos": 86,
                    "YPos": 1,
                    "ZPos": -246,
                    "TextureArchive": 182,
                    "TextureRecord": 35,
                    "FactionID": 0,
                    "Flags": 1
                }
            ],
            "BlockDoorRecords": [
                {
                    "Position": 0,
                    "XPos": 152,
                    "YPos": -46,
                    "ZPos": -65,
                    "YRotation": -1024,
                    "OpenRotation": 90,
                    "DoorModelIndex": 0
                },
                {
                    "Position": 1,
                    "XPos": -57,
                    "YPos": -46,
                    "ZPos": 280,
                    "YRotation": -512,
                    "OpenRotation": 90,
                    "DoorModelIndex": 0
                }
            ]
        }
    },
    "AutoMapData": null
}